{
  "label": "expB_n20_g3_s123",
  "phase": 1,
  "exp": "B",
  "method": "PAID-FD",
  "seed": 123,
  "desc": "PAID-FD N=20 \u03b3=3",
  "dataset": "cifar100",
  "summary": {
    "label": "expB_n20_g3_s123",
    "exp": "B",
    "method": "PAID-FD",
    "seed": 123,
    "desc": "PAID-FD N=20 \u03b3=3",
    "final_acc": 0.6185,
    "best_acc": 0.6203,
    "avg_participation": 0.9000000000000005,
    "avg_price": 1.7465242732425543,
    "avg_eps_per_round": 2.2061885882836427,
    "cumulative_payment": 4843.120777897813,
    "avg_privacy_spent": 220.6188588283643,
    "max_privacy_spent": 555.8103760945113,
    "time_to_targets": {
      "0.45": 3,
      "0.5": 8,
      "0.55": 14,
      "0.58": 20,
      "0.6": 33
    },
    "elapsed_sec": 6926.118121385574
  },
  "accuracies": [
    0.3823,
    0.4084,
    0.4363,
    0.4579,
    0.4591,
    0.4861,
    0.4756,
    0.4963,
    0.5177,
    0.5114,
    0.5146,
    0.5389,
    0.5392,
    0.5442,
    0.5586,
    0.563,
    0.5563,
    0.5575,
    0.5615,
    0.5709,
    0.582,
    0.5792,
    0.5928,
    0.581,
    0.5917,
    0.5699,
    0.5919,
    0.5942,
    0.5951,
    0.5982,
    0.5922,
    0.586,
    0.5967,
    0.6001,
    0.5962,
    0.6006,
    0.5995,
    0.6037,
    0.5928,
    0.5999,
    0.606,
    0.608,
    0.6026,
    0.6006,
    0.6037,
    0.6037,
    0.603,
    0.6052,
    0.6063,
    0.6043,
    0.6005,
    0.6057,
    0.6066,
    0.6055,
    0.6049,
    0.6095,
    0.6032,
    0.6063,
    0.6118,
    0.6061,
    0.6142,
    0.61,
    0.6179,
    0.603,
    0.6032,
    0.6089,
    0.6104,
    0.6092,
    0.6073,
    0.6074,
    0.6116,
    0.6015,
    0.6076,
    0.6143,
    0.6116,
    0.6068,
    0.6091,
    0.609,
    0.6121,
    0.61,
    0.6105,
    0.6127,
    0.6118,
    0.6152,
    0.616,
    0.6186,
    0.6086,
    0.6203,
    0.6161,
    0.6102,
    0.6086,
    0.6184,
    0.6137,
    0.6162,
    0.6129,
    0.6191,
    0.6157,
    0.6184,
    0.6192,
    0.6185
  ],
  "participation_rates": [
    0.9,
    0.9,
    0.9,
    0.9,
    0.9,
    0.9,
    0.9,
    0.9,
    0.9,
    0.9,
    0.9,
    0.9,
    0.9,
    0.9,
    0.9,
    0.9,
    0.9,
    0.9,
    0.9,
    0.9,
    0.9,
    0.9,
    0.9,
    0.9,
    0.9,
    0.9,
    0.9,
    0.9,
    0.9,
    0.9,
    0.9,
    0.9,
    0.9,
    0.9,
    0.9,
    0.9,
    0.9,
    0.9,
    0.9,
    0.9,
    0.9,
    0.9,
    0.9,
    0.9,
    0.9,
    0.9,
    0.9,
    0.9,
    0.9,
    0.9,
    0.9,
    0.9,
    0.9,
    0.9,
    0.9,
    0.9,
    0.9,
    0.9,
    0.9,
    0.9,
    0.9,
    0.9,
    0.9,
    0.9,
    0.9,
    0.9,
    0.9,
    0.9,
    0.9,
    0.9,
    0.9,
    0.9,
    0.9,
    0.9,
    0.9,
    0.9,
    0.9,
    0.9,
    0.9,
    0.9,
    0.9,
    0.9,
    0.9,
    0.9,
    0.9,
    0.9,
    0.9,
    0.9,
    0.9,
    0.9,
    0.9,
    0.9,
    0.9,
    0.9,
    0.9,
    0.9,
    0.9,
    0.9,
    0.9,
    0.9
  ],
  "prices": [
    1.7465242732425543,
    1.7465242732425543,
    1.7465242732425543,
    1.7465242732425543,
    1.7465242732425543,
    1.7465242732425543,
    1.7465242732425543,
    1.7465242732425543,
    1.7465242732425543,
    1.7465242732425543,
    1.7465242732425543,
    1.7465242732425543,
    1.7465242732425543,
    1.7465242732425543,
    1.7465242732425543,
    1.7465242732425543,
    1.7465242732425543,
    1.7465242732425543,
    1.7465242732425543,
    1.7465242732425543,
    1.7465242732425543,
    1.7465242732425543,
    1.7465242732425543,
    1.7465242732425543,
    1.7465242732425543,
    1.7465242732425543,
    1.7465242732425543,
    1.7465242732425543,
    1.7465242732425543,
    1.7465242732425543,
    1.7465242732425543,
    1.7465242732425543,
    1.7465242732425543,
    1.7465242732425543,
    1.7465242732425543,
    1.7465242732425543,
    1.7465242732425543,
    1.7465242732425543,
    1.7465242732425543,
    1.7465242732425543,
    1.7465242732425543,
    1.7465242732425543,
    1.7465242732425543,
    1.7465242732425543,
    1.7465242732425543,
    1.7465242732425543,
    1.7465242732425543,
    1.7465242732425543,
    1.7465242732425543,
    1.7465242732425543,
    1.7465242732425543,
    1.7465242732425543,
    1.7465242732425543,
    1.7465242732425543,
    1.7465242732425543,
    1.7465242732425543,
    1.7465242732425543,
    1.7465242732425543,
    1.7465242732425543,
    1.7465242732425543,
    1.7465242732425543,
    1.7465242732425543,
    1.7465242732425543,
    1.7465242732425543,
    1.7465242732425543,
    1.7465242732425543,
    1.7465242732425543,
    1.7465242732425543,
    1.7465242732425543,
    1.7465242732425543,
    1.7465242732425543,
    1.7465242732425543,
    1.7465242732425543,
    1.7465242732425543,
    1.7465242732425543,
    1.7465242732425543,
    1.7465242732425543,
    1.7465242732425543,
    1.7465242732425543,
    1.7465242732425543,
    1.7465242732425543,
    1.7465242732425543,
    1.7465242732425543,
    1.7465242732425543,
    1.7465242732425543,
    1.7465242732425543,
    1.7465242732425543,
    1.7465242732425543,
    1.7465242732425543,
    1.7465242732425543,
    1.7465242732425543,
    1.7465242732425543,
    1.7465242732425543,
    1.7465242732425543,
    1.7465242732425543,
    1.7465242732425543,
    1.7465242732425543,
    1.7465242732425543,
    1.7465242732425543,
    1.7465242732425543
  ],
  "avg_eps": [
    2.2061885882836427,
    2.2061885882836427,
    2.2061885882836427,
    2.2061885882836427,
    2.2061885882836427,
    2.2061885882836427,
    2.2061885882836427,
    2.2061885882836427,
    2.2061885882836427,
    2.2061885882836427,
    2.2061885882836427,
    2.2061885882836427,
    2.2061885882836427,
    2.2061885882836427,
    2.2061885882836427,
    2.2061885882836427,
    2.2061885882836427,
    2.2061885882836427,
    2.2061885882836427,
    2.2061885882836427,
    2.2061885882836427,
    2.2061885882836427,
    2.2061885882836427,
    2.2061885882836427,
    2.2061885882836427,
    2.2061885882836427,
    2.2061885882836427,
    2.2061885882836427,
    2.2061885882836427,
    2.2061885882836427,
    2.2061885882836427,
    2.2061885882836427,
    2.2061885882836427,
    2.2061885882836427,
    2.2061885882836427,
    2.2061885882836427,
    2.2061885882836427,
    2.2061885882836427,
    2.2061885882836427,
    2.2061885882836427,
    2.2061885882836427,
    2.2061885882836427,
    2.2061885882836427,
    2.2061885882836427,
    2.2061885882836427,
    2.2061885882836427,
    2.2061885882836427,
    2.2061885882836427,
    2.2061885882836427,
    2.2061885882836427,
    2.2061885882836427,
    2.2061885882836427,
    2.2061885882836427,
    2.2061885882836427,
    2.2061885882836427,
    2.2061885882836427,
    2.2061885882836427,
    2.2061885882836427,
    2.2061885882836427,
    2.2061885882836427,
    2.2061885882836427,
    2.2061885882836427,
    2.2061885882836427,
    2.2061885882836427,
    2.2061885882836427,
    2.2061885882836427,
    2.2061885882836427,
    2.2061885882836427,
    2.2061885882836427,
    2.2061885882836427,
    2.2061885882836427,
    2.2061885882836427,
    2.2061885882836427,
    2.2061885882836427,
    2.2061885882836427,
    2.2061885882836427,
    2.2061885882836427,
    2.2061885882836427,
    2.2061885882836427,
    2.2061885882836427,
    2.2061885882836427,
    2.2061885882836427,
    2.2061885882836427,
    2.2061885882836427,
    2.2061885882836427,
    2.2061885882836427,
    2.2061885882836427,
    2.2061885882836427,
    2.2061885882836427,
    2.2061885882836427,
    2.2061885882836427,
    2.2061885882836427,
    2.2061885882836427,
    2.2061885882836427,
    2.2061885882836427,
    2.2061885882836427,
    2.2061885882836427,
    2.2061885882836427,
    2.2061885882836427,
    2.2061885882836427
  ],
  "config": {
    "n_devices": 20,
    "gamma": 3,
    "alpha": 0.5,
    "local_epochs": 5,
    "local_lr": 0.01,
    "local_momentum": 0.9,
    "distill_epochs": 1,
    "distill_lr": 0.001,
    "temperature": 3.0,
    "public_samples": 20000,