{
  "label": "expB_n20_g3_s42",
  "phase": 1,
  "exp": "B",
  "method": "PAID-FD",
  "seed": 42,
  "desc": "PAID-FD N=20 \u03b3=3",
  "dataset": "cifar100",
  "summary": {
    "label": "expB_n20_g3_s42",
    "exp": "B",
    "method": "PAID-FD",
    "seed": 42,
    "desc": "PAID-FD N=20 \u03b3=3",
    "final_acc": 0.6039,
    "best_acc": 0.6112,
    "avg_participation": 0.8499999999999995,
    "avg_price": 1.6594941684408446,
    "avg_eps_per_round": 2.2249159577516915,
    "cumulative_payment": 4405.708884679793,
    "avg_privacy_spent": 222.49159577516903,
    "max_privacy_spent": 564.9365437986252,
    "time_to_targets": {
      "0.45": 5,
      "0.5": 9,
      "0.55": 14,
      "0.58": 25,
      "0.6": 53
    },
    "elapsed_sec": 6602.733968734741
  },
  "accuracies": [
    0.3845,
    0.4133,
    0.4325,
    0.4464,
    0.4213,
    0.4708,
    0.4955,
    0.4929,
    0.4927,
    0.5097,
    0.5278,
    0.5301,
    0.5405,
    0.5306,
    0.5531,
    0.523,
    0.5559,
    0.5482,
    0.5655,
    0.5619,
    0.5792,
    0.5711,
    0.5731,
    0.5756,
    0.5697,
    0.5836,
    0.5908,
    0.5817,
    0.5823,
    0.5802,
    0.5935,
    0.5917,
    0.591,
    0.5914,
    0.58,
    0.5876,
    0.5894,
    0.5838,
    0.5952,
    0.5838,
    0.5919,
    0.5848,
    0.5884,
    0.5917,
    0.5911,
    0.5865,
    0.5935,
    0.5886,
    0.5882,
    0.5939,
    0.5963,
    0.5988,
    0.5967,
    0.6014,
    0.5923,
    0.5959,
    0.5973,
    0.6001,
    0.5937,
    0.6021,
    0.5959,
    0.5984,
    0.5999,
    0.6037,
    0.6024,
    0.6034,
    0.5991,
    0.5995,
    0.6069,
    0.6039,
    0.6024,
    0.6055,
    0.5969,
    0.5968,
    0.5986,
    0.6019,
    0.6027,
    0.6003,
    0.5995,
    0.6052,
    0.6023,
    0.6027,
    0.6069,
    0.6082,
    0.6003,
    0.6069,
    0.6061,
    0.6078,
    0.6068,
    0.6097,
    0.6086,
    0.6112,
    0.6061,
    0.6055,
    0.6066,
    0.6035,
    0.6061,
    0.6028,
    0.6034,
    0.6039
  ],
  "participation_rates": [
    0.85,
    0.85,
    0.85,
    0.85,
    0.85,
    0.85,
    0.85,
    0.85,
    0.85,
    0.85,
    0.85,
    0.85,
    0.85,
    0.85,
    0.85,
    0.85,
    0.85,
    0.85,
    0.85,
    0.85,
    0.85,
    0.85,
    0.85,
    0.85,
    0.85,
    0.85,
    0.85,
    0.85,
    0.85,
    0.85,
    0.85,
    0.85,
    0.85,
    0.85,
    0.85,
    0.85,
    0.85,
    0.85,
    0.85,
    0.85,
    0.85,
    0.85,
    0.85,
    0.85,
    0.85,
    0.85,
    0.85,
    0.85,
    0.85,
    0.85,
    0.85,
    0.85,
    0.85,
    0.85,
    0.85,
    0.85,
    0.85,
    0.85,
    0.85,
    0.85,
    0.85,
    0.85,
    0.85,
    0.85,
    0.85,
    0.85,
    0.85,
    0.85,
    0.85,
    0.85,
    0.85,
    0.85,
    0.85,
    0.85,
    0.85,
    0.85,
    0.85,
    0.85,
    0.85,
    0.85,
    0.85,
    0.85,
    0.85,
    0.85,
    0.85,
    0.85,
    0.85,
    0.85,
    0.85,
    0.85,
    0.85,
    0.85,
    0.85,
    0.85,
    0.85,
    0.85,
    0.85,
    0.85,
    0.85,
    0.85
  ],
  "prices": [
    1.659494168440844,
    1.659494168440844,
    1.659494168440844,
    1.659494168440844,
    1.659494168440844,
    1.659494168440844,
    1.659494168440844,
    1.659494168440844,
    1.659494168440844,
    1.659494168440844,
    1.659494168440844,
    1.659494168440844,
    1.659494168440844,
    1.659494168440844,
    1.659494168440844,
    1.659494168440844,
    1.659494168440844,
    1.659494168440844,
    1.659494168440844,
    1.659494168440844,
    1.659494168440844,
    1.659494168440844,
    1.659494168440844,
    1.659494168440844,
    1.659494168440844,
    1.659494168440844,
    1.659494168440844,
    1.659494168440844,
    1.659494168440844,
    1.659494168440844,
    1.659494168440844,
    1.659494168440844,
    1.659494168440844,
    1.659494168440844,
    1.659494168440844,
    1.659494168440844,
    1.659494168440844,
    1.659494168440844,
    1.659494168440844,
    1.659494168440844,
    1.659494168440844,
    1.659494168440844,
    1.659494168440844,
    1.659494168440844,
    1.659494168440844,
    1.659494168440844,
    1.659494168440844,
    1.659494168440844,
    1.659494168440844,
    1.659494168440844,
    1.659494168440844,
    1.659494168440844,
    1.659494168440844,
    1.659494168440844,
    1.659494168440844,
    1.659494168440844,
    1.659494168440844,
    1.659494168440844,
    1.659494168440844,
    1.659494168440844,
    1.659494168440844,
    1.659494168440844,
    1.659494168440844,
    1.659494168440844,
    1.659494168440844,
    1.659494168440844,
    1.659494168440844,
    1.659494168440844,
    1.659494168440844,
    1.659494168440844,
    1.659494168440844,
    1.659494168440844,
    1.659494168440844,
    1.659494168440844,
    1.659494168440844,
    1.659494168440844,
    1.659494168440844,
    1.659494168440844,
    1.659494168440844,
    1.659494168440844,
    1.659494168440844,
    1.659494168440844,
    1.659494168440844,
    1.659494168440844,
    1.659494168440844,
    1.659494168440844,
    1.659494168440844,
    1.659494168440844,
    1.659494168440844,
    1.659494168440844,
    1.659494168440844,
    1.659494168440844,
    1.659494168440844,
    1.659494168440844,
    1.659494168440844,
    1.659494168440844,
    1.659494168440844,
    1.659494168440844,
    1.659494168440844,
    1.659494168440844
  ],
  "avg_eps": [
    2.2249159577516915,
    2.2249159577516915,
    2.2249159577516915,
    2.2249159577516915,
    2.2249159577516915,
    2.2249159577516915,
    2.2249159577516915,
    2.2249159577516915,
    2.2249159577516915,
    2.2249159577516915,
    2.2249159577516915,
    2.2249159577516915,
    2.2249159577516915,
    2.2249159577516915,
    2.2249159577516915,
    2.2249159577516915,
    2.2249159577516915,
    2.2249159577516915,
    2.2249159577516915,
    2.2249159577516915,
    2.2249159577516915,
    2.2249159577516915,
    2.2249159577516915,
    2.2249159577516915,
    2.2249159577516915,
    2.2249159577516915,
    2.2249159577516915,
    2.2249159577516915,
    2.2249159577516915,
    2.2249159577516915,
    2.2249159577516915,
    2.2249159577516915,
    2.2249159577516915,
    2.2249159577516915,
    2.2249159577516915,
    2.2249159577516915,
    2.2249159577516915,
    2.2249159577516915,
    2.2249159577516915,
    2.2249159577516915,
    2.2249159577516915,
    2.2249159577516915,
    2.2249159577516915,
    2.2249159577516915,
    2.2249159577516915,
    2.2249159577516915,
    2.2249159577516915,
    2.2249159577516915,
    2.2249159577516915,
    2.2249159577516915,
    2.2249159577516915,
    2.2249159577516915,
    2.2249159577516915,
    2.2249159577516915,
    2.2249159577516915,
    2.2249159577516915,
    2.2249159577516915,
    2.2249159577516915,
    2.2249159577516915,
    2.2249159577516915,
    2.2249159577516915,
    2.2249159577516915,
    2.2249159577516915,
    2.2249159577516915,
    2.2249159577516915,
    2.2249159577516915,
    2.2249159577516915,
    2.2249159577516915,
    2.2249159577516915,
    2.2249159577516915,
    2.2249159577516915,
    2.2249159577516915,
    2.2249159577516915,
    2.2249159577516915,
    2.2249159577516915,
    2.2249159577516915,
    2.2249159577516915,
    2.2249159577516915,
    2.2249159577516915,
    2.2249159577516915,
    2.2249159577516915,
    2.2249159577516915,
    2.2249159577516915,
    2.2249159577516915,
    2.2249159577516915,
    2.2249159577516915,
    2.2249159577516915,
    2.2249159577516915,
    2.2249159577516915,
    2.2249159577516915,
    2.2249159577516915,
    2.2249159577516915,
    2.2249159577516915,
    2.2249159577516915,
    2.2249159577516915,
    2.2249159577516915,
    2.2249159577516915,
    2.2249159577516915,
    2.2249159577516915,
    2.2249159577516915
  ],
  "config": {
    "n_devices": 20,
    "gamma": 3,
    "alpha": 0.5,
    "local_epochs": 5,
    "local_lr": 0.01,
    "local_momentum": 0.9,
    "distill_epochs": 1,
    "distill_lr": 0.001,
    "temperature": 3.0,
    "public_samples": 20000,