{
  "label": "expB_n80_g10_s42",
  "phase": 1,
  "exp": "B",
  "method": "PAID-FD",
  "seed": 42,
  "desc": "PAID-FD N=80 \u03b3=10",
  "dataset": "cifar100",
  "summary": {
    "label": "expB_n80_g10_s42",
    "exp": "B",
    "method": "PAID-FD",
    "seed": 42,
    "desc": "PAID-FD N=80 \u03b3=10",
    "final_acc": 0.6037,
    "best_acc": 0.6126,
    "avg_participation": 1.0,
    "avg_price": 3.406118821480295,
    "avg_eps_per_round": 3.217638596752081,
    "cumulative_payment": 63911.4263177733,
    "avg_privacy_spent": 321.7638596752082,
    "max_privacy_spent": 891.1294834565947,
    "time_to_targets": {
      "0.45": 3,
      "0.5": 9,
      "0.55": 15,
      "0.58": 25,
      "0.6": 54
    },
    "elapsed_sec": 14540.353963851929
  },
  "accuracies": [
    0.374,
    0.3688,
    0.4101,
    0.4515,
    0.4594,
    0.4687,
    0.4573,
    0.4933,
    0.4939,
    0.5051,
    0.5145,
    0.5158,
    0.5314,
    0.5312,
    0.5345,
    0.555,
    0.5568,
    0.5543,
    0.5524,
    0.5577,
    0.5669,
    0.5709,
    0.566,
    0.5775,
    0.5688,
    0.5839,
    0.5688,
    0.5883,
    0.5813,
    0.5834,
    0.5819,
    0.5811,
    0.5882,
    0.5887,
    0.5909,
    0.5882,
    0.5906,
    0.5826,
    0.5943,
    0.5904,
    0.5937,
    0.5927,
    0.5861,
    0.5921,
    0.5973,
    0.5983,
    0.5976,
    0.5927,
    0.5947,
    0.5921,
    0.5926,
    0.5993,
    0.5951,
    0.5953,
    0.6023,
    0.5922,
    0.5984,
    0.5981,
    0.5942,
    0.6001,
    0.6044,
    0.6042,
    0.6016,
    0.5973,
    0.6029,
    0.602,
    0.6042,
    0.6004,
    0.6018,
    0.6001,
    0.599,
    0.6037,
    0.6048,
    0.6034,
    0.5985,
    0.6026,
    0.6,
    0.6063,
    0.6062,
    0.6082,
    0.6036,
    0.6082,
    0.6034,
    0.5988,
    0.6032,
    0.603,
    0.6003,
    0.6005,
    0.6004,
    0.6046,
    0.6126,
    0.6095,
    0.6066,
    0.5974,
    0.6061,
    0.6057,
    0.6006,
    0.6079,
    0.608,
    0.6037
  ],
  "participation_rates": [
    1.0,
    1.0,
    1.0,
    1.0,
    1.0,
    1.0,
    1.0,
    1.0,
    1.0,
    1.0,
    1.0,
    1.0,
    1.0,
    1.0,
    1.0,
    1.0,
    1.0,
    1.0,
    1.0,
    1.0,
    1.0,
    1.0,
    1.0,
    1.0,
    1.0,
    1.0,
    1.0,
    1.0,
    1.0,
    1.0,
    1.0,
    1.0,
    1.0,
    1.0,
    1.0,
    1.0,
    1.0,
    1.0,
    1.0,
    1.0,
    1.0,
    1.0,
    1.0,
    1.0,
    1.0,
    1.0,
    1.0,
    1.0,
    1.0,
    1.0,
    1.0,
    1.0,
    1.0,
    1.0,
    1.0,
    1.0,
    1.0,
    1.0,
    1.0,
    1.0,
    1.0,
    1.0,
    1.0,
    1.0,
    1.0,
    1.0,
    1.0,
    1.0,
    1.0,
    1.0,
    1.0,
    1.0,
    1.0,
    1.0,
    1.0,
    1.0,
    1.0,
    1.0,
    1.0,
    1.0,
    1.0,
    1.0,
    1.0,
    1.0,
    1.0,
    1.0,
    1.0,
    1.0,
    1.0,
    1.0,
    1.0,
    1.0,
    1.0,
    1.0,
    1.0,
    1.0,
    1.0,
    1.0,
    1.0,
    1.0
  ],
  "prices": [
    3.4061188214802955,
    3.4061188214802955,
    3.4061188214802955,
    3.4061188214802955,
    3.4061188214802955,
    3.4061188214802955,
    3.4061188214802955,
    3.4061188214802955,
    3.4061188214802955,
    3.4061188214802955,
    3.4061188214802955,
    3.4061188214802955,
    3.4061188214802955,
    3.4061188214802955,
    3.4061188214802955,
    3.4061188214802955,
    3.4061188214802955,
    3.4061188214802955,
    3.4061188214802955,
    3.4061188214802955,
    3.4061188214802955,
    3.4061188214802955,
    3.4061188214802955,
    3.4061188214802955,
    3.4061188214802955,
    3.4061188214802955,
    3.4061188214802955,
    3.4061188214802955,
    3.4061188214802955,
    3.4061188214802955,
    3.4061188214802955,
    3.4061188214802955,
    3.4061188214802955,
    3.4061188214802955,
    3.4061188214802955,
    3.4061188214802955,
    3.4061188214802955,
    3.4061188214802955,
    3.4061188214802955,
    3.4061188214802955,
    3.4061188214802955,
    3.4061188214802955,
    3.4061188214802955,
    3.4061188214802955,
    3.4061188214802955,
    3.4061188214802955,
    3.4061188214802955,
    3.4061188214802955,
    3.4061188214802955,
    3.4061188214802955,
    3.4061188214802955,
    3.4061188214802955,
    3.4061188214802955,
    3.4061188214802955,
    3.4061188214802955,
    3.4061188214802955,
    3.4061188214802955,
    3.4061188214802955,
    3.4061188214802955,
    3.4061188214802955,
    3.4061188214802955,
    3.4061188214802955,
    3.4061188214802955,
    3.4061188214802955,
    3.4061188214802955,
    3.4061188214802955,
    3.4061188214802955,
    3.4061188214802955,
    3.4061188214802955,
    3.4061188214802955,
    3.4061188214802955,
    3.4061188214802955,
    3.4061188214802955,
    3.4061188214802955,
    3.4061188214802955,
    3.4061188214802955,
    3.4061188214802955,
    3.4061188214802955,
    3.4061188214802955,
    3.4061188214802955,
    3.4061188214802955,
    3.4061188214802955,
    3.4061188214802955,
    3.4061188214802955,
    3.4061188214802955,
    3.4061188214802955,
    3.4061188214802955,
    3.4061188214802955,
    3.4061188214802955,
    3.4061188214802955,
    3.4061188214802955,
    3.4061188214802955,
    3.4061188214802955,
    3.4061188214802955,
    3.4061188214802955,
    3.4061188214802955,
    3.4061188214802955,
    3.4061188214802955,
    3.4061188214802955,
    3.4061188214802955
  ],
  "avg_eps": [
    3.2176385967520815,
    3.2176385967520815,
    3.2176385967520815,
    3.2176385967520815,
    3.2176385967520815,
    3.2176385967520815,
    3.2176385967520815,
    3.2176385967520815,
    3.2176385967520815,
    3.2176385967520815,
    3.2176385967520815,
    3.2176385967520815,
    3.2176385967520815,
    3.2176385967520815,
    3.2176385967520815,
    3.2176385967520815,
    3.2176385967520815,
    3.2176385967520815,
    3.2176385967520815,
    3.2176385967520815,
    3.2176385967520815,
    3.2176385967520815,
    3.2176385967520815,
    3.2176385967520815,
    3.2176385967520815,
    3.2176385967520815,
    3.2176385967520815,
    3.2176385967520815,
    3.2176385967520815,
    3.2176385967520815,
    3.2176385967520815,
    3.2176385967520815,
    3.2176385967520815,
    3.2176385967520815,
    3.2176385967520815,
    3.2176385967520815,
    3.2176385967520815,
    3.2176385967520815,
    3.2176385967520815,
    3.2176385967520815,
    3.2176385967520815,
    3.2176385967520815,
    3.2176385967520815,
    3.2176385967520815,
    3.2176385967520815,
    3.2176385967520815,
    3.2176385967520815,
    3.2176385967520815,
    3.2176385967520815,
    3.2176385967520815,
    3.2176385967520815,
    3.2176385967520815,
    3.2176385967520815,
    3.2176385967520815,
    3.2176385967520815,
    3.2176385967520815,
    3.2176385967520815,
    3.2176385967520815,
    3.2176385967520815,
    3.2176385967520815,
    3.2176385967520815,
    3.2176385967520815,
    3.2176385967520815,
    3.2176385967520815,
    3.2176385967520815,
    3.2176385967520815,
    3.2176385967520815,
    3.2176385967520815,
    3.2176385967520815,
    3.2176385967520815,
    3.2176385967520815,
    3.2176385967520815,
    3.2176385967520815,
    3.2176385967520815,
    3.2176385967520815,
    3.2176385967520815,
    3.2176385967520815,
    3.2176385967520815,
    3.2176385967520815,
    3.2176385967520815,
    3.2176385967520815,
    3.2176385967520815,
    3.2176385967520815,
    3.2176385967520815,
    3.2176385967520815,
    3.2176385967520815,
    3.2176385967520815,
    3.2176385967520815,
    3.2176385967520815,
    3.2176385967520815,
    3.2176385967520815,
    3.2176385967520815,
    3.2176385967520815,
    3.2176385967520815,
    3.2176385967520815,
    3.2176385967520815,
    3.2176385967520815,
    3.2176385967520815,
    3.2176385967520815,
    3.2176385967520815
  ],
  "config": {
    "n_devices": 80,
    "gamma": 10,
    "alpha": 0.5,
    "local_epochs": 5,
    "local_lr": 0.01,
    "local_momentum": 0.9,
    "distill_epochs": 1,
    "distill_lr": 0.001,
    "temperature": 3.0,
    "public_samples": 20000,