{
  "label": "expB_n20_g10_s42",
  "phase": 1,
  "exp": "B",
  "method": "PAID-FD",
  "seed": 42,
  "desc": "PAID-FD N=20 \u03b3=10",
  "dataset": "cifar100",
  "summary": {
    "label": "expB_n20_g10_s42",
    "exp": "B",
    "method": "PAID-FD",
    "seed": 42,
    "desc": "PAID-FD N=20 \u03b3=10",
    "final_acc": 0.6102,
    "best_acc": 0.6116,
    "avg_participation": 1.0,
    "avg_price": 3.404430605966222,
    "avg_eps_per_round": 3.287930492696276,
    "cumulative_payment": 15977.434754337268,
    "avg_privacy_spent": 328.7930492696276,
    "max_privacy_spent": 889.0154645472761,
    "time_to_targets": {
      "0.45": 3,
      "0.5": 7,
      "0.55": 17,
      "0.58": 22,
      "0.6": 56
    },
    "elapsed_sec": 7715.513811349869
  },
  "accuracies": [
    0.3449,
    0.3934,
    0.4269,
    0.4521,
    0.4607,
    0.4481,
    0.4813,
    0.5037,
    0.4948,
    0.5149,
    0.523,
    0.53,
    0.5277,
    0.5431,
    0.5441,
    0.5414,
    0.5463,
    0.5627,
    0.5637,
    0.5617,
    0.5749,
    0.5793,
    0.5849,
    0.5688,
    0.5697,
    0.5837,
    0.5804,
    0.5777,
    0.5868,
    0.5841,
    0.591,
    0.5864,
    0.581,
    0.5897,
    0.5914,
    0.59,
    0.5935,
    0.5889,
    0.5886,
    0.5895,
    0.5964,
    0.5929,
    0.5956,
    0.5977,
    0.5901,
    0.5955,
    0.5923,
    0.5946,
    0.5939,
    0.5918,
    0.5959,
    0.5999,
    0.5976,
    0.594,
    0.5911,
    0.5992,
    0.6046,
    0.5974,
    0.6006,
    0.6015,
    0.6004,
    0.5999,
    0.6,
    0.6045,
    0.6033,
    0.6063,
    0.6033,
    0.5958,
    0.5976,
    0.5956,
    0.5997,
    0.5983,
    0.6022,
    0.6029,
    0.6012,
    0.5922,
    0.598,
    0.6044,
    0.6084,
    0.6023,
    0.6029,
    0.6053,
    0.6027,
    0.6077,
    0.6109,
    0.5993,
    0.6115,
    0.6057,
    0.6078,
    0.6051,
    0.6041,
    0.6049,
    0.6035,
    0.6103,
    0.6048,
    0.6071,
    0.6116,
    0.6074,
    0.6041,
    0.6102
  ],
  "participation_rates": [
    1.0,
    1.0,
    1.0,
    1.0,
    1.0,
    1.0,
    1.0,
    1.0,
    1.0,
    1.0,
    1.0,
    1.0,
    1.0,
    1.0,
    1.0,
    1.0,
    1.0,
    1.0,
    1.0,
    1.0,
    1.0,
    1.0,
    1.0,
    1.0,
    1.0,
    1.0,
    1.0,
    1.0,
    1.0,
    1.0,
    1.0,
    1.0,
    1.0,
    1.0,
    1.0,
    1.0,
    1.0,
    1.0,
    1.0,
    1.0,
    1.0,
    1.0,
    1.0,
    1.0,
    1.0,
    1.0,
    1.0,
    1.0,
    1.0,
    1.0,
    1.0,
    1.0,
    1.0,
    1.0,
    1.0,
    1.0,
    1.0,
    1.0,
    1.0,
    1.0,
    1.0,
    1.0,
    1.0,
    1.0,
    1.0,
    1.0,
    1.0,
    1.0,
    1.0,
    1.0,
    1.0,
    1.0,
    1.0,
    1.0,
    1.0,
    1.0,
    1.0,
    1.0,
    1.0,
    1.0,
    1.0,
    1.0,
    1.0,
    1.0,
    1.0,
    1.0,
    1.0,
    1.0,
    1.0,
    1.0,
    1.0,
    1.0,
    1.0,
    1.0,
    1.0,
    1.0,
    1.0,
    1.0,
    1.0,
    1.0
  ],
  "prices": [
    3.4044306059662217,
    3.4044306059662217,
    3.4044306059662217,
    3.4044306059662217,
    3.4044306059662217,
    3.4044306059662217,
    3.4044306059662217,
    3.4044306059662217,
    3.4044306059662217,
    3.4044306059662217,
    3.4044306059662217,
    3.4044306059662217,
    3.4044306059662217,
    3.4044306059662217,
    3.4044306059662217,
    3.4044306059662217,
    3.4044306059662217,
    3.4044306059662217,
    3.4044306059662217,
    3.4044306059662217,
    3.4044306059662217,
    3.4044306059662217,
    3.4044306059662217,
    3.4044306059662217,
    3.4044306059662217,
    3.4044306059662217,
    3.4044306059662217,
    3.4044306059662217,
    3.4044306059662217,
    3.4044306059662217,
    3.4044306059662217,
    3.4044306059662217,
    3.4044306059662217,
    3.4044306059662217,
    3.4044306059662217,
    3.4044306059662217,
    3.4044306059662217,
    3.4044306059662217,
    3.4044306059662217,
    3.4044306059662217,
    3.4044306059662217,
    3.4044306059662217,
    3.4044306059662217,
    3.4044306059662217,
    3.4044306059662217,
    3.4044306059662217,
    3.4044306059662217,
    3.4044306059662217,
    3.4044306059662217,
    3.4044306059662217,
    3.4044306059662217,
    3.4044306059662217,
    3.4044306059662217,
    3.4044306059662217,
    3.4044306059662217,
    3.4044306059662217,
    3.4044306059662217,
    3.4044306059662217,
    3.4044306059662217,
    3.4044306059662217,
    3.4044306059662217,
    3.4044306059662217,
    3.4044306059662217,
    3.4044306059662217,
    3.4044306059662217,
    3.4044306059662217,
    3.4044306059662217,
    3.4044306059662217,
    3.4044306059662217,
    3.4044306059662217,
    3.4044306059662217,
    3.4044306059662217,
    3.4044306059662217,
    3.4044306059662217,
    3.4044306059662217,
    3.4044306059662217,
    3.4044306059662217,
    3.4044306059662217,
    3.4044306059662217,
    3.4044306059662217,
    3.4044306059662217,
    3.4044306059662217,
    3.4044306059662217,
    3.4044306059662217,
    3.4044306059662217,
    3.4044306059662217,
    3.4044306059662217,
    3.4044306059662217,
    3.4044306059662217,
    3.4044306059662217,
    3.4044306059662217,
    3.4044306059662217,
    3.4044306059662217,
    3.4044306059662217,
    3.4044306059662217,
    3.4044306059662217,
    3.4044306059662217,
    3.4044306059662217,
    3.4044306059662217,
    3.4044306059662217
  ],
  "avg_eps": [
    3.287930492696277,
    3.287930492696277,
    3.287930492696277,
    3.287930492696277,
    3.287930492696277,
    3.287930492696277,
    3.287930492696277,
    3.287930492696277,
    3.287930492696277,
    3.287930492696277,
    3.287930492696277,
    3.287930492696277,
    3.287930492696277,
    3.287930492696277,
    3.287930492696277,
    3.287930492696277,
    3.287930492696277,
    3.287930492696277,
    3.287930492696277,
    3.287930492696277,
    3.287930492696277,
    3.287930492696277,
    3.287930492696277,
    3.287930492696277,
    3.287930492696277,
    3.287930492696277,
    3.287930492696277,
    3.287930492696277,
    3.287930492696277,
    3.287930492696277,
    3.287930492696277,
    3.287930492696277,
    3.287930492696277,
    3.287930492696277,
    3.287930492696277,
    3.287930492696277,
    3.287930492696277,
    3.287930492696277,
    3.287930492696277,
    3.287930492696277,
    3.287930492696277,
    3.287930492696277,
    3.287930492696277,
    3.287930492696277,
    3.287930492696277,
    3.287930492696277,
    3.287930492696277,
    3.287930492696277,
    3.287930492696277,
    3.287930492696277,
    3.287930492696277,
    3.287930492696277,
    3.287930492696277,
    3.287930492696277,
    3.287930492696277,
    3.287930492696277,
    3.287930492696277,
    3.287930492696277,
    3.287930492696277,
    3.287930492696277,
    3.287930492696277,
    3.287930492696277,
    3.287930492696277,
    3.287930492696277,
    3.287930492696277,
    3.287930492696277,
    3.287930492696277,
    3.287930492696277,
    3.287930492696277,
    3.287930492696277,
    3.287930492696277,
    3.287930492696277,
    3.287930492696277,
    3.287930492696277,
    3.287930492696277,
    3.287930492696277,
    3.287930492696277,
    3.287930492696277,
    3.287930492696277,
    3.287930492696277,
    3.287930492696277,
    3.287930492696277,
    3.287930492696277,
    3.287930492696277,
    3.287930492696277,
    3.287930492696277,
    3.287930492696277,
    3.287930492696277,
    3.287930492696277,
    3.287930492696277,
    3.287930492696277,
    3.287930492696277,
    3.287930492696277,
    3.287930492696277,
    3.287930492696277,
    3.287930492696277,
    3.287930492696277,
    3.287930492696277,
    3.287930492696277,
    3.287930492696277
  ],
  "config": {
    "n_devices": 20,
    "gamma": 10,
    "alpha": 0.5,
    "local_epochs": 5,
    "local_lr": 0.01,
    "local_momentum": 0.9,
    "distill_epochs": 1,
    "distill_lr": 0.001,
    "temperature": 3.0,
    "public_samples": 20000,
    "synthetic": false,
    "heterogeneity": {
      "config_file": "config/devices/heterogeneity.yaml",