{
  "label": "expB_n80_g10_s456",
  "phase": 1,
  "exp": "B",
  "method": "PAID-FD",
  "seed": 456,
  "desc": "PAID-FD N=80 \u03b3=10",
  "dataset": "cifar100",
  "summary": {
    "label": "expB_n80_g10_s456",
    "exp": "B",
    "method": "PAID-FD",
    "seed": 456,
    "desc": "PAID-FD N=80 \u03b3=10",
    "final_acc": 0.6109,
    "best_acc": 0.6137,
    "avg_participation": 1.0,
    "avg_price": 3.4227371929469617,
    "avg_eps_per_round": 3.1733238104161394,
    "cumulative_payment": 63771.30399064195,
    "avg_privacy_spent": 317.3323810416139,
    "max_privacy_spent": 886.2061925488539,
    "time_to_targets": {
      "0.45": 3,
      "0.5": 8,
      "0.55": 15,
      "0.58": 24,
      "0.6": 57
    },
    "elapsed_sec": 14456.315212011337
  },
  "accuracies": [
    0.3934,
    0.4061,
    0.4493,
    0.4503,
    0.4698,
    0.4836,
    0.4752,
    0.4955,
    0.5027,
    0.5074,
    0.5253,
    0.5312,
    0.5313,
    0.5418,
    0.5443,
    0.5551,
    0.5465,
    0.5516,
    0.552,
    0.5529,
    0.5704,
    0.578,
    0.5773,
    0.572,
    0.5816,
    0.5874,
    0.5848,
    0.5766,
    0.5789,
    0.5872,
    0.5821,
    0.586,
    0.5845,
    0.5766,
    0.5898,
    0.5941,
    0.5893,
    0.5829,
    0.5953,
    0.5907,
    0.5828,
    0.5989,
    0.5954,
    0.5933,
    0.5907,
    0.5985,
    0.5909,
    0.5933,
    0.5886,
    0.5898,
    0.5941,
    0.5963,
    0.5976,
    0.5994,
    0.5979,
    0.5935,
    0.5988,
    0.6015,
    0.597,
    0.603,
    0.5939,
    0.6026,
    0.5986,
    0.6046,
    0.6035,
    0.6017,
    0.6002,
    0.5982,
    0.6001,
    0.6075,
    0.6026,
    0.6,
    0.6067,
    0.6015,
    0.6062,
    0.6047,
    0.61,
    0.6055,
    0.6008,
    0.6007,
    0.6028,
    0.6048,
    0.6045,
    0.6095,
    0.6047,
    0.6049,
    0.6023,
    0.6042,
    0.6055,
    0.6087,
    0.6137,
    0.6063,
    0.6084,
    0.6077,
    0.6043,
    0.6086,
    0.6075,
    0.6049,
    0.6049,
    0.6109
  ],
  "participation_rates": [
    1.0,
    1.0,
    1.0,
    1.0,
    1.0,
    1.0,
    1.0,
    1.0,
    1.0,
    1.0,
    1.0,
    1.0,
    1.0,
    1.0,
    1.0,
    1.0,
    1.0,
    1.0,
    1.0,
    1.0,
    1.0,
    1.0,
    1.0,
    1.0,
    1.0,
    1.0,
    1.0,
    1.0,
    1.0,
    1.0,
    1.0,
    1.0,
    1.0,
    1.0,
    1.0,
    1.0,
    1.0,
    1.0,
    1.0,
    1.0,
    1.0,
    1.0,
    1.0,
    1.0,
    1.0,
    1.0,
    1.0,
    1.0,
    1.0,
    1.0,
    1.0,
    1.0,
    1.0,
    1.0,
    1.0,
    1.0,
    1.0,
    1.0,
    1.0,
    1.0,
    1.0,
    1.0,
    1.0,
    1.0,
    1.0,
    1.0,
    1.0,
    1.0,
    1.0,
    1.0,
    1.0,
    1.0,
    1.0,
    1.0,
    1.0,
    1.0,
    1.0,
    1.0,
    1.0,
    1.0,
    1.0,
    1.0,
    1.0,
    1.0,
    1.0,
    1.0,
    1.0,
    1.0,
    1.0,
    1.0,
    1.0,
    1.0,
    1.0,
    1.0,
    1.0,
    1.0,
    1.0,
    1.0,
    1.0,
    1.0
  ],
  "prices": [
    3.422737192946963,
    3.422737192946963,
    3.422737192946963,
    3.422737192946963,
    3.422737192946963,
    3.422737192946963,
    3.422737192946963,
    3.422737192946963,
    3.422737192946963,
    3.422737192946963,
    3.422737192946963,
    3.422737192946963,
    3.422737192946963,
    3.422737192946963,
    3.422737192946963,
    3.422737192946963,
    3.422737192946963,
    3.422737192946963,
    3.422737192946963,
    3.422737192946963,
    3.422737192946963,
    3.422737192946963,
    3.422737192946963,
    3.422737192946963,
    3.422737192946963,
    3.422737192946963,
    3.422737192946963,
    3.422737192946963,
    3.422737192946963,
    3.422737192946963,
    3.422737192946963,
    3.422737192946963,
    3.422737192946963,
    3.422737192946963,
    3.422737192946963,
    3.422737192946963,
    3.422737192946963,
    3.422737192946963,
    3.422737192946963,
    3.422737192946963,
    3.422737192946963,
    3.422737192946963,
    3.422737192946963,
    3.422737192946963,
    3.422737192946963,
    3.422737192946963,
    3.422737192946963,
    3.422737192946963,
    3.422737192946963,
    3.422737192946963,
    3.422737192946963,
    3.422737192946963,
    3.422737192946963,
    3.422737192946963,
    3.422737192946963,
    3.422737192946963,
    3.422737192946963,
    3.422737192946963,
    3.422737192946963,
    3.422737192946963,
    3.422737192946963,
    3.422737192946963,
    3.422737192946963,
    3.422737192946963,
    3.422737192946963,
    3.422737192946963,
    3.422737192946963,
    3.422737192946963,
    3.422737192946963,
    3.422737192946963,
    3.422737192946963,
    3.422737192946963,
    3.422737192946963,
    3.422737192946963,
    3.422737192946963,
    3.422737192946963,
    3.422737192946963,
    3.422737192946963,
    3.422737192946963,
    3.422737192946963,
    3.422737192946963,
    3.422737192946963,
    3.422737192946963,
    3.422737192946963,
    3.422737192946963,
    3.422737192946963,
    3.422737192946963,
    3.422737192946963,
    3.422737192946963,
    3.422737192946963,
    3.422737192946963,
    3.422737192946963,
    3.422737192946963,
    3.422737192946963,
    3.422737192946963,
    3.422737192946963,
    3.422737192946963,
    3.422737192946963,
    3.422737192946963,
    3.422737192946963
  ],
  "avg_eps": [
    3.1733238104161385,
    3.1733238104161385,
    3.1733238104161385,
    3.1733238104161385,
    3.1733238104161385,
    3.1733238104161385,
    3.1733238104161385,
    3.1733238104161385,
    3.1733238104161385,
    3.1733238104161385,
    3.1733238104161385,
    3.1733238104161385,
    3.1733238104161385,
    3.1733238104161385,
    3.1733238104161385,
    3.1733238104161385,
    3.1733238104161385,
    3.1733238104161385,
    3.1733238104161385,
    3.1733238104161385,
    3.1733238104161385,
    3.1733238104161385,
    3.1733238104161385,
    3.1733238104161385,
    3.1733238104161385,
    3.1733238104161385,
    3.1733238104161385,
    3.1733238104161385,
    3.1733238104161385,
    3.1733238104161385,
    3.1733238104161385,
    3.1733238104161385,
    3.1733238104161385,
    3.1733238104161385,
    3.1733238104161385,
    3.1733238104161385,
    3.1733238104161385,
    3.1733238104161385,
    3.1733238104161385,
    3.1733238104161385,
    3.1733238104161385,
    3.1733238104161385,
    3.1733238104161385,
    3.1733238104161385,
    3.1733238104161385,
    3.1733238104161385,
    3.1733238104161385,
    3.1733238104161385,
    3.1733238104161385,
    3.1733238104161385,
    3.1733238104161385,
    3.1733238104161385,
    3.1733238104161385,
    3.1733238104161385,
    3.1733238104161385,
    3.1733238104161385,
    3.1733238104161385,
    3.1733238104161385,
    3.1733238104161385,
    3.1733238104161385,
    3.1733238104161385,
    3.1733238104161385,
    3.1733238104161385,
    3.1733238104161385,
    3.1733238104161385,
    3.1733238104161385,
    3.1733238104161385,
    3.1733238104161385,
    3.1733238104161385,
    3.1733238104161385,
    3.1733238104161385,
    3.1733238104161385,
    3.1733238104161385,
    3.1733238104161385,
    3.1733238104161385,
    3.1733238104161385,
    3.1733238104161385,
    3.1733238104161385,
    3.1733238104161385,
    3.1733238104161385,
    3.1733238104161385,
    3.1733238104161385,
    3.1733238104161385,
    3.1733238104161385,
    3.1733238104161385,
    3.1733238104161385,
    3.1733238104161385,
    3.1733238104161385,
    3.1733238104161385,
    3.1733238104161385,
    3.1733238104161385,
    3.1733238104161385,
    3.1733238104161385,
    3.1733238104161385,
    3.1733238104161385,
    3.1733238104161385,
    3.1733238104161385,
    3.1733238104161385,
    3.1733238104161385,
    3.1733238104161385
  ],
  "config": {
    "n_devices": 80,
    "gamma": 10,
    "alpha": 0.5,
    "local_epochs": 5,
    "local_lr": 0.01,
    "local_momentum": 0.9,
    "distill_epochs": 1,
    "distill_lr": 0.001,
    "temperature": 3.0,
    "public_samples": 20000,
    "synthetic": false,
    "heterogeneity": {
      "config_file": "config/devices/heterogeneity.yaml",