{
  "label": "expB_n20_g3_s456",
  "phase": 1,
  "exp": "B",
  "method": "PAID-FD",
  "seed": 456,
  "desc": "PAID-FD N=20 \u03b3=3",
  "dataset": "cifar100",
  "summary": {
    "label": "expB_n20_g3_s456",
    "exp": "B",
    "method": "PAID-FD",
    "seed": 456,
    "desc": "PAID-FD N=20 \u03b3=3",
    "final_acc": 0.6101,
    "best_acc": 0.6123,
    "avg_participation": 0.75,
    "avg_price": 1.6326717101170152,
    "avg_eps_per_round": 2.4470984798481217,
    "cumulative_payment": 3784.7438881637995,
    "avg_privacy_spent": 244.70984798481234,
    "max_privacy_spent": 542.391730683693,
    "time_to_targets": {
      "0.45": 4,
      "0.5": 8,
      "0.55": 15,
      "0.58": 24,
      "0.6": 44
    },
    "elapsed_sec": 5945.953108072281
  },
  "accuracies": [
    0.3812,
    0.4172,
    0.4355,
    0.4438,
    0.4631,
    0.4808,
    0.4888,
    0.4971,
    0.5121,
    0.5044,
    0.5265,
    0.5202,
    0.5399,
    0.5252,
    0.5432,
    0.5577,
    0.5552,
    0.5627,
    0.5725,
    0.5681,
    0.5736,
    0.5748,
    0.579,
    0.5715,
    0.5828,
    0.5761,
    0.5791,
    0.5871,
    0.5841,
    0.5758,
    0.5923,
    0.579,
    0.5911,
    0.5853,
    0.5939,
    0.5884,
    0.5884,
    0.5953,
    0.5914,
    0.5882,
    0.5984,
    0.59,
    0.5865,
    0.596,
    0.6026,
    0.5954,
    0.5969,
    0.5952,
    0.5836,
    0.5967,
    0.5931,
    0.5914,
    0.6019,
    0.5948,
    0.5995,
    0.6021,
    0.5998,
    0.5998,
    0.6042,
    0.5998,
    0.5994,
    0.6009,
    0.5997,
    0.5958,
    0.6011,
    0.6033,
    0.6023,
    0.6058,
    0.6035,
    0.6029,
    0.6046,
    0.6088,
    0.6091,
    0.6038,
    0.6055,
    0.6057,
    0.6033,
    0.6056,
    0.606,
    0.6097,
    0.6107,
    0.6082,
    0.6097,
    0.6106,
    0.6093,
    0.6092,
    0.6079,
    0.6053,
    0.6024,
    0.6061,
    0.6003,
    0.6123,
    0.6113,
    0.6065,
    0.6064,
    0.6089,
    0.6066,
    0.6122,
    0.6112,
    0.6101
  ],
  "participation_rates": [
    0.75,
    0.75,
    0.75,
    0.75,
    0.75,
    0.75,
    0.75,
    0.75,
    0.75,
    0.75,
    0.75,
    0.75,
    0.75,
    0.75,
    0.75,
    0.75,
    0.75,
    0.75,
    0.75,
    0.75,
    0.75,
    0.75,
    0.75,
    0.75,
    0.75,
    0.75,
    0.75,
    0.75,
    0.75,
    0.75,
    0.75,
    0.75,
    0.75,
    0.75,
    0.75,
    0.75,
    0.75,
    0.75,
    0.75,
    0.75,
    0.75,
    0.75,
    0.75,
    0.75,
    0.75,
    0.75,
    0.75,
    0.75,
    0.75,
    0.75,
    0.75,
    0.75,
    0.75,
    0.75,
    0.75,
    0.75,
    0.75,
    0.75,
    0.75,
    0.75,
    0.75,
    0.75,
    0.75,
    0.75,
    0.75,
    0.75,
    0.75,
    0.75,
    0.75,
    0.75,
    0.75,
    0.75,
    0.75,
    0.75,
    0.75,
    0.75,
    0.75,
    0.75,
    0.75,
    0.75,
    0.75,
    0.75,
    0.75,
    0.75,
    0.75,
    0.75,
    0.75,
    0.75,
    0.75,
    0.75,
    0.75,
    0.75,
    0.75,
    0.75,
    0.75,
    0.75,
    0.75,
    0.75,
    0.75,
    0.75
  ],
  "prices": [
    1.6326717101170147,
    1.6326717101170147,
    1.6326717101170147,
    1.6326717101170147,
    1.6326717101170147,
    1.6326717101170147,
    1.6326717101170147,
    1.6326717101170147,
    1.6326717101170147,
    1.6326717101170147,
    1.6326717101170147,
    1.6326717101170147,
    1.6326717101170147,
    1.6326717101170147,
    1.6326717101170147,
    1.6326717101170147,
    1.6326717101170147,
    1.6326717101170147,
    1.6326717101170147,
    1.6326717101170147,
    1.6326717101170147,
    1.6326717101170147,
    1.6326717101170147,
    1.6326717101170147,
    1.6326717101170147,
    1.6326717101170147,
    1.6326717101170147,
    1.6326717101170147,
    1.6326717101170147,
    1.6326717101170147,
    1.6326717101170147,
    1.6326717101170147,
    1.6326717101170147,
    1.6326717101170147,
    1.6326717101170147,
    1.6326717101170147,
    1.6326717101170147,
    1.6326717101170147,
    1.6326717101170147,
    1.6326717101170147,
    1.6326717101170147,
    1.6326717101170147,
    1.6326717101170147,
    1.6326717101170147,
    1.6326717101170147,
    1.6326717101170147,
    1.6326717101170147,
    1.6326717101170147,
    1.6326717101170147,
    1.6326717101170147,
    1.6326717101170147,
    1.6326717101170147,
    1.6326717101170147,
    1.6326717101170147,
    1.6326717101170147,
    1.6326717101170147,
    1.6326717101170147,
    1.6326717101170147,
    1.6326717101170147,
    1.6326717101170147,
    1.6326717101170147,
    1.6326717101170147,
    1.6326717101170147,
    1.6326717101170147,
    1.6326717101170147,
    1.6326717101170147,
    1.6326717101170147,
    1.6326717101170147,
    1.6326717101170147,
    1.6326717101170147,
    1.6326717101170147,
    1.6326717101170147,
    1.6326717101170147,
    1.6326717101170147,
    1.6326717101170147,
    1.6326717101170147,
    1.6326717101170147,
    1.6326717101170147,
    1.6326717101170147,
    1.6326717101170147,
    1.6326717101170147,
    1.6326717101170147,
    1.6326717101170147,
    1.6326717101170147,
    1.6326717101170147,
    1.6326717101170147,
    1.6326717101170147,
    1.6326717101170147,
    1.6326717101170147,
    1.6326717101170147,
    1.6326717101170147,
    1.6326717101170147,
    1.6326717101170147,
    1.6326717101170147,
    1.6326717101170147,
    1.6326717101170147,
    1.6326717101170147,
    1.6326717101170147,
    1.6326717101170147,
    1.6326717101170147
  ],
  "avg_eps": [
    2.447098479848122,
    2.447098479848122,
    2.447098479848122,
    2.447098479848122,
    2.447098479848122,
    2.447098479848122,
    2.447098479848122,
    2.447098479848122,
    2.447098479848122,
    2.447098479848122,
    2.447098479848122,
    2.447098479848122,
    2.447098479848122,
    2.447098479848122,
    2.447098479848122,
    2.447098479848122,
    2.447098479848122,
    2.447098479848122,
    2.447098479848122,
    2.447098479848122,
    2.447098479848122,
    2.447098479848122,
    2.447098479848122,
    2.447098479848122,
    2.447098479848122,
    2.447098479848122,
    2.447098479848122,
    2.447098479848122,
    2.447098479848122,
    2.447098479848122,
    2.447098479848122,
    2.447098479848122,
    2.447098479848122,
    2.447098479848122,
    2.447098479848122,
    2.447098479848122,
    2.447098479848122,
    2.447098479848122,
    2.447098479848122,
    2.447098479848122,
    2.447098479848122,
    2.447098479848122,
    2.447098479848122,
    2.447098479848122,
    2.447098479848122,
    2.447098479848122,
    2.447098479848122,
    2.447098479848122,
    2.447098479848122,
    2.447098479848122,
    2.447098479848122,
    2.447098479848122,
    2.447098479848122,
    2.447098479848122,
    2.447098479848122,
    2.447098479848122,
    2.447098479848122,
    2.447098479848122,
    2.447098479848122,
    2.447098479848122,
    2.447098479848122,
    2.447098479848122,
    2.447098479848122,
    2.447098479848122,
    2.447098479848122,
    2.447098479848122,
    2.447098479848122,
    2.447098479848122,
    2.447098479848122,
    2.447098479848122,
    2.447098479848122,
    2.447098479848122,
    2.447098479848122,
    2.447098479848122,
    2.447098479848122,
    2.447098479848122,
    2.447098479848122,
    2.447098479848122,
    2.447098479848122,
    2.447098479848122,
    2.447098479848122,
    2.447098479848122,
    2.447098479848122,
    2.447098479848122,
    2.447098479848122,
    2.447098479848122,
    2.447098479848122,
    2.447098479848122,
    2.447098479848122,
    2.447098479848122,
    2.447098479848122,
    2.447098479848122,
    2.447098479848122,
    2.447098479848122,
    2.447098479848122,
    2.447098479848122,
    2.447098479848122,
    2.447098479848122,
    2.447098479848122,
    2.447098479848122
  ],
  "config": {
    "n_devices": 20,
    "gamma": 3,
    "alpha": 0.5,
    "local_epochs": 5,
    "local_lr": 0.01,
    "local_momentum": 0.9,
    "distill_epochs": 1,
    "distill_lr": 0.001,
    "temperature": 3.0,
    "public_samples": 20000,