{
  "label": "expB_n80_g3_s123",
  "phase": 1,
  "exp": "B",
  "method": "PAID-FD",
  "seed": 123,
  "desc": "PAID-FD N=80 \u03b3=3",
  "dataset": "cifar100",
  "summary": {
    "label": "expB_n80_g3_s123",
    "exp": "B",
    "method": "PAID-FD",
    "seed": 123,
    "desc": "PAID-FD N=80 \u03b3=3",
    "final_acc": 0.6126,
    "best_acc": 0.6194,
    "avg_participation": 0.8499999999999995,
    "avg_price": 1.745633735726352,
    "avg_eps_per_round": 2.276881297811785,
    "cumulative_payment": 19403.609777826576,
    "avg_privacy_spent": 227.6881297811784,
    "max_privacy_spent": 577.5347982265391,
    "time_to_targets": {
      "0.45": 5,
      "0.5": 7,
      "0.55": 14,
      "0.58": 24,
      "0.6": 34
    },
    "elapsed_sec": 12458.947681188583
  },
  "accuracies": [
    0.3836,
    0.424,
    0.4396,
    0.4385,
    0.4385,
    0.4671,
    0.4925,
    0.5025,
    0.506,
    0.5148,
    0.5347,
    0.5387,
    0.5387,
    0.5445,
    0.5518,
    0.5511,
    0.5524,
    0.5635,
    0.5727,
    0.5721,
    0.5757,
    0.5679,
    0.5796,
    0.5781,
    0.5933,
    0.5863,
    0.5895,
    0.5823,
    0.5909,
    0.5908,
    0.5922,
    0.5863,
    0.5884,
    0.5962,
    0.6031,
    0.5936,
    0.5882,
    0.5998,
    0.5927,
    0.5948,
    0.6009,
    0.5982,
    0.6022,
    0.6025,
    0.6026,
    0.5961,
    0.6031,
    0.6004,
    0.6029,
    0.6061,
    0.6019,
    0.6094,
    0.607,
    0.6088,
    0.6009,
    0.6063,
    0.6068,
    0.6039,
    0.6082,
    0.6057,
    0.6106,
    0.6034,
    0.6064,
    0.6089,
    0.6117,
    0.6082,
    0.6118,
    0.6087,
    0.6102,
    0.615,
    0.6118,
    0.6118,
    0.608,
    0.607,
    0.613,
    0.6131,
    0.608,
    0.6065,
    0.6077,
    0.6111,
    0.6156,
    0.6119,
    0.6122,
    0.6134,
    0.6151,
    0.6183,
    0.6137,
    0.618,
    0.6159,
    0.6084,
    0.6162,
    0.6135,
    0.6182,
    0.6163,
    0.6077,
    0.6194,
    0.6145,
    0.6059,
    0.6113,
    0.6126
  ],
  "participation_rates": [
    0.85,
    0.85,
    0.85,
    0.85,
    0.85,
    0.85,
    0.85,
    0.85,
    0.85,
    0.85,
    0.85,
    0.85,
    0.85,
    0.85,
    0.85,
    0.85,
    0.85,
    0.85,
    0.85,
    0.85,
    0.85,
    0.85,
    0.85,
    0.85,
    0.85,
    0.85,
    0.85,
    0.85,
    0.85,
    0.85,
    0.85,
    0.85,
    0.85,
    0.85,
    0.85,
    0.85,
    0.85,
    0.85,
    0.85,
    0.85,
    0.85,
    0.85,
    0.85,
    0.85,
    0.85,
    0.85,
    0.85,
    0.85,
    0.85,
    0.85,
    0.85,
    0.85,
    0.85,
    0.85,
    0.85,
    0.85,
    0.85,
    0.85,
    0.85,
    0.85,
    0.85,
    0.85,
    0.85,
    0.85,
    0.85,
    0.85,
    0.85,
    0.85,
    0.85,
    0.85,
    0.85,
    0.85,
    0.85,
    0.85,
    0.85,
    0.85,
    0.85,
    0.85,
    0.85,
    0.85,
    0.85,
    0.85,
    0.85,
    0.85,
    0.85,
    0.85,
    0.85,
    0.85,
    0.85,
    0.85,
    0.85,
    0.85,
    0.85,
    0.85,
    0.85,
    0.85,
    0.85,
    0.85,
    0.85,
    0.85
  ],
  "prices": [
    1.745633735726352,
    1.745633735726352,
    1.745633735726352,
    1.745633735726352,
    1.745633735726352,
    1.745633735726352,
    1.745633735726352,
    1.745633735726352,
    1.745633735726352,
    1.745633735726352,
    1.745633735726352,
    1.745633735726352,
    1.745633735726352,
    1.745633735726352,
    1.745633735726352,
    1.745633735726352,
    1.745633735726352,
    1.745633735726352,
    1.745633735726352,
    1.745633735726352,
    1.745633735726352,
    1.745633735726352,
    1.745633735726352,
    1.745633735726352,
    1.745633735726352,
    1.745633735726352,
    1.745633735726352,
    1.745633735726352,
    1.745633735726352,
    1.745633735726352,
    1.745633735726352,
    1.745633735726352,
    1.745633735726352,
    1.745633735726352,
    1.745633735726352,
    1.745633735726352,
    1.745633735726352,
    1.745633735726352,
    1.745633735726352,
    1.745633735726352,
    1.745633735726352,
    1.745633735726352,
    1.745633735726352,
    1.745633735726352,
    1.745633735726352,
    1.745633735726352,
    1.745633735726352,
    1.745633735726352,
    1.745633735726352,
    1.745633735726352,
    1.745633735726352,
    1.745633735726352,
    1.745633735726352,
    1.745633735726352,
    1.745633735726352,
    1.745633735726352,
    1.745633735726352,
    1.745633735726352,
    1.745633735726352,
    1.745633735726352,
    1.745633735726352,
    1.745633735726352,
    1.745633735726352,
    1.745633735726352,
    1.745633735726352,
    1.745633735726352,
    1.745633735726352,
    1.745633735726352,
    1.745633735726352,
    1.745633735726352,
    1.745633735726352,
    1.745633735726352,
    1.745633735726352,
    1.745633735726352,
    1.745633735726352,
    1.745633735726352,
    1.745633735726352,
    1.745633735726352,
    1.745633735726352,
    1.745633735726352,
    1.745633735726352,
    1.745633735726352,
    1.745633735726352,
    1.745633735726352,
    1.745633735726352,
    1.745633735726352,
    1.745633735726352,
    1.745633735726352,
    1.745633735726352,
    1.745633735726352,
    1.745633735726352,
    1.745633735726352,
    1.745633735726352,
    1.745633735726352,
    1.745633735726352,
    1.745633735726352,
    1.745633735726352,
    1.745633735726352,
    1.745633735726352,
    1.745633735726352
  ],
  "avg_eps": [
    2.276881297811785,
    2.276881297811785,
    2.276881297811785,
    2.276881297811785,
    2.276881297811785,
    2.276881297811785,
    2.276881297811785,
    2.276881297811785,
    2.276881297811785,
    2.276881297811785,
    2.276881297811785,
    2.276881297811785,
    2.276881297811785,
    2.276881297811785,
    2.276881297811785,
    2.276881297811785,
    2.276881297811785,
    2.276881297811785,
    2.276881297811785,
    2.276881297811785,
    2.276881297811785,
    2.276881297811785,
    2.276881297811785,
    2.276881297811785,
    2.276881297811785,
    2.276881297811785,
    2.276881297811785,
    2.276881297811785,
    2.276881297811785,
    2.276881297811785,
    2.276881297811785,
    2.276881297811785,
    2.276881297811785,
    2.276881297811785,
    2.276881297811785,
    2.276881297811785,
    2.276881297811785,
    2.276881297811785,
    2.276881297811785,
    2.276881297811785,
    2.276881297811785,
    2.276881297811785,
    2.276881297811785,
    2.276881297811785,
    2.276881297811785,
    2.276881297811785,
    2.276881297811785,
    2.276881297811785,
    2.276881297811785,
    2.276881297811785,
    2.276881297811785,
    2.276881297811785,
    2.276881297811785,
    2.276881297811785,
    2.276881297811785,
    2.276881297811785,
    2.276881297811785,
    2.276881297811785,
    2.276881297811785,
    2.276881297811785,
    2.276881297811785,
    2.276881297811785,
    2.276881297811785,
    2.276881297811785,
    2.276881297811785,
    2.276881297811785,
    2.276881297811785,
    2.276881297811785,
    2.276881297811785,
    2.276881297811785,
    2.276881297811785,
    2.276881297811785,
    2.276881297811785,
    2.276881297811785,
    2.276881297811785,
    2.276881297811785,
    2.276881297811785,
    2.276881297811785,
    2.276881297811785,
    2.276881297811785,
    2.276881297811785,
    2.276881297811785,
    2.276881297811785,
    2.276881297811785,
    2.276881297811785,
    2.276881297811785,
    2.276881297811785,
    2.276881297811785,
    2.276881297811785,
    2.276881297811785,
    2.276881297811785,
    2.276881297811785,
    2.276881297811785,
    2.276881297811785,
    2.276881297811785,
    2.276881297811785,
    2.276881297811785,
    2.276881297811785,
    2.276881297811785,
    2.276881297811785
  ],
  "config": {
    "n_devices": 80,
    "gamma": 3,
    "alpha": 0.5,
    "local_epochs": 5,
    "local_lr": 0.01,
    "local_momentum": 0.9,
    "distill_epochs": 1,
    "distill_lr": 0.001,
    "temperature": 3.0,
    "public_samples": 20000,
    "synthetic": false,
    "heterogeneity": {
      "config_file": "config/devices/heterogeneity.yaml",