{
  "label": "expB_n20_g10_s123",
  "phase": 1,
  "exp": "B",
  "method": "PAID-FD",
  "seed": 123,
  "desc": "PAID-FD N=20 \u03b3=10",
  "dataset": "cifar100",
  "summary": {
    "label": "expB_n20_g10_s123",
    "exp": "B",
    "method": "PAID-FD",
    "seed": 123,
    "desc": "PAID-FD N=20 \u03b3=10",
    "final_acc": 0.6188,
    "best_acc": 0.6217,
    "avg_participation": 1.0,
    "avg_price": 3.418147357018074,
    "avg_eps_per_round": 3.2280575140884746,
    "cumulative_payment": 15996.630008502503,
    "avg_privacy_spent": 322.80575140884736,
    "max_privacy_spent": 824.1689050724515,
    "time_to_targets": {
      "0.45": 3,
      "0.5": 7,
      "0.55": 13,
      "0.58": 21,
      "0.6": 31
    },
    "elapsed_sec": 7700.121582508087
  },
  "accuracies": [
    0.3673,
    0.4058,
    0.4363,
    0.4589,
    0.4725,
    0.4815,
    0.4934,
    0.5082,
    0.5164,
    0.5281,
    0.5322,
    0.5341,
    0.5491,
    0.5541,
    0.5443,
    0.5604,
    0.565,
    0.5679,
    0.5701,
    0.5653,
    0.5765,
    0.5874,
    0.5816,
    0.5782,
    0.5825,
    0.5827,
    0.5776,
    0.5942,
    0.5813,
    0.5967,
    0.587,
    0.6023,
    0.5981,
    0.6011,
    0.5956,
    0.6024,
    0.5996,
    0.6005,
    0.6015,
    0.6004,
    0.6001,
    0.6024,
    0.6023,
    0.5986,
    0.6004,
    0.6007,
    0.6032,
    0.597,
    0.6046,
    0.6057,
    0.6042,
    0.6034,
    0.6087,
    0.608,
    0.6067,
    0.6113,
    0.6114,
    0.6089,
    0.6088,
    0.615,
    0.6095,
    0.6101,
    0.6098,
    0.6143,
    0.6108,
    0.6043,
    0.6071,
    0.6065,
    0.6114,
    0.611,
    0.6081,
    0.6129,
    0.6089,
    0.6103,
    0.6092,
    0.6144,
    0.6113,
    0.6153,
    0.6123,
    0.6148,
    0.6111,
    0.6159,
    0.6146,
    0.6199,
    0.611,
    0.6103,
    0.6071,
    0.6134,
    0.613,
    0.6141,
    0.6146,
    0.6098,
    0.6201,
    0.6164,
    0.6155,
    0.6189,
    0.6167,
    0.6217,
    0.6168,
    0.6188
  ],
  "participation_rates": [
    1.0,
    1.0,
    1.0,
    1.0,
    1.0,
    1.0,
    1.0,
    1.0,
    1.0,
    1.0,
    1.0,
    1.0,
    1.0,
    1.0,
    1.0,
    1.0,
    1.0,
    1.0,
    1.0,
    1.0,
    1.0,
    1.0,
    1.0,
    1.0,
    1.0,
    1.0,
    1.0,
    1.0,
    1.0,
    1.0,
    1.0,
    1.0,
    1.0,
    1.0,
    1.0,
    1.0,
    1.0,
    1.0,
    1.0,
    1.0,
    1.0,
    1.0,
    1.0,
    1.0,
    1.0,
    1.0,
    1.0,
    1.0,
    1.0,
    1.0,
    1.0,
    1.0,
    1.0,
    1.0,
    1.0,
    1.0,
    1.0,
    1.0,
    1.0,
    1.0,
    1.0,
    1.0,
    1.0,
    1.0,
    1.0,
    1.0,
    1.0,
    1.0,
    1.0,
    1.0,
    1.0,
    1.0,
    1.0,
    1.0,
    1.0,
    1.0,
    1.0,
    1.0,
    1.0,
    1.0,
    1.0,
    1.0,
    1.0,
    1.0,
    1.0,
    1.0,
    1.0,
    1.0,
    1.0,
    1.0,
    1.0,
    1.0,
    1.0,
    1.0,
    1.0,
    1.0,
    1.0,
    1.0,
    1.0,
    1.0
  ],
  "prices": [
    3.418147357018074,
    3.418147357018074,
    3.418147357018074,
    3.418147357018074,
    3.418147357018074,
    3.418147357018074,
    3.418147357018074,
    3.418147357018074,
    3.418147357018074,
    3.418147357018074,
    3.418147357018074,
    3.418147357018074,
    3.418147357018074,
    3.418147357018074,
    3.418147357018074,
    3.418147357018074,
    3.418147357018074,
    3.418147357018074,
    3.418147357018074,
    3.418147357018074,
    3.418147357018074,
    3.418147357018074,
    3.418147357018074,
    3.418147357018074,
    3.418147357018074,
    3.418147357018074,
    3.418147357018074,
    3.418147357018074,
    3.418147357018074,
    3.418147357018074,
    3.418147357018074,
    3.418147357018074,
    3.418147357018074,
    3.418147357018074,
    3.418147357018074,
    3.418147357018074,
    3.418147357018074,
    3.418147357018074,
    3.418147357018074,
    3.418147357018074,
    3.418147357018074,
    3.418147357018074,
    3.418147357018074,
    3.418147357018074,
    3.418147357018074,
    3.418147357018074,
    3.418147357018074,
    3.418147357018074,
    3.418147357018074,
    3.418147357018074,
    3.418147357018074,
    3.418147357018074,
    3.418147357018074,
    3.418147357018074,
    3.418147357018074,
    3.418147357018074,
    3.418147357018074,
    3.418147357018074,
    3.418147357018074,
    3.418147357018074,
    3.418147357018074,
    3.418147357018074,
    3.418147357018074,
    3.418147357018074,
    3.418147357018074,
    3.418147357018074,
    3.418147357018074,
    3.418147357018074,
    3.418147357018074,
    3.418147357018074,
    3.418147357018074,
    3.418147357018074,
    3.418147357018074,
    3.418147357018074,
    3.418147357018074,
    3.418147357018074,
    3.418147357018074,
    3.418147357018074,
    3.418147357018074,
    3.418147357018074,
    3.418147357018074,
    3.418147357018074,
    3.418147357018074,
    3.418147357018074,
    3.418147357018074,
    3.418147357018074,
    3.418147357018074,
    3.418147357018074,
    3.418147357018074,
    3.418147357018074,
    3.418147357018074,
    3.418147357018074,
    3.418147357018074,
    3.418147357018074,
    3.418147357018074,
    3.418147357018074,
    3.418147357018074,
    3.418147357018074,
    3.418147357018074,
    3.418147357018074
  ],
  "avg_eps": [
    3.228057514088475,
    3.228057514088475,
    3.228057514088475,
    3.228057514088475,
    3.228057514088475,
    3.228057514088475,
    3.228057514088475,
    3.228057514088475,
    3.228057514088475,
    3.228057514088475,
    3.228057514088475,
    3.228057514088475,
    3.228057514088475,
    3.228057514088475,
    3.228057514088475,
    3.228057514088475,
    3.228057514088475,
    3.228057514088475,
    3.228057514088475,
    3.228057514088475,
    3.228057514088475,
    3.228057514088475,
    3.228057514088475,
    3.228057514088475,
    3.228057514088475,
    3.228057514088475,
    3.228057514088475,
    3.228057514088475,
    3.228057514088475,
    3.228057514088475,
    3.228057514088475,
    3.228057514088475,
    3.228057514088475,
    3.228057514088475,
    3.228057514088475,
    3.228057514088475,
    3.228057514088475,
    3.228057514088475,
    3.228057514088475,
    3.228057514088475,
    3.228057514088475,
    3.228057514088475,
    3.228057514088475,
    3.228057514088475,
    3.228057514088475,
    3.228057514088475,
    3.228057514088475,
    3.228057514088475,
    3.228057514088475,
    3.228057514088475,
    3.228057514088475,
    3.228057514088475,
    3.228057514088475,
    3.228057514088475,
    3.228057514088475,
    3.228057514088475,
    3.228057514088475,
    3.228057514088475,
    3.228057514088475,
    3.228057514088475,
    3.228057514088475,
    3.228057514088475,
    3.228057514088475,
    3.228057514088475,
    3.228057514088475,
    3.228057514088475,
    3.228057514088475,
    3.228057514088475,
    3.228057514088475,
    3.228057514088475,
    3.228057514088475,
    3.228057514088475,
    3.228057514088475,
    3.228057514088475,
    3.228057514088475,
    3.228057514088475,
    3.228057514088475,
    3.228057514088475,
    3.228057514088475,
    3.228057514088475,
    3.228057514088475,
    3.228057514088475,
    3.228057514088475,
    3.228057514088475,
    3.228057514088475,
    3.228057514088475,
    3.228057514088475,
    3.228057514088475,
    3.228057514088475,
    3.228057514088475,
    3.228057514088475,
    3.228057514088475,
    3.228057514088475,
    3.228057514088475,
    3.228057514088475,
    3.228057514088475,
    3.228057514088475,
    3.228057514088475,
    3.228057514088475,
    3.228057514088475
  ],
  "config": {
    "n_devices": 20,
    "gamma": 10,
    "alpha": 0.5,
    "local_epochs": 5,
    "local_lr": 0.01,
    "local_momentum": 0.9,
    "distill_epochs": 1,
    "distill_lr": 0.001,
    "temperature": 3.0,
    "public_samples": 20000,
    "synthetic": false,
    "heterogeneity": {
      "config_file": "config/devices/heterogeneity.yaml",
      "overrides": {
        "privacy_sensitivity": {
          "lambda_mult": 1.0
        }
      }
    },