{
  "label": "expB_n80_g3_s456",
  "phase": 1,
  "exp": "B",
  "method": "PAID-FD",
  "seed": 456,
  "desc": "PAID-FD N=80 \u03b3=3",
  "dataset": "cifar100",
  "summary": {
    "label": "expB_n80_g3_s456",
    "exp": "B",
    "method": "PAID-FD",
    "seed": 456,
    "desc": "PAID-FD N=80 \u03b3=3",
    "final_acc": 0.6128,
    "best_acc": 0.6128,
    "avg_participation": 0.9000000000000005,
    "avg_price": 1.814657039034402,
    "avg_eps_per_round": 2.2156007205180717,
    "cumulative_payment": 20976.509056200914,
    "avg_privacy_spent": 221.5600720518072,
    "max_privacy_spent": 619.03469497562,
    "time_to_targets": {
      "0.45": 3,
      "0.5": 8,
      "0.55": 16,
      "0.58": 28,
      "0.6": 48
    },
    "elapsed_sec": 13137.632347106934
  },
  "accuracies": [
    0.3935,
    0.4238,
    0.444,
    0.459,
    0.4459,
    0.4735,
    0.4899,
    0.4851,
    0.5078,
    0.5124,
    0.5131,
    0.5274,
    0.5156,
    0.5388,
    0.5434,
    0.547,
    0.5569,
    0.5547,
    0.5625,
    0.555,
    0.5655,
    0.5778,
    0.5719,
    0.5729,
    0.578,
    0.5712,
    0.5642,
    0.5795,
    0.5819,
    0.5828,
    0.5813,
    0.5883,
    0.5793,
    0.5849,
    0.59,
    0.5926,
    0.5897,
    0.5857,
    0.5954,
    0.5901,
    0.5881,
    0.5935,
    0.5932,
    0.5882,
    0.5887,
    0.5949,
    0.592,
    0.5942,
    0.6004,
    0.5937,
    0.5984,
    0.5983,
    0.5947,
    0.5995,
    0.5967,
    0.6003,
    0.5988,
    0.5984,
    0.6013,
    0.6018,
    0.6005,
    0.5995,
    0.6046,
    0.6035,
    0.6035,
    0.5953,
    0.5972,
    0.5957,
    0.5973,
    0.5977,
    0.6019,
    0.6067,
    0.6024,
    0.6001,
    0.6024,
    0.602,
    0.6124,
    0.6041,
    0.602,
    0.6064,
    0.6065,
    0.6066,
    0.6052,
    0.6048,
    0.6009,
    0.6095,
    0.6106,
    0.6044,
    0.6083,
    0.6021,
    0.6033,
    0.6066,
    0.6077,
    0.6078,
    0.6113,
    0.6073,
    0.6055,
    0.6067,
    0.6093,
    0.6128
  ],
  "participation_rates": [
    0.9,
    0.9,
    0.9,
    0.9,
    0.9,
    0.9,
    0.9,
    0.9,
    0.9,
    0.9,
    0.9,
    0.9,
    0.9,
    0.9,
    0.9,
    0.9,
    0.9,
    0.9,
    0.9,
    0.9,
    0.9,
    0.9,
    0.9,
    0.9,
    0.9,
    0.9,
    0.9,
    0.9,
    0.9,
    0.9,
    0.9,
    0.9,
    0.9,
    0.9,
    0.9,
    0.9,
    0.9,
    0.9,
    0.9,
    0.9,
    0.9,
    0.9,
    0.9,
    0.9,
    0.9,
    0.9,
    0.9,
    0.9,
    0.9,
    0.9,
    0.9,
    0.9,
    0.9,
    0.9,
    0.9,
    0.9,
    0.9,
    0.9,
    0.9,
    0.9,
    0.9,
    0.9,
    0.9,
    0.9,
    0.9,
    0.9,
    0.9,
    0.9,
    0.9,
    0.9,
    0.9,
    0.9,
    0.9,
    0.9,
    0.9,
    0.9,
    0.9,
    0.9,
    0.9,
    0.9,
    0.9,
    0.9,
    0.9,
    0.9,
    0.9,
    0.9,
    0.9,
    0.9,
    0.9,
    0.9,
    0.9,
    0.9,
    0.9,
    0.9,
    0.9,
    0.9,
    0.9,
    0.9,
    0.9,
    0.9
  ],
  "prices": [
    1.814657039034402,
    1.814657039034402,
    1.814657039034402,
    1.814657039034402,
    1.814657039034402,
    1.814657039034402,
    1.814657039034402,
    1.814657039034402,
    1.814657039034402,
    1.814657039034402,
    1.814657039034402,
    1.814657039034402,
    1.814657039034402,
    1.814657039034402,
    1.814657039034402,
    1.814657039034402,
    1.814657039034402,
    1.814657039034402,
    1.814657039034402,
    1.814657039034402,
    1.814657039034402,
    1.814657039034402,
    1.814657039034402,
    1.814657039034402,
    1.814657039034402,
    1.814657039034402,
    1.814657039034402,
    1.814657039034402,
    1.814657039034402,
    1.814657039034402,
    1.814657039034402,
    1.814657039034402,
    1.814657039034402,
    1.814657039034402,
    1.814657039034402,
    1.814657039034402,
    1.814657039034402,
    1.814657039034402,
    1.814657039034402,
    1.814657039034402,
    1.814657039034402,
    1.814657039034402,
    1.814657039034402,
    1.814657039034402,
    1.814657039034402,
    1.814657039034402,
    1.814657039034402,
    1.814657039034402,
    1.814657039034402,
    1.814657039034402,
    1.814657039034402,
    1.814657039034402,
    1.814657039034402,
    1.814657039034402,
    1.814657039034402,
    1.814657039034402,
    1.814657039034402,
    1.814657039034402,
    1.814657039034402,
    1.814657039034402,
    1.814657039034402,
    1.814657039034402,
    1.814657039034402,
    1.814657039034402,
    1.814657039034402,
    1.814657039034402,
    1.814657039034402,
    1.814657039034402,
    1.814657039034402,
    1.814657039034402,
    1.814657039034402,
    1.814657039034402,
    1.814657039034402,
    1.814657039034402,
    1.814657039034402,
    1.814657039034402,
    1.814657039034402,
    1.814657039034402,
    1.814657039034402,
    1.814657039034402,
    1.814657039034402,
    1.814657039034402,
    1.814657039034402,
    1.814657039034402,
    1.814657039034402,
    1.814657039034402,
    1.814657039034402,
    1.814657039034402,
    1.814657039034402,
    1.814657039034402,
    1.814657039034402,
    1.814657039034402,
    1.814657039034402,
    1.814657039034402,
    1.814657039034402,
    1.814657039034402,
    1.814657039034402,
    1.814657039034402,
    1.814657039034402,
    1.814657039034402
  ],
  "avg_eps": [
    2.2156007205180717,
    2.2156007205180717,
    2.2156007205180717,
    2.2156007205180717,
    2.2156007205180717,
    2.2156007205180717,
    2.2156007205180717,
    2.2156007205180717,
    2.2156007205180717,
    2.2156007205180717,
    2.2156007205180717,
    2.2156007205180717,
    2.2156007205180717,
    2.2156007205180717,
    2.2156007205180717,
    2.2156007205180717,
    2.2156007205180717,
    2.2156007205180717,
    2.2156007205180717,
    2.2156007205180717,
    2.2156007205180717,
    2.2156007205180717,
    2.2156007205180717,
    2.2156007205180717,
    2.2156007205180717,
    2.2156007205180717,
    2.2156007205180717,
    2.2156007205180717,
    2.2156007205180717,
    2.2156007205180717,
    2.2156007205180717,
    2.2156007205180717,
    2.2156007205180717,
    2.2156007205180717,
    2.2156007205180717,
    2.2156007205180717,
    2.2156007205180717,
    2.2156007205180717,
    2.2156007205180717,
    2.2156007205180717,
    2.2156007205180717,
    2.2156007205180717,
    2.2156007205180717,
    2.2156007205180717,
    2.2156007205180717,
    2.2156007205180717,
    2.2156007205180717,
    2.2156007205180717,
    2.2156007205180717,
    2.2156007205180717,
    2.2156007205180717,
    2.2156007205180717,
    2.2156007205180717,
    2.2156007205180717,
    2.2156007205180717,
    2.2156007205180717,
    2.2156007205180717,
    2.2156007205180717,
    2.2156007205180717,
    2.2156007205180717,
    2.2156007205180717,
    2.2156007205180717,
    2.2156007205180717,
    2.2156007205180717,
    2.2156007205180717,
    2.2156007205180717,
    2.2156007205180717,
    2.2156007205180717,
    2.2156007205180717,
    2.2156007205180717,
    2.2156007205180717,
    2.2156007205180717,
    2.2156007205180717,
    2.2156007205180717,
    2.2156007205180717,
    2.2156007205180717,
    2.2156007205180717,
    2.2156007205180717,
    2.2156007205180717,
    2.2156007205180717,
    2.2156007205180717,
    2.2156007205180717,
    2.2156007205180717,
    2.2156007205180717,
    2.2156007205180717,
    2.2156007205180717,
    2.2156007205180717,
    2.2156007205180717,
    2.2156007205180717,
    2.2156007205180717,
    2.2156007205180717,
    2.2156007205180717,
    2.2156007205180717,
    2.2156007205180717,
    2.2156007205180717,
    2.2156007205180717,
    2.2156007205180717,
    2.2156007205180717,
    2.2156007205180717,
    2.2156007205180717
  ],
  "config": {
    "n_devices": 80,
    "gamma": 3,
    "alpha": 0.5,
    "local_epochs": 5,
    "local_lr": 0.01,
    "local_momentum": 0.9,
    "distill_epochs": 1,
    "distill_lr": 0.001,
    "temperature": 3.0,
    "public_samples": 20000,
    "synthetic": false,
    "heterogeneity": {
      "config_file": "config/devices/heterogeneity.yaml",