{
  "label": "expB_n20_g10_s456",
  "phase": 1,
  "exp": "B",
  "method": "PAID-FD",
  "seed": 456,
  "desc": "PAID-FD N=20 \u03b3=10",
  "dataset": "cifar100",
  "summary": {
    "label": "expB_n20_g10_s456",
    "exp": "B",
    "method": "PAID-FD",
    "seed": 456,
    "desc": "PAID-FD N=20 \u03b3=10",
    "final_acc": 0.6116,
    "best_acc": 0.6149,
    "avg_participation": 1.0,
    "avg_price": 3.454114260978076,
    "avg_eps_per_round": 3.324936013857372,
    "cumulative_payment": 15924.05553178901,
    "avg_privacy_spent": 332.493601385737,
    "max_privacy_spent": 870.5406484188527,
    "time_to_targets": {
      "0.45": 4,
      "0.5": 7,
      "0.55": 15,
      "0.58": 22,
      "0.6": 45
    },
    "elapsed_sec": 7771.969237089157
  },
  "accuracies": [
    0.3904,
    0.4128,
    0.4415,
    0.443,
    0.4659,
    0.4706,
    0.4897,
    0.5007,
    0.5071,
    0.5246,
    0.5135,
    0.536,
    0.5443,
    0.5449,
    0.5433,
    0.5554,
    0.57,
    0.5525,
    0.5652,
    0.5672,
    0.5737,
    0.5661,
    0.5851,
    0.5728,
    0.5716,
    0.574,
    0.5957,
    0.59,
    0.5908,
    0.5896,
    0.5806,
    0.5934,
    0.5934,
    0.5913,
    0.5906,
    0.5937,
    0.5861,
    0.5892,
    0.5916,
    0.5892,
    0.5992,
    0.5971,
    0.5947,
    0.5956,
    0.5926,
    0.6035,
    0.5988,
    0.6068,
    0.5941,
    0.6028,
    0.5931,
    0.5972,
    0.6007,
    0.5998,
    0.5912,
    0.6049,
    0.5976,
    0.597,
    0.6022,
    0.6067,
    0.5987,
    0.6065,
    0.6055,
    0.6029,
    0.6047,
    0.6025,
    0.6048,
    0.6031,
    0.6077,
    0.598,
    0.6067,
    0.6043,
    0.6052,
    0.6087,
    0.607,
    0.6034,
    0.6086,
    0.6043,
    0.6131,
    0.6146,
    0.6117,
    0.6098,
    0.61,
    0.609,
    0.6141,
    0.6128,
    0.6126,
    0.6124,
    0.6121,
    0.6077,
    0.6115,
    0.6102,
    0.6105,
    0.6143,
    0.6119,
    0.6085,
    0.6085,
    0.6149,
    0.614,
    0.6116
  ],
  "participation_rates": [
    1.0,
    1.0,
    1.0,
    1.0,
    1.0,
    1.0,
    1.0,
    1.0,
    1.0,
    1.0,
    1.0,
    1.0,
    1.0,
    1.0,
    1.0,
    1.0,
    1.0,
    1.0,
    1.0,
    1.0,
    1.0,
    1.0,
    1.0,
    1.0,
    1.0,
    1.0,
    1.0,
    1.0,
    1.0,
    1.0,
    1.0,
    1.0,
    1.0,
    1.0,
    1.0,
    1.0,
    1.0,
    1.0,
    1.0,
    1.0,
    1.0,
    1.0,
    1.0,
    1.0,
    1.0,
    1.0,
    1.0,
    1.0,
    1.0,
    1.0,
    1.0,
    1.0,
    1.0,
    1.0,
    1.0,
    1.0,
    1.0,
    1.0,
    1.0,
    1.0,
    1.0,
    1.0,
    1.0,
    1.0,
    1.0,
    1.0,
    1.0,
    1.0,
    1.0,
    1.0,
    1.0,
    1.0,
    1.0,
    1.0,
    1.0,
    1.0,
    1.0,
    1.0,
    1.0,
    1.0,
    1.0,
    1.0,
    1.0,
    1.0,
    1.0,
    1.0,
    1.0,
    1.0,
    1.0,
    1.0,
    1.0,
    1.0,
    1.0,
    1.0,
    1.0,
    1.0,
    1.0,
    1.0,
    1.0,
    1.0
  ],
  "prices": [
    3.454114260978076,
    3.454114260978076,
    3.454114260978076,
    3.454114260978076,
    3.454114260978076,
    3.454114260978076,
    3.454114260978076,
    3.454114260978076,
    3.454114260978076,
    3.454114260978076,
    3.454114260978076,
    3.454114260978076,
    3.454114260978076,
    3.454114260978076,
    3.454114260978076,
    3.454114260978076,
    3.454114260978076,
    3.454114260978076,
    3.454114260978076,
    3.454114260978076,
    3.454114260978076,
    3.454114260978076,
    3.454114260978076,
    3.454114260978076,
    3.454114260978076,
    3.454114260978076,
    3.454114260978076,
    3.454114260978076,
    3.454114260978076,
    3.454114260978076,
    3.454114260978076,
    3.454114260978076,
    3.454114260978076,
    3.454114260978076,
    3.454114260978076,
    3.454114260978076,
    3.454114260978076,
    3.454114260978076,
    3.454114260978076,
    3.454114260978076,
    3.454114260978076,
    3.454114260978076,
    3.454114260978076,
    3.454114260978076,
    3.454114260978076,
    3.454114260978076,
    3.454114260978076,
    3.454114260978076,
    3.454114260978076,
    3.454114260978076,
    3.454114260978076,
    3.454114260978076,
    3.454114260978076,
    3.454114260978076,
    3.454114260978076,
    3.454114260978076,
    3.454114260978076,
    3.454114260978076,
    3.454114260978076,
    3.454114260978076,
    3.454114260978076,
    3.454114260978076,
    3.454114260978076,
    3.454114260978076,
    3.454114260978076,
    3.454114260978076,
    3.454114260978076,
    3.454114260978076,
    3.454114260978076,
    3.454114260978076,
    3.454114260978076,
    3.454114260978076,
    3.454114260978076,
    3.454114260978076,
    3.454114260978076,
    3.454114260978076,
    3.454114260978076,
    3.454114260978076,
    3.454114260978076,
    3.454114260978076,
    3.454114260978076,
    3.454114260978076,
    3.454114260978076,
    3.454114260978076,
    3.454114260978076,
    3.454114260978076,
    3.454114260978076,
    3.454114260978076,
    3.454114260978076,
    3.454114260978076,
    3.454114260978076,
    3.454114260978076,
    3.454114260978076,
    3.454114260978076,
    3.454114260978076,
    3.454114260978076,
    3.454114260978076,
    3.454114260978076,
    3.454114260978076,
    3.454114260978076
  ],
  "avg_eps": [
    3.3249360138573714,
    3.3249360138573714,
    3.3249360138573714,
    3.3249360138573714,
    3.3249360138573714,
    3.3249360138573714,
    3.3249360138573714,
    3.3249360138573714,
    3.3249360138573714,
    3.3249360138573714,
    3.3249360138573714,
    3.3249360138573714,
    3.3249360138573714,
    3.3249360138573714,
    3.3249360138573714,
    3.3249360138573714,
    3.3249360138573714,
    3.3249360138573714,
    3.3249360138573714,
    3.3249360138573714,
    3.3249360138573714,
    3.3249360138573714,
    3.3249360138573714,
    3.3249360138573714,
    3.3249360138573714,
    3.3249360138573714,
    3.3249360138573714,
    3.3249360138573714,
    3.3249360138573714,
    3.3249360138573714,
    3.3249360138573714,
    3.3249360138573714,
    3.3249360138573714,
    3.3249360138573714,
    3.3249360138573714,
    3.3249360138573714,
    3.3249360138573714,
    3.3249360138573714,
    3.3249360138573714,
    3.3249360138573714,
    3.3249360138573714,
    3.3249360138573714,
    3.3249360138573714,
    3.3249360138573714,
    3.3249360138573714,
    3.3249360138573714,
    3.3249360138573714,
    3.3249360138573714,
    3.3249360138573714,
    3.3249360138573714,
    3.3249360138573714,
    3.3249360138573714,
    3.3249360138573714,
    3.3249360138573714,
    3.3249360138573714,
    3.3249360138573714,
    3.3249360138573714,
    3.3249360138573714,
    3.3249360138573714,
    3.3249360138573714,
    3.3249360138573714,
    3.3249360138573714,
    3.3249360138573714,
    3.3249360138573714,
    3.3249360138573714,
    3.3249360138573714,
    3.3249360138573714,
    3.3249360138573714,
    3.3249360138573714,
    3.3249360138573714,
    3.3249360138573714,
    3.3249360138573714,
    3.3249360138573714,
    3.3249360138573714,
    3.3249360138573714,
    3.3249360138573714,
    3.3249360138573714,
    3.3249360138573714,
    3.3249360138573714,
    3.3249360138573714,
    3.3249360138573714,
    3.3249360138573714,
    3.3249360138573714,
    3.3249360138573714,
    3.3249360138573714,
    3.3249360138573714,
    3.3249360138573714,
    3.3249360138573714,
    3.3249360138573714,
    3.3249360138573714,
    3.3249360138573714,
    3.3249360138573714,
    3.3249360138573714,
    3.3249360138573714,
    3.3249360138573714,
    3.3249360138573714,
    3.3249360138573714,
    3.3249360138573714,
    3.3249360138573714,
    3.3249360138573714
  ],
  "config": {
    "n_devices": 20,
    "gamma": 10,
    "alpha": 0.5,
    "local_epochs": 5,
    "local_lr": 0.01,
    "local_momentum": 0.9,
    "distill_epochs": 1,
    "distill_lr": 0.001,
    "temperature": 3.0,
    "public_samples": 20000,
    "synthetic": false,
    "heterogeneity": {
      "config_file": "config/devices/heterogeneity.yaml",