{
  "label": "expB_n80_g10_s123",
  "phase": 1,
  "exp": "B",
  "method": "PAID-FD",
  "seed": 123,
  "desc": "PAID-FD N=80 \u03b3=10",
  "dataset": "cifar100",
  "summary": {
    "label": "expB_n80_g10_s123",
    "exp": "B",
    "method": "PAID-FD",
    "seed": 123,
    "desc": "PAID-FD N=80 \u03b3=10",
    "final_acc": 0.6183,
    "best_acc": 0.6189,
    "avg_participation": 1.0,
    "avg_price": 3.3821408855069603,
    "avg_eps_per_round": 3.2116317396690666,
    "cumulative_payment": 64089.866846542456,
    "avg_privacy_spent": 321.16317396690636,
    "max_privacy_spent": 845.6847641227429,
    "time_to_targets": {
      "0.45": 4,
      "0.5": 8,
      "0.55": 15,
      "0.58": 21,
      "0.6": 39
    },
    "elapsed_sec": 14488.21566915512
  },
  "accuracies": [
    0.3971,
    0.4051,
    0.4296,
    0.4359,
    0.4719,
    0.4848,
    0.4804,
    0.4954,
    0.5169,
    0.5203,
    0.5217,
    0.537,
    0.5377,
    0.5411,
    0.545,
    0.5565,
    0.5655,
    0.5734,
    0.5566,
    0.5656,
    0.5766,
    0.5879,
    0.5644,
    0.5884,
    0.5837,
    0.5839,
    0.5843,
    0.5877,
    0.5857,
    0.5834,
    0.5951,
    0.5998,
    0.5954,
    0.5939,
    0.5909,
    0.592,
    0.5979,
    0.5956,
    0.5962,
    0.6012,
    0.597,
    0.5958,
    0.5951,
    0.6001,
    0.6041,
    0.6013,
    0.6013,
    0.6042,
    0.6028,
    0.6072,
    0.6021,
    0.5984,
    0.5998,
    0.6079,
    0.6024,
    0.6027,
    0.6066,
    0.6012,
    0.6005,
    0.6046,
    0.6107,
    0.6028,
    0.6063,
    0.6051,
    0.6061,
    0.6106,
    0.6074,
    0.6155,
    0.6111,
    0.6106,
    0.6112,
    0.6083,
    0.615,
    0.6104,
    0.6127,
    0.61,
    0.6108,
    0.6091,
    0.6121,
    0.6111,
    0.6081,
    0.6124,
    0.6155,
    0.6086,
    0.6093,
    0.6136,
    0.6189,
    0.6176,
    0.612,
    0.6117,
    0.6146,
    0.6114,
    0.6109,
    0.6148,
    0.6108,
    0.61,
    0.6164,
    0.6145,
    0.6118,
    0.6183
  ],
  "participation_rates": [
    1.0,
    1.0,
    1.0,
    1.0,
    1.0,
    1.0,
    1.0,
    1.0,
    1.0,
    1.0,
    1.0,
    1.0,
    1.0,
    1.0,
    1.0,
    1.0,
    1.0,
    1.0,
    1.0,
    1.0,
    1.0,
    1.0,
    1.0,
    1.0,
    1.0,
    1.0,
    1.0,
    1.0,
    1.0,
    1.0,
    1.0,
    1.0,
    1.0,
    1.0,
    1.0,
    1.0,
    1.0,
    1.0,
    1.0,
    1.0,
    1.0,
    1.0,
    1.0,
    1.0,
    1.0,
    1.0,
    1.0,
    1.0,
    1.0,
    1.0,
    1.0,
    1.0,
    1.0,
    1.0,
    1.0,
    1.0,
    1.0,
    1.0,
    1.0,
    1.0,
    1.0,
    1.0,
    1.0,
    1.0,
    1.0,
    1.0,
    1.0,
    1.0,
    1.0,
    1.0,
    1.0,
    1.0,
    1.0,
    1.0,
    1.0,
    1.0,
    1.0,
    1.0,
    1.0,
    1.0,
    1.0,
    1.0,
    1.0,
    1.0,
    1.0,
    1.0,
    1.0,
    1.0,
    1.0,
    1.0,
    1.0,
    1.0,
    1.0,
    1.0,
    1.0,
    1.0,
    1.0,
    1.0,
    1.0,
    1.0
  ],
  "prices": [
    3.382140885506961,
    3.382140885506961,
    3.382140885506961,
    3.382140885506961,
    3.382140885506961,
    3.382140885506961,
    3.382140885506961,
    3.382140885506961,
    3.382140885506961,
    3.382140885506961,
    3.382140885506961,
    3.382140885506961,
    3.382140885506961,
    3.382140885506961,
    3.382140885506961,
    3.382140885506961,
    3.382140885506961,
    3.382140885506961,
    3.382140885506961,
    3.382140885506961,
    3.382140885506961,
    3.382140885506961,
    3.382140885506961,
    3.382140885506961,
    3.382140885506961,
    3.382140885506961,
    3.382140885506961,
    3.382140885506961,
    3.382140885506961,
    3.382140885506961,
    3.382140885506961,
    3.382140885506961,
    3.382140885506961,
    3.382140885506961,
    3.382140885506961,
    3.382140885506961,
    3.382140885506961,
    3.382140885506961,
    3.382140885506961,
    3.382140885506961,
    3.382140885506961,
    3.382140885506961,
    3.382140885506961,
    3.382140885506961,
    3.382140885506961,
    3.382140885506961,
    3.382140885506961,
    3.382140885506961,
    3.382140885506961,
    3.382140885506961,
    3.382140885506961,
    3.382140885506961,
    3.382140885506961,
    3.382140885506961,
    3.382140885506961,
    3.382140885506961,
    3.382140885506961,
    3.382140885506961,
    3.382140885506961,
    3.382140885506961,
    3.382140885506961,
    3.382140885506961,
    3.382140885506961,
    3.382140885506961,
    3.382140885506961,
    3.382140885506961,
    3.382140885506961,
    3.382140885506961,
    3.382140885506961,
    3.382140885506961,
    3.382140885506961,
    3.382140885506961,
    3.382140885506961,
    3.382140885506961,
    3.382140885506961,
    3.382140885506961,
    3.382140885506961,
    3.382140885506961,
    3.382140885506961,
    3.382140885506961,
    3.382140885506961,
    3.382140885506961,
    3.382140885506961,
    3.382140885506961,
    3.382140885506961,
    3.382140885506961,
    3.382140885506961,
    3.382140885506961,
    3.382140885506961,
    3.382140885506961,
    3.382140885506961,
    3.382140885506961,
    3.382140885506961,
    3.382140885506961,
    3.382140885506961,
    3.382140885506961,
    3.382140885506961,
    3.382140885506961,
    3.382140885506961,
    3.382140885506961
  ],
  "avg_eps": [
    3.211631739669065,
    3.211631739669065,
    3.211631739669065,
    3.211631739669065,
    3.211631739669065,
    3.211631739669065,
    3.211631739669065,
    3.211631739669065,
    3.211631739669065,
    3.211631739669065,
    3.211631739669065,
    3.211631739669065,
    3.211631739669065,
    3.211631739669065,
    3.211631739669065,
    3.211631739669065,
    3.211631739669065,
    3.211631739669065,
    3.211631739669065,
    3.211631739669065,
    3.211631739669065,
    3.211631739669065,
    3.211631739669065,
    3.211631739669065,
    3.211631739669065,
    3.211631739669065,
    3.211631739669065,
    3.211631739669065,
    3.211631739669065,
    3.211631739669065,
    3.211631739669065,
    3.211631739669065,
    3.211631739669065,
    3.211631739669065,
    3.211631739669065,
    3.211631739669065,
    3.211631739669065,
    3.211631739669065,
    3.211631739669065,
    3.211631739669065,
    3.211631739669065,
    3.211631739669065,
    3.211631739669065,
    3.211631739669065,
    3.211631739669065,
    3.211631739669065,
    3.211631739669065,
    3.211631739669065,
    3.211631739669065,
    3.211631739669065,
    3.211631739669065,
    3.211631739669065,
    3.211631739669065,
    3.211631739669065,
    3.211631739669065,
    3.211631739669065,
    3.211631739669065,
    3.211631739669065,
    3.211631739669065,
    3.211631739669065,
    3.211631739669065,
    3.211631739669065,
    3.211631739669065,
    3.211631739669065,
    3.211631739669065,
    3.211631739669065,
    3.211631739669065,
    3.211631739669065,
    3.211631739669065,
    3.211631739669065,
    3.211631739669065,
    3.211631739669065,
    3.211631739669065,
    3.211631739669065,
    3.211631739669065,
    3.211631739669065,
    3.211631739669065,
    3.211631739669065,
    3.211631739669065,
    3.211631739669065,
    3.211631739669065,
    3.211631739669065,
    3.211631739669065,
    3.211631739669065,
    3.211631739669065,
    3.211631739669065,
    3.211631739669065,
    3.211631739669065,
    3.211631739669065,
    3.211631739669065,
    3.211631739669065,
    3.211631739669065,
    3.211631739669065,
    3.211631739669065,
    3.211631739669065,
    3.211631739669065,
    3.211631739669065,
    3.211631739669065,
    3.211631739669065,
    3.211631739669065
  ],
  "config": {
    "n_devices": 80,
    "gamma": 10,
    "alpha": 0.5,
    "local_epochs": 5,
    "local_lr": 0.01,
    "local_momentum": 0.9,
    "distill_epochs": 1,
    "distill_lr": 0.001,
    "temperature": 3.0,
    "public_samples": 20000,
    "synthetic": false,
    "heterogeneity": {
      "config_file": "config/devices/heterogeneity.yaml",
      "overrides": {
        "privacy_sensitivity": {
          "lambda_mult": 1.0
        }
      }
    },