{
  "label": "expC_noblue_s456",
  "phase": 1,
  "exp": "C",
  "method": "PAID-FD",
  "seed": 456,
  "desc": "Ablation: BLUE off (uniform agg)",
  "dataset": "cifar100",
  "summary": {
    "label": "expC_noblue_s456",
    "exp": "C",
    "method": "PAID-FD",
    "seed": 456,
    "desc": "Ablation: BLUE off (uniform agg)",
    "final_acc": 0.6132,
    "best_acc": 0.6167,
    "avg_participation": 0.96,
    "avg_price": 2.1182187542228834,
    "avg_eps_per_round": 2.339272754330576,
    "cumulative_payment": 18165.92234601954,
    "avg_privacy_spent": 233.9272754330576,
    "max_privacy_spent": 646.1073594491764,
    "time_to_targets": {
      "0.45": 3,
      "0.5": 9,
      "0.55": 15,
      "0.58": 24,
      "0.6": 41
    },
    "elapsed_sec": 10646.34935593605
  },
  "accuracies": [
    0.3919,
    0.4244,
    0.4256,
    0.4626,
    0.4517,
    0.4695,
    0.4602,
    0.484,
    0.4995,
    0.5045,
    0.5169,
    0.5299,
    0.5273,
    0.5437,
    0.5419,
    0.5567,
    0.5573,
    0.5578,
    0.5738,
    0.5673,
    0.5618,
    0.5726,
    0.5788,
    0.5744,
    0.5811,
    0.5806,
    0.5812,
    0.5875,
    0.5908,
    0.59,
    0.5863,
    0.593,
    0.5944,
    0.5908,
    0.5943,
    0.5944,
    0.5947,
    0.5855,
    0.5978,
    0.5884,
    0.5923,
    0.6041,
    0.5971,
    0.5902,
    0.598,
    0.6007,
    0.6061,
    0.5966,
    0.5958,
    0.6046,
    0.6087,
    0.6051,
    0.601,
    0.6065,
    0.6004,
    0.6047,
    0.6105,
    0.6034,
    0.6023,
    0.6032,
    0.5998,
    0.6076,
    0.605,
    0.6028,
    0.6114,
    0.6023,
    0.5992,
    0.6064,
    0.6043,
    0.6065,
    0.606,
    0.6066,
    0.6097,
    0.6047,
    0.6064,
    0.6147,
    0.6034,
    0.6074,
    0.6127,
    0.6132,
    0.6052,
    0.6052,
    0.6117,
    0.6047,
    0.6096,
    0.6075,
    0.6149,
    0.6123,
    0.6066,
    0.615,
    0.6036,
    0.6151,
    0.6151,
    0.6058,
    0.6105,
    0.6167,
    0.6146,
    0.6119,
    0.6136,
    0.6132
  ],
  "participation_rates": [
    0.96,
    0.96,
    0.96,
    0.96,
    0.96,
    0.96,
    0.96,
    0.96,
    0.96,
    0.96,
    0.96,
    0.96,
    0.96,
    0.96,
    0.96,
    0.96,
    0.96,
    0.96,
    0.96,
    0.96,
    0.96,
    0.96,
    0.96,
    0.96,
    0.96,
    0.96,
    0.96,
    0.96,
    0.96,
    0.96,
    0.96,
    0.96,
    0.96,
    0.96,
    0.96,
    0.96,
    0.96,
    0.96,
    0.96,
    0.96,
    0.96,
    0.96,
    0.96,
    0.96,
    0.96,
    0.96,
    0.96,
    0.96,
    0.96,
    0.96,
    0.96,
    0.96,
    0.96,
    0.96,
    0.96,
    0.96,
    0.96,
    0.96,
    0.96,
    0.96,
    0.96,
    0.96,
    0.96,
    0.96,
    0.96,
    0.96,
    0.96,
    0.96,
    0.96,
    0.96,
    0.96,
    0.96,
    0.96,
    0.96,
    0.96,
    0.96,
    0.96,
    0.96,
    0.96,
    0.96,
    0.96,
    0.96,
    0.96,
    0.96,
    0.96,
    0.96,
    0.96,
    0.96,
    0.96,
    0.96,
    0.96,
    0.96,
    0.96,
    0.96,
    0.96,
    0.96,
    0.96,
    0.96,
    0.96,
    0.96
  ],
  "prices": [
    2.118218754222883,
    2.118218754222883,
    2.118218754222883,
    2.118218754222883,
    2.118218754222883,
    2.118218754222883,
    2.118218754222883,
    2.118218754222883,
    2.118218754222883,
    2.118218754222883,
    2.118218754222883,
    2.118218754222883,
    2.118218754222883,
    2.118218754222883,
    2.118218754222883,
    2.118218754222883,
    2.118218754222883,
    2.118218754222883,
    2.118218754222883,
    2.118218754222883,
    2.118218754222883,
    2.118218754222883,
    2.118218754222883,
    2.118218754222883,
    2.118218754222883,
    2.118218754222883,
    2.118218754222883,
    2.118218754222883,
    2.118218754222883,
    2.118218754222883,
    2.118218754222883,
    2.118218754222883,
    2.118218754222883,
    2.118218754222883,
    2.118218754222883,
    2.118218754222883,
    2.118218754222883,
    2.118218754222883,
    2.118218754222883,
    2.118218754222883,
    2.118218754222883,
    2.118218754222883,
    2.118218754222883,
    2.118218754222883,
    2.118218754222883,
    2.118218754222883,
    2.118218754222883,
    2.118218754222883,
    2.118218754222883,
    2.118218754222883,
    2.118218754222883,
    2.118218754222883,
    2.118218754222883,
    2.118218754222883,
    2.118218754222883,
    2.118218754222883,
    2.118218754222883,
    2.118218754222883,
    2.118218754222883,
    2.118218754222883,
    2.118218754222883,
    2.118218754222883,
    2.118218754222883,
    2.118218754222883,
    2.118218754222883,
    2.118218754222883,
    2.118218754222883,
    2.118218754222883,
    2.118218754222883,
    2.118218754222883,
    2.118218754222883,
    2.118218754222883,
    2.118218754222883,
    2.118218754222883,
    2.118218754222883,
    2.118218754222883,
    2.118218754222883,
    2.118218754222883,
    2.118218754222883,
    2.118218754222883,
    2.118218754222883,
    2.118218754222883,
    2.118218754222883,
    2.118218754222883,
    2.118218754222883,
    2.118218754222883,
    2.118218754222883,
    2.118218754222883,
    2.118218754222883,
    2.118218754222883,
    2.118218754222883,
    2.118218754222883,
    2.118218754222883,
    2.118218754222883,
    2.118218754222883,
    2.118218754222883,
    2.118218754222883,
    2.118218754222883,
    2.118218754222883,
    2.118218754222883
  ],
  "avg_eps": [
    2.3392727543305756,
    2.3392727543305756,
    2.3392727543305756,
    2.3392727543305756,
    2.3392727543305756,
    2.3392727543305756,
    2.3392727543305756,
    2.3392727543305756,
    2.3392727543305756,
    2.3392727543305756,
    2.3392727543305756,
    2.3392727543305756,
    2.3392727543305756,
    2.3392727543305756,
    2.3392727543305756,
    2.3392727543305756,
    2.3392727543305756,
    2.3392727543305756,
    2.3392727543305756,
    2.3392727543305756,
    2.3392727543305756,
    2.3392727543305756,
    2.3392727543305756,
    2.3392727543305756,
    2.3392727543305756,
    2.3392727543305756,
    2.3392727543305756,
    2.3392727543305756,
    2.3392727543305756,
    2.3392727543305756,
    2.3392727543305756,
    2.3392727543305756,
    2.3392727543305756,
    2.3392727543305756,
    2.3392727543305756,
    2.3392727543305756,
    2.3392727543305756,
    2.3392727543305756,
    2.3392727543305756,
    2.3392727543305756,
    2.3392727543305756,
    2.3392727543305756,
    2.3392727543305756,
    2.3392727543305756,
    2.3392727543305756,
    2.3392727543305756,
    2.3392727543305756,
    2.3392727543305756,
    2.3392727543305756,
    2.3392727543305756,
    2.3392727543305756,
    2.3392727543305756,
    2.3392727543305756,
    2.3392727543305756,
    2.3392727543305756,
    2.3392727543305756,
    2.3392727543305756,
    2.3392727543305756,
    2.3392727543305756,
    2.3392727543305756,
    2.3392727543305756,
    2.3392727543305756,
    2.3392727543305756,
    2.3392727543305756,
    2.3392727543305756,
    2.3392727543305756,
    2.3392727543305756,
    2.3392727543305756,
    2.3392727543305756,
    2.3392727543305756,
    2.3392727543305756,
    2.3392727543305756,
    2.3392727543305756,
    2.3392727543305756,
    2.3392727543305756,
    2.3392727543305756,
    2.3392727543305756,
    2.3392727543305756,
    2.3392727543305756,
    2.3392727543305756,
    2.3392727543305756,
    2.3392727543305756,
    2.3392727543305756,
    2.3392727543305756,
    2.3392727543305756,
    2.3392727543305756,
    2.3392727543305756,
    2.3392727543305756,
    2.3392727543305756,
    2.3392727543305756,
    2.3392727543305756,
    2.3392727543305756,
    2.3392727543305756,
    2.3392727543305756,
    2.3392727543305756,
    2.3392727543305756,
    2.3392727543305756,
    2.3392727543305756,
    2.3392727543305756,
    2.3392727543305756
  ],
  "config": {
    "n_devices": 50,
    "gamma": 5,
    "alpha": 0.5,
    "local_epochs": 5,
    "local_lr": 0.01,
    "local_momentum": 0.9,
    "distill_epochs": 1,
    "distill_lr": 0.001,
    "temperature": 3.0,