{
  "label": "expC_noldp_s123",
  "phase": 1,
  "exp": "C",
  "method": "PAID-FD",
  "seed": 123,
  "desc": "Ablation: no LDP (oracle upper bound)",
  "dataset": "cifar100",
  "summary": {
    "label": "expC_noldp_s123",
    "exp": "C",
    "method": "PAID-FD",
    "seed": 123,
    "desc": "Ablation: no LDP (oracle upper bound)",
    "final_acc": 0.6137,
    "best_acc": 0.6201,
    "avg_participation": 1.0,
    "avg_price": 2.1627860345042302,
    "avg_eps_per_round": 2.310428690074748,
    "cumulative_payment": 18972.67016306829,
    "avg_privacy_spent": 231.04286900747474,
    "max_privacy_spent": 661.723247943378,
    "time_to_targets": {
      "0.45": 4,
      "0.5": 8,
      "0.55": 14,
      "0.58": 22,
      "0.6": 38
    },
    "elapsed_sec": 10810.24784731865
  },
  "accuracies": [
    0.3741,
    0.4307,
    0.436,
    0.4467,
    0.462,
    0.4699,
    0.4856,
    0.4989,
    0.5132,
    0.5212,
    0.5273,
    0.5273,
    0.5394,
    0.5461,
    0.5577,
    0.5511,
    0.5628,
    0.5382,
    0.5697,
    0.5682,
    0.575,
    0.5724,
    0.5871,
    0.5865,
    0.579,
    0.5891,
    0.5912,
    0.5801,
    0.5871,
    0.5874,
    0.5872,
    0.5892,
    0.5855,
    0.5927,
    0.5907,
    0.5957,
    0.5939,
    0.598,
    0.6071,
    0.6,
    0.6028,
    0.5971,
    0.6019,
    0.5979,
    0.5995,
    0.6024,
    0.5997,
    0.6008,
    0.6024,
    0.6044,
    0.6034,
    0.6034,
    0.5999,
    0.6024,
    0.6032,
    0.6079,
    0.6087,
    0.6008,
    0.6037,
    0.6027,
    0.6085,
    0.6097,
    0.6056,
    0.6069,
    0.6111,
    0.6064,
    0.6104,
    0.6148,
    0.6111,
    0.6074,
    0.6077,
    0.6069,
    0.6087,
    0.6117,
    0.6125,
    0.6098,
    0.6134,
    0.6123,
    0.6172,
    0.61,
    0.6115,
    0.6127,
    0.6059,
    0.6112,
    0.6141,
    0.6066,
    0.6111,
    0.6079,
    0.6121,
    0.6126,
    0.6148,
    0.6142,
    0.6149,
    0.6046,
    0.6194,
    0.6101,
    0.6201,
    0.6135,
    0.6134,
    0.6137
  ],
  "participation_rates": [
    1.0,
    1.0,
    1.0,
    1.0,
    1.0,
    1.0,
    1.0,
    1.0,
    1.0,
    1.0,
    1.0,
    1.0,
    1.0,
    1.0,
    1.0,
    1.0,
    1.0,
    1.0,
    1.0,
    1.0,
    1.0,
    1.0,
    1.0,
    1.0,
    1.0,
    1.0,
    1.0,
    1.0,
    1.0,
    1.0,
    1.0,
    1.0,
    1.0,
    1.0,
    1.0,
    1.0,
    1.0,
    1.0,
    1.0,
    1.0,
    1.0,
    1.0,
    1.0,
    1.0,
    1.0,
    1.0,
    1.0,
    1.0,
    1.0,
    1.0,
    1.0,
    1.0,
    1.0,
    1.0,
    1.0,
    1.0,
    1.0,
    1.0,
    1.0,
    1.0,
    1.0,
    1.0,
    1.0,
    1.0,
    1.0,
    1.0,
    1.0,
    1.0,
    1.0,
    1.0,
    1.0,
    1.0,
    1.0,
    1.0,
    1.0,
    1.0,
    1.0,
    1.0,
    1.0,
    1.0,
    1.0,
    1.0,
    1.0,
    1.0,
    1.0,
    1.0,
    1.0,
    1.0,
    1.0,
    1.0,
    1.0,
    1.0,
    1.0,
    1.0,
    1.0,
    1.0,
    1.0,
    1.0,
    1.0,
    1.0
  ],
  "prices": [
    2.162786034504231,
    2.162786034504231,
    2.162786034504231,
    2.162786034504231,
    2.162786034504231,
    2.162786034504231,
    2.162786034504231,
    2.162786034504231,
    2.162786034504231,
    2.162786034504231,
    2.162786034504231,
    2.162786034504231,
    2.162786034504231,
    2.162786034504231,
    2.162786034504231,
    2.162786034504231,
    2.162786034504231,
    2.162786034504231,
    2.162786034504231,
    2.162786034504231,
    2.162786034504231,
    2.162786034504231,
    2.162786034504231,
    2.162786034504231,
    2.162786034504231,
    2.162786034504231,
    2.162786034504231,
    2.162786034504231,
    2.162786034504231,
    2.162786034504231,
    2.162786034504231,
    2.162786034504231,
    2.162786034504231,
    2.162786034504231,
    2.162786034504231,
    2.162786034504231,
    2.162786034504231,
    2.162786034504231,
    2.162786034504231,
    2.162786034504231,
    2.162786034504231,
    2.162786034504231,
    2.162786034504231,
    2.162786034504231,
    2.162786034504231,
    2.162786034504231,
    2.162786034504231,
    2.162786034504231,
    2.162786034504231,
    2.162786034504231,
    2.162786034504231,
    2.162786034504231,
    2.162786034504231,
    2.162786034504231,
    2.162786034504231,
    2.162786034504231,
    2.162786034504231,
    2.162786034504231,
    2.162786034504231,
    2.162786034504231,
    2.162786034504231,
    2.162786034504231,
    2.162786034504231,
    2.162786034504231,
    2.162786034504231,
    2.162786034504231,
    2.162786034504231,
    2.162786034504231,
    2.162786034504231,
    2.162786034504231,
    2.162786034504231,
    2.162786034504231,
    2.162786034504231,
    2.162786034504231,
    2.162786034504231,
    2.162786034504231,
    2.162786034504231,
    2.162786034504231,
    2.162786034504231,
    2.162786034504231,
    2.162786034504231,
    2.162786034504231,
    2.162786034504231,
    2.162786034504231,
    2.162786034504231,
    2.162786034504231,
    2.162786034504231,
    2.162786034504231,
    2.162786034504231,
    2.162786034504231,
    2.162786034504231,
    2.162786034504231,
    2.162786034504231,
    2.162786034504231,
    2.162786034504231,
    2.162786034504231,
    2.162786034504231,
    2.162786034504231,
    2.162786034504231,
    2.162786034504231
  ],
  "avg_eps": [
    2.3104286900747475,
    2.3104286900747475,
    2.3104286900747475,
    2.3104286900747475,
    2.3104286900747475,
    2.3104286900747475,
    2.3104286900747475,
    2.3104286900747475,
    2.3104286900747475,
    2.3104286900747475,
    2.3104286900747475,
    2.3104286900747475,
    2.3104286900747475,
    2.3104286900747475,
    2.3104286900747475,
    2.3104286900747475,
    2.3104286900747475,
    2.3104286900747475,
    2.3104286900747475,
    2.3104286900747475,
    2.3104286900747475,
    2.3104286900747475,
    2.3104286900747475,
    2.3104286900747475,
    2.3104286900747475,
    2.3104286900747475,
    2.3104286900747475,
    2.3104286900747475,
    2.3104286900747475,
    2.3104286900747475,
    2.3104286900747475,
    2.3104286900747475,
    2.3104286900747475,
    2.3104286900747475,
    2.3104286900747475,
    2.3104286900747475,
    2.3104286900747475,
    2.3104286900747475,
    2.3104286900747475,
    2.3104286900747475,
    2.3104286900747475,
    2.3104286900747475,
    2.3104286900747475,
    2.3104286900747475,
    2.3104286900747475,
    2.3104286900747475,
    2.3104286900747475,
    2.3104286900747475,
    2.3104286900747475,
    2.3104286900747475,
    2.3104286900747475,
    2.3104286900747475,
    2.3104286900747475,
    2.3104286900747475,
    2.3104286900747475,
    2.3104286900747475,
    2.3104286900747475,
    2.3104286900747475,
    2.3104286900747475,
    2.3104286900747475,
    2.3104286900747475,
    2.3104286900747475,
    2.3104286900747475,
    2.3104286900747475,
    2.3104286900747475,
    2.3104286900747475,
    2.3104286900747475,
    2.3104286900747475,
    2.3104286900747475,
    2.3104286900747475,
    2.3104286900747475,
    2.3104286900747475,
    2.3104286900747475,
    2.3104286900747475,
    2.3104286900747475,
    2.3104286900747475,
    2.3104286900747475,
    2.3104286900747475,
    2.3104286900747475,
    2.3104286900747475,
    2.3104286900747475,
    2.3104286900747475,
    2.3104286900747475,
    2.3104286900747475,
    2.3104286900747475,
    2.3104286900747475,
    2.3104286900747475,
    2.3104286900747475,
    2.3104286900747475,
    2.3104286900747475,
    2.3104286900747475,
    2.3104286900747475,
    2.3104286900747475,
    2.3104286900747475,
    2.3104286900747475,
    2.3104286900747475,
    2.3104286900747475,
    2.3104286900747475,
    2.3104286900747475,
    2.3104286900747475
  ],
  "config": {
    "n_devices": 50,
    "gamma": 5,
    "alpha": 0.5,
    "local_epochs": 5,
    "local_lr": 0.01,
    "local_momentum": 0.9,
    "distill_epochs": 1,
    "distill_lr": 0.001,
    "temperature": 3.0,
    "public_samples": 20000,
    "synthetic": false,