{
  "label": "expC_noldp_s42",
  "phase": 1,
  "exp": "C",
  "method": "PAID-FD",
  "seed": 42,
  "desc": "Ablation: no LDP (oracle upper bound)",
  "dataset": "cifar100",
  "summary": {
    "label": "expC_noldp_s42",
    "exp": "C",
    "method": "PAID-FD",
    "seed": 42,
    "desc": "Ablation: no LDP (oracle upper bound)",
    "final_acc": 0.6028,
    "best_acc": 0.6155,
    "avg_participation": 1.0,
    "avg_price": 2.316127576128274,
    "avg_eps_per_round": 2.4459885772257692,
    "cumulative_payment": 21146.46193545596,
    "avg_privacy_spent": 244.59885772257704,
    "max_privacy_spent": 725.5286344399938,
    "time_to_targets": {
      "0.45": 5,
      "0.5": 9,
      "0.55": 15,
      "0.58": 28,
      "0.6": 63
    },
    "elapsed_sec": 10766.912166833878
  },
  "accuracies": [
    0.3741,
    0.377,
    0.4339,
    0.4328,
    0.4453,
    0.4616,
    0.4886,
    0.4931,
    0.4892,
    0.5056,
    0.5184,
    0.5199,
    0.5366,
    0.5407,
    0.5476,
    0.5565,
    0.5551,
    0.5586,
    0.5525,
    0.5681,
    0.5695,
    0.5675,
    0.5776,
    0.5569,
    0.5695,
    0.5795,
    0.5775,
    0.5701,
    0.5803,
    0.5797,
    0.5767,
    0.5874,
    0.5898,
    0.5896,
    0.5812,
    0.5906,
    0.5931,
    0.5885,
    0.5914,
    0.5934,
    0.5919,
    0.5968,
    0.5833,
    0.5884,
    0.585,
    0.5889,
    0.5961,
    0.5884,
    0.5966,
    0.5874,
    0.5892,
    0.5937,
    0.5983,
    0.5897,
    0.5981,
    0.5891,
    0.5924,
    0.5985,
    0.5984,
    0.5967,
    0.592,
    0.5909,
    0.5999,
    0.6035,
    0.6007,
    0.5993,
    0.6011,
    0.5947,
    0.6053,
    0.6014,
    0.6049,
    0.6035,
    0.6004,
    0.5977,
    0.6054,
    0.6032,
    0.6057,
    0.6009,
    0.595,
    0.6005,
    0.6044,
    0.6053,
    0.6077,
    0.605,
    0.6064,
    0.6065,
    0.6008,
    0.6035,
    0.6155,
    0.5994,
    0.604,
    0.6093,
    0.6044,
    0.6001,
    0.6069,
    0.6029,
    0.6044,
    0.609,
    0.6099,
    0.6028
  ],
  "participation_rates": [
    1.0,
    1.0,
    1.0,
    1.0,
    1.0,
    1.0,
    1.0,
    1.0,
    1.0,
    1.0,
    1.0,
    1.0,
    1.0,
    1.0,
    1.0,
    1.0,
    1.0,
    1.0,
    1.0,
    1.0,
    1.0,
    1.0,
    1.0,
    1.0,
    1.0,
    1.0,
    1.0,
    1.0,
    1.0,
    1.0,
    1.0,
    1.0,
    1.0,
    1.0,
    1.0,
    1.0,
    1.0,
    1.0,
    1.0,
    1.0,
    1.0,
    1.0,
    1.0,
    1.0,
    1.0,
    1.0,
    1.0,
    1.0,
    1.0,
    1.0,
    1.0,
    1.0,
    1.0,
    1.0,
    1.0,
    1.0,
    1.0,
    1.0,
    1.0,
    1.0,
    1.0,
    1.0,
    1.0,
    1.0,
    1.0,
    1.0,
    1.0,
    1.0,
    1.0,
    1.0,
    1.0,
    1.0,
    1.0,
    1.0,
    1.0,
    1.0,
    1.0,
    1.0,
    1.0,
    1.0,
    1.0,
    1.0,
    1.0,
    1.0,
    1.0,
    1.0,
    1.0,
    1.0,
    1.0,
    1.0,
    1.0,
    1.0,
    1.0,
    1.0,
    1.0,
    1.0,
    1.0,
    1.0,
    1.0,
    1.0
  ],
  "prices": [
    2.316127576128273,
    2.316127576128273,
    2.316127576128273,
    2.316127576128273,
    2.316127576128273,
    2.316127576128273,
    2.316127576128273,
    2.316127576128273,
    2.316127576128273,
    2.316127576128273,
    2.316127576128273,
    2.316127576128273,
    2.316127576128273,
    2.316127576128273,
    2.316127576128273,
    2.316127576128273,
    2.316127576128273,
    2.316127576128273,
    2.316127576128273,
    2.316127576128273,
    2.316127576128273,
    2.316127576128273,
    2.316127576128273,
    2.316127576128273,
    2.316127576128273,
    2.316127576128273,
    2.316127576128273,
    2.316127576128273,
    2.316127576128273,
    2.316127576128273,
    2.316127576128273,
    2.316127576128273,
    2.316127576128273,
    2.316127576128273,
    2.316127576128273,
    2.316127576128273,
    2.316127576128273,
    2.316127576128273,
    2.316127576128273,
    2.316127576128273,
    2.316127576128273,
    2.316127576128273,
    2.316127576128273,
    2.316127576128273,
    2.316127576128273,
    2.316127576128273,
    2.316127576128273,
    2.316127576128273,
    2.316127576128273,
    2.316127576128273,
    2.316127576128273,
    2.316127576128273,
    2.316127576128273,
    2.316127576128273,
    2.316127576128273,
    2.316127576128273,
    2.316127576128273,
    2.316127576128273,
    2.316127576128273,
    2.316127576128273,
    2.316127576128273,
    2.316127576128273,
    2.316127576128273,
    2.316127576128273,
    2.316127576128273,
    2.316127576128273,
    2.316127576128273,
    2.316127576128273,
    2.316127576128273,
    2.316127576128273,
    2.316127576128273,
    2.316127576128273,
    2.316127576128273,
    2.316127576128273,
    2.316127576128273,
    2.316127576128273,
    2.316127576128273,
    2.316127576128273,
    2.316127576128273,
    2.316127576128273,
    2.316127576128273,
    2.316127576128273,
    2.316127576128273,
    2.316127576128273,
    2.316127576128273,
    2.316127576128273,
    2.316127576128273,
    2.316127576128273,
    2.316127576128273,
    2.316127576128273,
    2.316127576128273,
    2.316127576128273,
    2.316127576128273,
    2.316127576128273,
    2.316127576128273,
    2.316127576128273,
    2.316127576128273,
    2.316127576128273,
    2.316127576128273,
    2.316127576128273
  ],
  "avg_eps": [
    2.44598857722577,
    2.44598857722577,
    2.44598857722577,
    2.44598857722577,
    2.44598857722577,
    2.44598857722577,
    2.44598857722577,
    2.44598857722577,
    2.44598857722577,
    2.44598857722577,
    2.44598857722577,
    2.44598857722577,
    2.44598857722577,
    2.44598857722577,
    2.44598857722577,
    2.44598857722577,
    2.44598857722577,
    2.44598857722577,
    2.44598857722577,
    2.44598857722577,
    2.44598857722577,
    2.44598857722577,
    2.44598857722577,
    2.44598857722577,
    2.44598857722577,
    2.44598857722577,
    2.44598857722577,
    2.44598857722577,
    2.44598857722577,
    2.44598857722577,
    2.44598857722577,
    2.44598857722577,
    2.44598857722577,
    2.44598857722577,
    2.44598857722577,
    2.44598857722577,
    2.44598857722577,
    2.44598857722577,
    2.44598857722577,
    2.44598857722577,
    2.44598857722577,
    2.44598857722577,
    2.44598857722577,
    2.44598857722577,
    2.44598857722577,
    2.44598857722577,
    2.44598857722577,
    2.44598857722577,
    2.44598857722577,
    2.44598857722577,
    2.44598857722577,
    2.44598857722577,
    2.44598857722577,
    2.44598857722577,
    2.44598857722577,
    2.44598857722577,
    2.44598857722577,
    2.44598857722577,
    2.44598857722577,
    2.44598857722577,
    2.44598857722577,
    2.44598857722577,
    2.44598857722577,
    2.44598857722577,
    2.44598857722577,
    2.44598857722577,
    2.44598857722577,
    2.44598857722577,
    2.44598857722577,
    2.44598857722577,
    2.44598857722577,
    2.44598857722577,
    2.44598857722577,
    2.44598857722577,
    2.44598857722577,
    2.44598857722577,
    2.44598857722577,
    2.44598857722577,
    2.44598857722577,
    2.44598857722577,
    2.44598857722577,
    2.44598857722577,
    2.44598857722577,
    2.44598857722577,
    2.44598857722577,
    2.44598857722577,
    2.44598857722577,
    2.44598857722577,
    2.44598857722577,
    2.44598857722577,
    2.44598857722577,
    2.44598857722577,
    2.44598857722577,
    2.44598857722577,
    2.44598857722577,
    2.44598857722577,
    2.44598857722577,
    2.44598857722577,
    2.44598857722577,
    2.44598857722577
  ],
  "config": {
    "n_devices": 50,
    "gamma": 5,
    "alpha": 0.5,
    "local_epochs": 5,
    "local_lr": 0.01,
    "local_momentum": 0.9,
    "distill_epochs": 1,
    "distill_lr": 0.001,
    "temperature": 3.0,
    "public_samples": 20000,
    "synthetic": false,
    "heterogeneity": {
      "config_file": "config/devices/heterogeneity.yaml",
      "overrides": {
        "privacy_sensitivity": {
          "lambda_mult": 1.0
        }
      }
    },
    "method_config": {
      "delta": 0.01,
      "clip_bound": 2.0,