{
  "label": "expC_noblue_s123",
  "phase": 1,
  "exp": "C",
  "method": "PAID-FD",
  "seed": 123,
  "desc": "Ablation: BLUE off (uniform agg)",
  "dataset": "cifar100",
  "summary": {
    "label": "expC_noblue_s123",
    "exp": "C",
    "method": "PAID-FD",
    "seed": 123,
    "desc": "Ablation: BLUE off (uniform agg)",
    "final_acc": 0.6145,
    "best_acc": 0.6203,
    "avg_participation": 1.0,
    "avg_price": 2.1627860345042302,
    "avg_eps_per_round": 2.310428690074748,
    "cumulative_payment": 18972.67016306829,
    "avg_privacy_spent": 231.04286900747474,
    "max_privacy_spent": 661.723247943378,
    "time_to_targets": {
      "0.45": 4,
      "0.5": 8,
      "0.55": 14,
      "0.58": 21,
      "0.6": 37
    },
    "elapsed_sec": 10990.916177034378
  },
  "accuracies": [
    0.368,
    0.4244,
    0.4352,
    0.4449,
    0.4563,
    0.471,
    0.4876,
    0.4947,
    0.5083,
    0.5221,
    0.5246,
    0.5268,
    0.5418,
    0.5427,
    0.5585,
    0.5544,
    0.5642,
    0.5462,
    0.5742,
    0.57,
    0.5731,
    0.5803,
    0.5821,
    0.5921,
    0.5812,
    0.5891,
    0.5897,
    0.5836,
    0.5885,
    0.5911,
    0.5883,
    0.5934,
    0.5911,
    0.5978,
    0.5901,
    0.5983,
    0.5923,
    0.6039,
    0.6091,
    0.5966,
    0.6057,
    0.5961,
    0.5973,
    0.604,
    0.5956,
    0.5927,
    0.6022,
    0.5966,
    0.602,
    0.6053,
    0.6087,
    0.6063,
    0.6074,
    0.6051,
    0.6055,
    0.6022,
    0.6109,
    0.6025,
    0.603,
    0.6032,
    0.6089,
    0.6111,
    0.6121,
    0.5993,
    0.6134,
    0.6043,
    0.6054,
    0.6147,
    0.6059,
    0.6061,
    0.6129,
    0.6059,
    0.6066,
    0.6084,
    0.6114,
    0.6083,
    0.6092,
    0.6077,
    0.6099,
    0.6113,
    0.6064,
    0.6128,
    0.6049,
    0.6133,
    0.6128,
    0.6094,
    0.6128,
    0.613,
    0.6143,
    0.6091,
    0.614,
    0.619,
    0.6143,
    0.6172,
    0.6161,
    0.6092,
    0.6203,
    0.6153,
    0.6161,
    0.6145
  ],
  "participation_rates": [
    1.0,
    1.0,
    1.0,
    1.0,
    1.0,
    1.0,
    1.0,
    1.0,
    1.0,
    1.0,
    1.0,
    1.0,
    1.0,
    1.0,
    1.0,
    1.0,
    1.0,
    1.0,
    1.0,
    1.0,
    1.0,
    1.0,
    1.0,
    1.0,
    1.0,
    1.0,
    1.0,
    1.0,
    1.0,
    1.0,
    1.0,
    1.0,
    1.0,
    1.0,
    1.0,
    1.0,
    1.0,
    1.0,
    1.0,
    1.0,
    1.0,
    1.0,
    1.0,
    1.0,
    1.0,
    1.0,
    1.0,
    1.0,
    1.0,
    1.0,
    1.0,
    1.0,
    1.0,
    1.0,
    1.0,
    1.0,
    1.0,
    1.0,
    1.0,
    1.0,
    1.0,
    1.0,
    1.0,
    1.0,
    1.0,
    1.0,
    1.0,
    1.0,
    1.0,
    1.0,
    1.0,
    1.0,
    1.0,
    1.0,
    1.0,
    1.0,
    1.0,
    1.0,
    1.0,
    1.0,
    1.0,
    1.0,
    1.0,
    1.0,
    1.0,
    1.0,
    1.0,
    1.0,
    1.0,
    1.0,
    1.0,
    1.0,
    1.0,
    1.0,
    1.0,
    1.0,
    1.0,
    1.0,
    1.0,
    1.0
  ],
  "prices": [
    2.162786034504231,
    2.162786034504231,
    2.162786034504231,
    2.162786034504231,
    2.162786034504231,
    2.162786034504231,
    2.162786034504231,
    2.162786034504231,
    2.162786034504231,
    2.162786034504231,
    2.162786034504231,
    2.162786034504231,
    2.162786034504231,
    2.162786034504231,
    2.162786034504231,
    2.162786034504231,
    2.162786034504231,
    2.162786034504231,
    2.162786034504231,
    2.162786034504231,
    2.162786034504231,
    2.162786034504231,
    2.162786034504231,
    2.162786034504231,
    2.162786034504231,
    2.162786034504231,
    2.162786034504231,
    2.162786034504231,
    2.162786034504231,
    2.162786034504231,
    2.162786034504231,
    2.162786034504231,
    2.162786034504231,
    2.162786034504231,
    2.162786034504231,
    2.162786034504231,
    2.162786034504231,
    2.162786034504231,
    2.162786034504231,
    2.162786034504231,
    2.162786034504231,
    2.162786034504231,
    2.162786034504231,
    2.162786034504231,
    2.162786034504231,
    2.162786034504231,
    2.162786034504231,
    2.162786034504231,
    2.162786034504231,
    2.162786034504231,
    2.162786034504231,
    2.162786034504231,
    2.162786034504231,
    2.162786034504231,
    2.162786034504231,
    2.162786034504231,
    2.162786034504231,
    2.162786034504231,
    2.162786034504231,
    2.162786034504231,
    2.162786034504231,
    2.162786034504231,
    2.162786034504231,
    2.162786034504231,
    2.162786034504231,
    2.162786034504231,
    2.162786034504231,
    2.162786034504231,
    2.162786034504231,
    2.162786034504231,
    2.162786034504231,
    2.162786034504231,
    2.162786034504231,
    2.162786034504231,
    2.162786034504231,
    2.162786034504231,
    2.162786034504231,
    2.162786034504231,
    2.162786034504231,
    2.162786034504231,
    2.162786034504231,
    2.162786034504231,
    2.162786034504231,
    2.162786034504231,
    2.162786034504231,
    2.162786034504231,
    2.162786034504231,
    2.162786034504231,
    2.162786034504231,
    2.162786034504231,
    2.162786034504231,
    2.162786034504231,
    2.162786034504231,
    2.162786034504231,
    2.162786034504231,
    2.162786034504231,
    2.162786034504231,
    2.162786034504231,
    2.162786034504231,
    2.162786034504231
  ],
  "avg_eps": [
    2.3104286900747475,
    2.3104286900747475,
    2.3104286900747475,
    2.3104286900747475,
    2.3104286900747475,
    2.3104286900747475,
    2.3104286900747475,
    2.3104286900747475,
    2.3104286900747475,
    2.3104286900747475,
    2.3104286900747475,
    2.3104286900747475,
    2.3104286900747475,
    2.3104286900747475,
    2.3104286900747475,
    2.3104286900747475,
    2.3104286900747475,
    2.3104286900747475,
    2.3104286900747475,
    2.3104286900747475,
    2.3104286900747475,
    2.3104286900747475,
    2.3104286900747475,
    2.3104286900747475,
    2.3104286900747475,
    2.3104286900747475,
    2.3104286900747475,
    2.3104286900747475,
    2.3104286900747475,
    2.3104286900747475,
    2.3104286900747475,
    2.3104286900747475,
    2.3104286900747475,
    2.3104286900747475,
    2.3104286900747475,
    2.3104286900747475,
    2.3104286900747475,
    2.3104286900747475,
    2.3104286900747475,
    2.3104286900747475,
    2.3104286900747475,
    2.3104286900747475,
    2.3104286900747475,
    2.3104286900747475,
    2.3104286900747475,
    2.3104286900747475,
    2.3104286900747475,
    2.3104286900747475,
    2.3104286900747475,
    2.3104286900747475,
    2.3104286900747475,
    2.3104286900747475,
    2.3104286900747475,
    2.3104286900747475,
    2.3104286900747475,
    2.3104286900747475,
    2.3104286900747475,
    2.3104286900747475,
    2.3104286900747475,
    2.3104286900747475,
    2.3104286900747475,
    2.3104286900747475,
    2.3104286900747475,
    2.3104286900747475,
    2.3104286900747475,
    2.3104286900747475,
    2.3104286900747475,
    2.3104286900747475,
    2.3104286900747475,
    2.3104286900747475,
    2.3104286900747475,
    2.3104286900747475,
    2.3104286900747475,
    2.3104286900747475,
    2.3104286900747475,
    2.3104286900747475,
    2.3104286900747475,
    2.3104286900747475,
    2.3104286900747475,
    2.3104286900747475,
    2.3104286900747475,
    2.3104286900747475,
    2.3104286900747475,
    2.3104286900747475,
    2.3104286900747475,
    2.3104286900747475,
    2.3104286900747475,
    2.3104286900747475,
    2.3104286900747475,
    2.3104286900747475,
    2.3104286900747475,
    2.3104286900747475,
    2.3104286900747475,
    2.3104286900747475,
    2.3104286900747475,
    2.3104286900747475,
    2.3104286900747475,
    2.3104286900747475,
    2.3104286900747475,
    2.3104286900747475
  ],
  "config": {
    "n_devices": 50,
    "gamma": 5,
    "alpha": 0.5,
    "local_epochs": 5,
    "local_lr": 0.01,
    "local_momentum": 0.9,
    "distill_epochs": 1,
    "distill_lr": 0.001,
    "temperature": 3.0,
    "public_samples": 20000,
    "synthetic": false,