{
  "label": "expC_fullpart_s42",
  "phase": 1,
  "exp": "C",
  "method": "PAID-FD",
  "seed": 42,
  "desc": "Ablation: forced full participation (\u03b3=100)",
  "dataset": "cifar100",
  "summary": {
    "label": "expC_fullpart_s42",
    "exp": "C",
    "method": "PAID-FD",
    "seed": 42,
    "desc": "Ablation: forced full participation (\u03b3=100)",
    "final_acc": 0.6085,
    "best_acc": 0.6136,
    "avg_participation": 1.0,
    "avg_price": 19.975452600868973,
    "avg_eps_per_round": 8.672494198371297,
    "cumulative_payment": 429813.8851647561,
    "avg_privacy_spent": 867.2494198371303,
    "max_privacy_spent": 2312.9065270354045,
    "time_to_targets": {
      "0.45": 5,
      "0.5": 9,
      "0.55": 16,
      "0.58": 25,
      "0.6": 58
    },
    "elapsed_sec": 10949.995055675507
  },
  "accuracies": [
    0.3694,
    0.3767,
    0.4327,
    0.4333,
    0.4455,
    0.463,
    0.4885,
    0.4929,
    0.4889,
    0.5023,
    0.5186,
    0.5233,
    0.5328,
    0.5429,
    0.5485,
    0.5493,
    0.5557,
    0.5565,
    0.5597,
    0.5688,
    0.5733,
    0.567,
    0.5742,
    0.5629,
    0.5724,
    0.5801,
    0.5797,
    0.5774,
    0.5785,
    0.576,
    0.5887,
    0.5854,
    0.5891,
    0.5888,
    0.5812,
    0.5833,
    0.5891,
    0.5879,
    0.59,
    0.5862,
    0.5951,
    0.5978,
    0.5914,
    0.5925,
    0.5884,
    0.584,
    0.5946,
    0.5928,
    0.5975,
    0.5908,
    0.592,
    0.5951,
    0.5957,
    0.5928,
    0.593,
    0.5914,
    0.5953,
    0.5972,
    0.6,
    0.5993,
    0.6041,
    0.5924,
    0.5951,
    0.6017,
    0.6034,
    0.6016,
    0.6044,
    0.6004,
    0.6043,
    0.6039,
    0.6075,
    0.6033,
    0.6064,
    0.6,
    0.6,
    0.6085,
    0.6072,
    0.6034,
    0.6038,
    0.5993,
    0.6045,
    0.6062,
    0.6065,
    0.6072,
    0.6112,
    0.6035,
    0.5987,
    0.6062,
    0.6106,
    0.6043,
    0.6049,
    0.6136,
    0.608,
    0.6016,
    0.6089,
    0.6049,
    0.6047,
    0.6104,
    0.611,
    0.6085
  ],
  "participation_rates": [
    1.0,
    1.0,
    1.0,
    1.0,
    1.0,
    1.0,
    1.0,
    1.0,
    1.0,
    1.0,
    1.0,
    1.0,
    1.0,
    1.0,
    1.0,
    1.0,
    1.0,
    1.0,
    1.0,
    1.0,
    1.0,
    1.0,
    1.0,
    1.0,
    1.0,
    1.0,
    1.0,
    1.0,
    1.0,
    1.0,
    1.0,
    1.0,
    1.0,
    1.0,
    1.0,
    1.0,
    1.0,
    1.0,
    1.0,
    1.0,
    1.0,
    1.0,
    1.0,
    1.0,
    1.0,
    1.0,
    1.0,
    1.0,
    1.0,
    1.0,
    1.0,
    1.0,
    1.0,
    1.0,
    1.0,
    1.0,
    1.0,
    1.0,
    1.0,
    1.0,
    1.0,
    1.0,
    1.0,
    1.0,
    1.0,
    1.0,
    1.0,
    1.0,
    1.0,
    1.0,
    1.0,
    1.0,
    1.0,
    1.0,
    1.0,
    1.0,
    1.0,
    1.0,
    1.0,
    1.0,
    1.0,
    1.0,
    1.0,
    1.0,
    1.0,
    1.0,
    1.0,
    1.0,
    1.0,
    1.0,
    1.0,
    1.0,
    1.0,
    1.0,
    1.0,
    1.0,
    1.0,
    1.0,
    1.0,
    1.0
  ],
  "prices": [
    19.97545260086897,
    19.97545260086897,
    19.97545260086897,
    19.97545260086897,
    19.97545260086897,
    19.97545260086897,
    19.97545260086897,
    19.97545260086897,
    19.97545260086897,
    19.97545260086897,
    19.97545260086897,
    19.97545260086897,
    19.97545260086897,
    19.97545260086897,
    19.97545260086897,
    19.97545260086897,
    19.97545260086897,
    19.97545260086897,
    19.97545260086897,
    19.97545260086897,
    19.97545260086897,
    19.97545260086897,
    19.97545260086897,
    19.97545260086897,
    19.97545260086897,
    19.97545260086897,
    19.97545260086897,
    19.97545260086897,
    19.97545260086897,
    19.97545260086897,
    19.97545260086897,
    19.97545260086897,
    19.97545260086897,
    19.97545260086897,
    19.97545260086897,
    19.97545260086897,
    19.97545260086897,
    19.97545260086897,
    19.97545260086897,
    19.97545260086897,
    19.97545260086897,
    19.97545260086897,
    19.97545260086897,
    19.97545260086897,
    19.97545260086897,
    19.97545260086897,
    19.97545260086897,
    19.97545260086897,
    19.97545260086897,
    19.97545260086897,
    19.97545260086897,
    19.97545260086897,
    19.97545260086897,
    19.97545260086897,
    19.97545260086897,
    19.97545260086897,
    19.97545260086897,
    19.97545260086897,
    19.97545260086897,
    19.97545260086897,
    19.97545260086897,
    19.97545260086897,
    19.97545260086897,
    19.97545260086897,
    19.97545260086897,
    19.97545260086897,
    19.97545260086897,
    19.97545260086897,
    19.97545260086897,
    19.97545260086897,
    19.97545260086897,
    19.97545260086897,
    19.97545260086897,
    19.97545260086897,
    19.97545260086897,
    19.97545260086897,
    19.97545260086897,
    19.97545260086897,
    19.97545260086897,
    19.97545260086897,
    19.97545260086897,
    19.97545260086897,
    19.97545260086897,
    19.97545260086897,
    19.97545260086897,
    19.97545260086897,
    19.97545260086897,
    19.97545260086897,
    19.97545260086897,
    19.97545260086897,
    19.97545260086897,
    19.97545260086897,
    19.97545260086897,
    19.97545260086897,
    19.97545260086897,
    19.97545260086897,
    19.97545260086897,
    19.97545260086897,
    19.97545260086897,
    19.97545260086897
  ],
  "avg_eps": [
    8.6724941983713,
    8.6724941983713,
    8.6724941983713,
    8.6724941983713,
    8.6724941983713,
    8.6724941983713,
    8.6724941983713,
    8.6724941983713,
    8.6724941983713,
    8.6724941983713,
    8.6724941983713,
    8.6724941983713,
    8.6724941983713,
    8.6724941983713,
    8.6724941983713,
    8.6724941983713,
    8.6724941983713,
    8.6724941983713,
    8.6724941983713,
    8.6724941983713,
    8.6724941983713,
    8.6724941983713,
    8.6724941983713,
    8.6724941983713,
    8.6724941983713,
    8.6724941983713,
    8.6724941983713,
    8.6724941983713,
    8.6724941983713,
    8.6724941983713,
    8.6724941983713,
    8.6724941983713,
    8.6724941983713,
    8.6724941983713,
    8.6724941983713,
    8.6724941983713,
    8.6724941983713,
    8.6724941983713,
    8.6724941983713,
    8.6724941983713,
    8.6724941983713,
    8.6724941983713,
    8.6724941983713,
    8.6724941983713,
    8.6724941983713,
    8.6724941983713,
    8.6724941983713,
    8.6724941983713,
    8.6724941983713,
    8.6724941983713,
    8.6724941983713,
    8.6724941983713,
    8.6724941983713,
    8.6724941983713,
    8.6724941983713,
    8.6724941983713,
    8.6724941983713,
    8.6724941983713,
    8.6724941983713,
    8.6724941983713,
    8.6724941983713,
    8.6724941983713,
    8.6724941983713,
    8.6724941983713,
    8.6724941983713,
    8.6724941983713,
    8.6724941983713,
    8.6724941983713,
    8.6724941983713,
    8.6724941983713,
    8.6724941983713,
    8.6724941983713,
    8.6724941983713,
    8.6724941983713,
    8.6724941983713,
    8.6724941983713,
    8.6724941983713,
    8.6724941983713,
    8.6724941983713,
    8.6724941983713,
    8.6724941983713,
    8.6724941983713,
    8.6724941983713,
    8.6724941983713,
    8.6724941983713,
    8.6724941983713,
    8.6724941983713,
    8.6724941983713,
    8.6724941983713,
    8.6724941983713,
    8.6724941983713,
    8.6724941983713,
    8.6724941983713,
    8.6724941983713,
    8.6724941983713,
    8.6724941983713,
    8.6724941983713,
    8.6724941983713,
    8.6724941983713,
    8.6724941983713
  ],
  "config": {
    "n_devices": 50,
    "gamma": 100,
    "alpha": 0.5,
    "local_epochs": 5,
    "local_lr": 0.01,
    "local_momentum": 0.9,
    "distill_epochs": 1,
    "distill_lr": 0.001,
    "temperature": 3.0,
    "public_samples": 20000,
    "synthetic": false,
    "heterogeneity": {
      "config_file": "config/devices/heterogeneity.yaml",
      "overrides": {
        "privacy_sensitivity": {
          "lambda_mult": 1.0
        }
      }
    },
    "method_config": {
      "delta": 0.01,
      "clip_bound": 2.0,
      "ema_momentum": 0.9,
      "distill_alpha": 0.7,
      "temperature": 3.0,