{
  "label": "expC_fullpart_s123",
  "phase": 1,
  "exp": "C",
  "method": "PAID-FD",
  "seed": 123,
  "desc": "Ablation: forced full participation (\u03b3=100)",
  "dataset": "cifar100",
  "summary": {
    "label": "expC_fullpart_s123",
    "exp": "C",
    "method": "PAID-FD",
    "seed": 123,
    "desc": "Ablation: forced full participation (\u03b3=100)",
    "final_acc": 0.6133,
    "best_acc": 0.6221,
    "avg_participation": 1.0,
    "avg_price": 19.918372562647242,
    "avg_eps_per_round": 8.606455991965499,
    "cumulative_payment": 429822.71206513396,
    "avg_privacy_spent": 860.6455991965493,
    "max_privacy_spent": 2245.8636412020956,
    "time_to_targets": {
      "0.45": 4,
      "0.5": 8,
      "0.55": 14,
      "0.58": 22,
      "0.6": 38
    },
    "elapsed_sec": 10974.907848834991
  },
  "accuracies": [
    0.3735,
    0.4307,
    0.4348,
    0.4481,
    0.4585,
    0.465,
    0.4855,
    0.4985,
    0.5117,
    0.5265,
    0.5288,
    0.5289,
    0.5399,
    0.5473,
    0.561,
    0.5525,
    0.5679,
    0.545,
    0.5745,
    0.5647,
    0.5732,
    0.5736,
    0.5832,
    0.5859,
    0.5747,
    0.5922,
    0.5939,
    0.5865,
    0.5903,
    0.5907,
    0.588,
    0.5933,
    0.5856,
    0.5956,
    0.5882,
    0.5975,
    0.5945,
    0.5977,
    0.6057,
    0.6038,
    0.6032,
    0.6006,
    0.5986,
    0.5972,
    0.6036,
    0.596,
    0.5979,
    0.5982,
    0.6026,
    0.6067,
    0.6035,
    0.6011,
    0.6017,
    0.5987,
    0.6025,
    0.5981,
    0.6079,
    0.5993,
    0.5991,
    0.6031,
    0.6048,
    0.608,
    0.6113,
    0.606,
    0.6135,
    0.6128,
    0.6095,
    0.6103,
    0.6099,
    0.6104,
    0.6121,
    0.6078,
    0.6121,
    0.6135,
    0.6099,
    0.6093,
    0.6053,
    0.6125,
    0.6136,
    0.6055,
    0.6122,
    0.6114,
    0.6095,
    0.6107,
    0.6068,
    0.6087,
    0.607,
    0.6101,
    0.6167,
    0.6139,
    0.6077,
    0.6173,
    0.6117,
    0.6091,
    0.6103,
    0.6126,
    0.6221,
    0.6155,
    0.6098,
    0.6133
  ],
  "participation_rates": [
    1.0,
    1.0,
    1.0,
    1.0,
    1.0,
    1.0,
    1.0,
    1.0,
    1.0,
    1.0,
    1.0,
    1.0,
    1.0,
    1.0,
    1.0,
    1.0,
    1.0,
    1.0,
    1.0,
    1.0,
    1.0,
    1.0,
    1.0,
    1.0,
    1.0,
    1.0,
    1.0,
    1.0,
    1.0,
    1.0,
    1.0,
    1.0,
    1.0,
    1.0,
    1.0,
    1.0,
    1.0,
    1.0,
    1.0,
    1.0,
    1.0,
    1.0,
    1.0,
    1.0,
    1.0,
    1.0,
    1.0,
    1.0,
    1.0,
    1.0,
    1.0,
    1.0,
    1.0,
    1.0,
    1.0,
    1.0,
    1.0,
    1.0,
    1.0,
    1.0,
    1.0,
    1.0,
    1.0,
    1.0,
    1.0,
    1.0,
    1.0,
    1.0,
    1.0,
    1.0,
    1.0,
    1.0,
    1.0,
    1.0,
    1.0,
    1.0,
    1.0,
    1.0,
    1.0,
    1.0,
    1.0,
    1.0,
    1.0,
    1.0,
    1.0,
    1.0,
    1.0,
    1.0,
    1.0,
    1.0,
    1.0,
    1.0,
    1.0,
    1.0,
    1.0,
    1.0,
    1.0,
    1.0,
    1.0,
    1.0
  ],
  "prices": [
    19.918372562647242,
    19.918372562647242,
    19.918372562647242,
    19.918372562647242,
    19.918372562647242,
    19.918372562647242,
    19.918372562647242,
    19.918372562647242,
    19.918372562647242,
    19.918372562647242,
    19.918372562647242,
    19.918372562647242,
    19.918372562647242,
    19.918372562647242,
    19.918372562647242,
    19.918372562647242,
    19.918372562647242,
    19.918372562647242,
    19.918372562647242,
    19.918372562647242,
    19.918372562647242,
    19.918372562647242,
    19.918372562647242,
    19.918372562647242,
    19.918372562647242,
    19.918372562647242,
    19.918372562647242,
    19.918372562647242,
    19.918372562647242,
    19.918372562647242,
    19.918372562647242,
    19.918372562647242,
    19.918372562647242,
    19.918372562647242,
    19.918372562647242,
    19.918372562647242,
    19.918372562647242,
    19.918372562647242,
    19.918372562647242,
    19.918372562647242,
    19.918372562647242,
    19.918372562647242,
    19.918372562647242,
    19.918372562647242,
    19.918372562647242,
    19.918372562647242,
    19.918372562647242,
    19.918372562647242,
    19.918372562647242,
    19.918372562647242,
    19.918372562647242,
    19.918372562647242,
    19.918372562647242,
    19.918372562647242,
    19.918372562647242,
    19.918372562647242,
    19.918372562647242,
    19.918372562647242,
    19.918372562647242,
    19.918372562647242,
    19.918372562647242,
    19.918372562647242,
    19.918372562647242,
    19.918372562647242,
    19.918372562647242,
    19.918372562647242,
    19.918372562647242,
    19.918372562647242,
    19.918372562647242,
    19.918372562647242,
    19.918372562647242,
    19.918372562647242,
    19.918372562647242,
    19.918372562647242,
    19.918372562647242,
    19.918372562647242,
    19.918372562647242,
    19.918372562647242,
    19.918372562647242,
    19.918372562647242,
    19.918372562647242,
    19.918372562647242,
    19.918372562647242,
    19.918372562647242,
    19.918372562647242,
    19.918372562647242,
    19.918372562647242,
    19.918372562647242,
    19.918372562647242,
    19.918372562647242,
    19.918372562647242,
    19.918372562647242,
    19.918372562647242,
    19.918372562647242,
    19.918372562647242,
    19.918372562647242,
    19.918372562647242,
    19.918372562647242,
    19.918372562647242,
    19.918372562647242
  ],
  "avg_eps": [
    8.606455991965497,
    8.606455991965497,
    8.606455991965497,
    8.606455991965497,
    8.606455991965497,
    8.606455991965497,
    8.606455991965497,
    8.606455991965497,
    8.606455991965497,
    8.606455991965497,
    8.606455991965497,
    8.606455991965497,
    8.606455991965497,
    8.606455991965497,
    8.606455991965497,
    8.606455991965497,
    8.606455991965497,
    8.606455991965497,
    8.606455991965497,
    8.606455991965497,
    8.606455991965497,
    8.606455991965497,
    8.606455991965497,
    8.606455991965497,
    8.606455991965497,
    8.606455991965497,
    8.606455991965497,
    8.606455991965497,
    8.606455991965497,
    8.606455991965497,
    8.606455991965497,
    8.606455991965497,
    8.606455991965497,
    8.606455991965497,
    8.606455991965497,
    8.606455991965497,
    8.606455991965497,
    8.606455991965497,
    8.606455991965497,
    8.606455991965497,
    8.606455991965497,
    8.606455991965497,
    8.606455991965497,
    8.606455991965497,
    8.606455991965497,
    8.606455991965497,
    8.606455991965497,
    8.606455991965497,
    8.606455991965497,
    8.606455991965497,
    8.606455991965497,
    8.606455991965497,
    8.606455991965497,
    8.606455991965497,
    8.606455991965497,
    8.606455991965497,
    8.606455991965497,
    8.606455991965497,
    8.606455991965497,
    8.606455991965497,
    8.606455991965497,
    8.606455991965497,
    8.606455991965497,
    8.606455991965497,
    8.606455991965497,
    8.606455991965497,
    8.606455991965497,
    8.606455991965497,
    8.606455991965497,
    8.606455991965497,
    8.606455991965497,
    8.606455991965497,
    8.606455991965497,
    8.606455991965497,
    8.606455991965497,
    8.606455991965497,
    8.606455991965497,
    8.606455991965497,
    8.606455991965497,
    8.606455991965497,
    8.606455991965497,
    8.606455991965497,
    8.606455991965497,
    8.606455991965497,
    8.606455991965497,
    8.606455991965497,
    8.606455991965497,
    8.606455991965497,
    8.606455991965497,
    8.606455991965497,
    8.606455991965497,
    8.606455991965497,
    8.606455991965497,
    8.606455991965497,
    8.606455991965497,
    8.606455991965497,
    8.606455991965497,
    8.606455991965497,
    8.606455991965497,
    8.606455991965497
  ],
  "config": {
    "n_devices": 50,
    "gamma": 100,
    "alpha": 0.5,
    "local_epochs": 5,
    "local_lr": 0.01,
    "local_momentum": 0.9,
    "distill_epochs": 1,
    "distill_lr": 0.001,
    "temperature": 3.0,
    "public_samples": 20000,
    "synthetic": false,