{
  "label": "expC_noldp_s456",
  "phase": 1,
  "exp": "C",
  "method": "PAID-FD",
  "seed": 456,
  "desc": "Ablation: no LDP (oracle upper bound)",
  "dataset": "cifar100",
  "summary": {
    "label": "expC_noldp_s456",
    "exp": "C",
    "method": "PAID-FD",
    "seed": 456,
    "desc": "Ablation: no LDP (oracle upper bound)",
    "final_acc": 0.6068,
    "best_acc": 0.6176,
    "avg_participation": 0.96,
    "avg_price": 2.1182187542228834,
    "avg_eps_per_round": 2.339272754330576,
    "cumulative_payment": 18165.92234601954,
    "avg_privacy_spent": 233.9272754330576,
    "max_privacy_spent": 646.1073594491764,
    "time_to_targets": {
      "0.45": 3,
      "0.5": 9,
      "0.55": 16,
      "0.58": 22,
      "0.6": 41
    },
    "elapsed_sec": 10397.578731060028
  },
  "accuracies": [
    0.3949,
    0.4255,
    0.4283,
    0.4581,
    0.4567,
    0.4724,
    0.4601,
    0.4799,
    0.4958,
    0.5078,
    0.5173,
    0.5347,
    0.5261,
    0.5456,
    0.5345,
    0.5491,
    0.5592,
    0.557,
    0.5748,
    0.5666,
    0.5687,
    0.5709,
    0.5806,
    0.5799,
    0.5812,
    0.5759,
    0.5819,
    0.5837,
    0.5909,
    0.5932,
    0.5877,
    0.5981,
    0.5926,
    0.5923,
    0.5922,
    0.5914,
    0.5937,
    0.5854,
    0.5854,
    0.5976,
    0.5884,
    0.6031,
    0.5962,
    0.5955,
    0.597,
    0.5991,
    0.6021,
    0.6014,
    0.601,
    0.6021,
    0.5991,
    0.6062,
    0.599,
    0.603,
    0.6013,
    0.6002,
    0.6075,
    0.6076,
    0.6099,
    0.6053,
    0.6056,
    0.5998,
    0.6091,
    0.6011,
    0.615,
    0.6056,
    0.6002,
    0.6078,
    0.6028,
    0.6006,
    0.6079,
    0.6062,
    0.6034,
    0.598,
    0.6012,
    0.6075,
    0.6069,
    0.6052,
    0.6155,
    0.6093,
    0.6049,
    0.6069,
    0.6092,
    0.6058,
    0.6134,
    0.6079,
    0.6088,
    0.6106,
    0.6057,
    0.6117,
    0.6146,
    0.614,
    0.6105,
    0.6095,
    0.6106,
    0.6091,
    0.6137,
    0.6072,
    0.6176,
    0.6068
  ],
  "participation_rates": [
    0.96,
    0.96,
    0.96,
    0.96,
    0.96,
    0.96,
    0.96,
    0.96,
    0.96,
    0.96,
    0.96,
    0.96,
    0.96,
    0.96,
    0.96,
    0.96,
    0.96,
    0.96,
    0.96,
    0.96,
    0.96,
    0.96,
    0.96,
    0.96,
    0.96,
    0.96,
    0.96,
    0.96,
    0.96,
    0.96,
    0.96,
    0.96,
    0.96,
    0.96,
    0.96,
    0.96,
    0.96,
    0.96,
    0.96,
    0.96,
    0.96,
    0.96,
    0.96,
    0.96,
    0.96,
    0.96,
    0.96,
    0.96,
    0.96,
    0.96,
    0.96,
    0.96,
    0.96,
    0.96,
    0.96,
    0.96,
    0.96,
    0.96,
    0.96,
    0.96,
    0.96,
    0.96,
    0.96,
    0.96,
    0.96,
    0.96,
    0.96,
    0.96,
    0.96,
    0.96,
    0.96,
    0.96,
    0.96,
    0.96,
    0.96,
    0.96,
    0.96,
    0.96,
    0.96,
    0.96,
    0.96,
    0.96,
    0.96,
    0.96,
    0.96,
    0.96,
    0.96,
    0.96,
    0.96,
    0.96,
    0.96,
    0.96,
    0.96,
    0.96,
    0.96,
    0.96,
    0.96,
    0.96,
    0.96,
    0.96
  ],
  "prices": [
    2.118218754222883,
    2.118218754222883,
    2.118218754222883,
    2.118218754222883,
    2.118218754222883,
    2.118218754222883,
    2.118218754222883,
    2.118218754222883,
    2.118218754222883,
    2.118218754222883,
    2.118218754222883,
    2.118218754222883,
    2.118218754222883,
    2.118218754222883,
    2.118218754222883,
    2.118218754222883,
    2.118218754222883,
    2.118218754222883,
    2.118218754222883,
    2.118218754222883,
    2.118218754222883,
    2.118218754222883,
    2.118218754222883,
    2.118218754222883,
    2.118218754222883,
    2.118218754222883,
    2.118218754222883,
    2.118218754222883,
    2.118218754222883,
    2.118218754222883,
    2.118218754222883,
    2.118218754222883,
    2.118218754222883,
    2.118218754222883,
    2.118218754222883,
    2.118218754222883,
    2.118218754222883,
    2.118218754222883,
    2.118218754222883,
    2.118218754222883,
    2.118218754222883,
    2.118218754222883,
    2.118218754222883,
    2.118218754222883,
    2.118218754222883,
    2.118218754222883,
    2.118218754222883,
    2.118218754222883,
    2.118218754222883,
    2.118218754222883,
    2.118218754222883,
    2.118218754222883,
    2.118218754222883,
    2.118218754222883,
    2.118218754222883,
    2.118218754222883,
    2.118218754222883,
    2.118218754222883,
    2.118218754222883,
    2.118218754222883,
    2.118218754222883,
    2.118218754222883,
    2.118218754222883,
    2.118218754222883,
    2.118218754222883,
    2.118218754222883,
    2.118218754222883,
    2.118218754222883,
    2.118218754222883,
    2.118218754222883,
    2.118218754222883,
    2.118218754222883,
    2.118218754222883,
    2.118218754222883,
    2.118218754222883,
    2.118218754222883,
    2.118218754222883,
    2.118218754222883,
    2.118218754222883,
    2.118218754222883,
    2.118218754222883,
    2.118218754222883,
    2.118218754222883,
    2.118218754222883,
    2.118218754222883,
    2.118218754222883,
    2.118218754222883,
    2.118218754222883,
    2.118218754222883,
    2.118218754222883,
    2.118218754222883,
    2.118218754222883,
    2.118218754222883,
    2.118218754222883,
    2.118218754222883,
    2.118218754222883,
    2.118218754222883,
    2.118218754222883,
    2.118218754222883,
    2.118218754222883
  ],
  "avg_eps": [
    2.3392727543305756,
    2.3392727543305756,
    2.3392727543305756,
    2.3392727543305756,
    2.3392727543305756,
    2.3392727543305756,
    2.3392727543305756,
    2.3392727543305756,
    2.3392727543305756,
    2.3392727543305756,
    2.3392727543305756,
    2.3392727543305756,
    2.3392727543305756,
    2.3392727543305756,
    2.3392727543305756,
    2.3392727543305756,
    2.3392727543305756,
    2.3392727543305756,
    2.3392727543305756,
    2.3392727543305756,
    2.3392727543305756,
    2.3392727543305756,
    2.3392727543305756,
    2.3392727543305756,
    2.3392727543305756,
    2.3392727543305756,
    2.3392727543305756,
    2.3392727543305756,
    2.3392727543305756,
    2.3392727543305756,
    2.3392727543305756,
    2.3392727543305756,
    2.3392727543305756,
    2.3392727543305756,
    2.3392727543305756,
    2.3392727543305756,
    2.3392727543305756,
    2.3392727543305756,
    2.3392727543305756,
    2.3392727543305756,
    2.3392727543305756,
    2.3392727543305756,
    2.3392727543305756,
    2.3392727543305756,
    2.3392727543305756,
    2.3392727543305756,
    2.3392727543305756,
    2.3392727543305756,
    2.3392727543305756,
    2.3392727543305756,
    2.3392727543305756,
    2.3392727543305756,
    2.3392727543305756,
    2.3392727543305756,
    2.3392727543305756,
    2.3392727543305756,
    2.3392727543305756,
    2.3392727543305756,
    2.3392727543305756,
    2.3392727543305756,
    2.3392727543305756,
    2.3392727543305756,
    2.3392727543305756,
    2.3392727543305756,
    2.3392727543305756,
    2.3392727543305756,
    2.3392727543305756,
    2.3392727543305756,
    2.3392727543305756,
    2.3392727543305756,
    2.3392727543305756,
    2.3392727543305756,
    2.3392727543305756,
    2.3392727543305756,
    2.3392727543305756,
    2.3392727543305756,
    2.3392727543305756,
    2.3392727543305756,
    2.3392727543305756,
    2.3392727543305756,
    2.3392727543305756,
    2.3392727543305756,
    2.3392727543305756,
    2.3392727543305756,
    2.3392727543305756,
    2.3392727543305756,
    2.3392727543305756,
    2.3392727543305756,
    2.3392727543305756,
    2.3392727543305756,
    2.3392727543305756,
    2.3392727543305756,
    2.3392727543305756,
    2.3392727543305756,
    2.3392727543305756,
    2.3392727543305756,
    2.3392727543305756,
    2.3392727543305756,
    2.3392727543305756,
    2.3392727543305756
  ],
  "config": {
    "n_devices": 50,
    "gamma": 5,
    "alpha": 0.5,
    "local_epochs": 5,
    "local_lr": 0.01,
    "local_momentum": 0.9,
    "distill_epochs": 1,
    "distill_lr": 0.001,
    "temperature": 3.0,