{
  "label": "expC_fullpart_s456",
  "phase": 1,
  "exp": "C",
  "method": "PAID-FD",
  "seed": 456,
  "desc": "Ablation: forced full participation (\u03b3=100)",
  "dataset": "cifar100",
  "summary": {
    "label": "expC_fullpart_s456",
    "exp": "C",
    "method": "PAID-FD",
    "seed": 456,
    "desc": "Ablation: forced full participation (\u03b3=100)",
    "final_acc": 0.6062,
    "best_acc": 0.6132,
    "avg_participation": 1.0,
    "avg_price": 19.87671744559106,
    "avg_eps_per_round": 8.534667661663676,
    "cumulative_payment": 430800.1111709046,
    "avg_privacy_spent": 853.4667661663678,
    "max_privacy_spent": 2250.6285789882027,
    "time_to_targets": {
      "0.45": 4,
      "0.5": 7,
      "0.55": 15,
      "0.58": 28,
      "0.6": 58
    },
    "elapsed_sec": 11075.269265174866
  },
  "accuracies": [
    0.3882,
    0.4022,
    0.4424,
    0.4439,
    0.4698,
    0.4722,
    0.4957,
    0.5067,
    0.5044,
    0.5103,
    0.5117,
    0.5279,
    0.5305,
    0.5499,
    0.5397,
    0.5512,
    0.5474,
    0.5604,
    0.5626,
    0.5716,
    0.5697,
    0.5702,
    0.5704,
    0.5762,
    0.5746,
    0.5781,
    0.5726,
    0.5759,
    0.589,
    0.5786,
    0.5841,
    0.5875,
    0.591,
    0.5791,
    0.5824,
    0.5857,
    0.5866,
    0.5931,
    0.5849,
    0.5814,
    0.5909,
    0.5912,
    0.5938,
    0.5927,
    0.5921,
    0.5921,
    0.5926,
    0.5941,
    0.5992,
    0.5862,
    0.5968,
    0.5972,
    0.5919,
    0.5911,
    0.5981,
    0.5975,
    0.5983,
    0.5945,
    0.6003,
    0.5994,
    0.5972,
    0.5975,
    0.5986,
    0.5993,
    0.6068,
    0.5981,
    0.6065,
    0.605,
    0.6003,
    0.6005,
    0.6008,
    0.6019,
    0.6111,
    0.5986,
    0.6055,
    0.6024,
    0.6012,
    0.6039,
    0.6073,
    0.6058,
    0.6038,
    0.6009,
    0.6065,
    0.6084,
    0.6014,
    0.6034,
    0.6071,
    0.6112,
    0.5995,
    0.6096,
    0.6046,
    0.6043,
    0.6018,
    0.6082,
    0.6132,
    0.6085,
    0.6087,
    0.6118,
    0.605,
    0.6062
  ],
  "participation_rates": [
    1.0,
    1.0,
    1.0,
    1.0,
    1.0,
    1.0,
    1.0,
    1.0,
    1.0,
    1.0,
    1.0,
    1.0,
    1.0,
    1.0,
    1.0,
    1.0,
    1.0,
    1.0,
    1.0,
    1.0,
    1.0,
    1.0,
    1.0,
    1.0,
    1.0,
    1.0,
    1.0,
    1.0,
    1.0,
    1.0,
    1.0,
    1.0,
    1.0,
    1.0,
    1.0,
    1.0,
    1.0,
    1.0,
    1.0,
    1.0,
    1.0,
    1.0,
    1.0,
    1.0,
    1.0,
    1.0,
    1.0,
    1.0,
    1.0,
    1.0,
    1.0,
    1.0,
    1.0,
    1.0,
    1.0,
    1.0,
    1.0,
    1.0,
    1.0,
    1.0,
    1.0,
    1.0,
    1.0,
    1.0,
    1.0,
    1.0,
    1.0,
    1.0,
    1.0,
    1.0,
    1.0,
    1.0,
    1.0,
    1.0,
    1.0,
    1.0,
    1.0,
    1.0,
    1.0,
    1.0,
    1.0,
    1.0,
    1.0,
    1.0,
    1.0,
    1.0,
    1.0,
    1.0,
    1.0,
    1.0,
    1.0,
    1.0,
    1.0,
    1.0,
    1.0,
    1.0,
    1.0,
    1.0,
    1.0,
    1.0
  ],
  "prices": [
    19.876717445591062,
    19.876717445591062,
    19.876717445591062,
    19.876717445591062,
    19.876717445591062,
    19.876717445591062,
    19.876717445591062,
    19.876717445591062,
    19.876717445591062,
    19.876717445591062,
    19.876717445591062,
    19.876717445591062,
    19.876717445591062,
    19.876717445591062,
    19.876717445591062,
    19.876717445591062,
    19.876717445591062,
    19.876717445591062,
    19.876717445591062,
    19.876717445591062,
    19.876717445591062,
    19.876717445591062,
    19.876717445591062,
    19.876717445591062,
    19.876717445591062,
    19.876717445591062,
    19.876717445591062,
    19.876717445591062,
    19.876717445591062,
    19.876717445591062,
    19.876717445591062,
    19.876717445591062,
    19.876717445591062,
    19.876717445591062,
    19.876717445591062,
    19.876717445591062,
    19.876717445591062,
    19.876717445591062,
    19.876717445591062,
    19.876717445591062,
    19.876717445591062,
    19.876717445591062,
    19.876717445591062,
    19.876717445591062,
    19.876717445591062,
    19.876717445591062,
    19.876717445591062,
    19.876717445591062,
    19.876717445591062,
    19.876717445591062,
    19.876717445591062,
    19.876717445591062,
    19.876717445591062,
    19.876717445591062,
    19.876717445591062,
    19.876717445591062,
    19.876717445591062,
    19.876717445591062,
    19.876717445591062,
    19.876717445591062,
    19.876717445591062,
    19.876717445591062,
    19.876717445591062,
    19.876717445591062,
    19.876717445591062,
    19.876717445591062,
    19.876717445591062,
    19.876717445591062,
    19.876717445591062,
    19.876717445591062,
    19.876717445591062,
    19.876717445591062,
    19.876717445591062,
    19.876717445591062,
    19.876717445591062,
    19.876717445591062,
    19.876717445591062,
    19.876717445591062,
    19.876717445591062,
    19.876717445591062,
    19.876717445591062,
    19.876717445591062,
    19.876717445591062,
    19.876717445591062,
    19.876717445591062,
    19.876717445591062,
    19.876717445591062,
    19.876717445591062,
    19.876717445591062,
    19.876717445591062,
    19.876717445591062,
    19.876717445591062,
    19.876717445591062,
    19.876717445591062,
    19.876717445591062,
    19.876717445591062,
    19.876717445591062,
    19.876717445591062,
    19.876717445591062,
    19.876717445591062
  ],
  "avg_eps": [
    8.534667661663677,
    8.534667661663677,
    8.534667661663677,
    8.534667661663677,
    8.534667661663677,
    8.534667661663677,
    8.534667661663677,
    8.534667661663677,
    8.534667661663677,
    8.534667661663677,
    8.534667661663677,
    8.534667661663677,
    8.534667661663677,
    8.534667661663677,
    8.534667661663677,
    8.534667661663677,
    8.534667661663677,
    8.534667661663677,
    8.534667661663677,
    8.534667661663677,
    8.534667661663677,
    8.534667661663677,
    8.534667661663677,
    8.534667661663677,
    8.534667661663677,
    8.534667661663677,
    8.534667661663677,
    8.534667661663677,
    8.534667661663677,
    8.534667661663677,
    8.534667661663677,
    8.534667661663677,
    8.534667661663677,
    8.534667661663677,
    8.534667661663677,
    8.534667661663677,
    8.534667661663677,
    8.534667661663677,
    8.534667661663677,
    8.534667661663677,
    8.534667661663677,
    8.534667661663677,
    8.534667661663677,
    8.534667661663677,
    8.534667661663677,
    8.534667661663677,
    8.534667661663677,
    8.534667661663677,
    8.534667661663677,
    8.534667661663677,
    8.534667661663677,
    8.534667661663677,
    8.534667661663677,
    8.534667661663677,
    8.534667661663677,
    8.534667661663677,
    8.534667661663677,
    8.534667661663677,
    8.534667661663677,
    8.534667661663677,
    8.534667661663677,
    8.534667661663677,
    8.534667661663677,
    8.534667661663677,
    8.534667661663677,
    8.534667661663677,
    8.534667661663677,
    8.534667661663677,
    8.534667661663677,
    8.534667661663677,
    8.534667661663677,
    8.534667661663677,
    8.534667661663677,
    8.534667661663677,
    8.534667661663677,
    8.534667661663677,
    8.534667661663677,
    8.534667661663677,
    8.534667661663677,
    8.534667661663677,
    8.534667661663677,
    8.534667661663677,
    8.534667661663677,
    8.534667661663677,
    8.534667661663677,
    8.534667661663677,
    8.534667661663677,
    8.534667661663677,
    8.534667661663677,
    8.534667661663677,
    8.534667661663677,
    8.534667661663677,
    8.534667661663677,
    8.534667661663677,
    8.534667661663677,
    8.534667661663677,
    8.534667661663677,
    8.534667661663677,
    8.534667661663677,
    8.534667661663677
  ],
  "config": {
    "n_devices": 50,
    "gamma": 100,
    "alpha": 0.5,
    "local_epochs": 5,
    "local_lr": 0.01,
    "local_momentum": 0.9,
    "distill_epochs": 1,
    "distill_lr": 0.001,
    "temperature": 3.0,
    "public_samples": 20000,
    "synthetic": false,