{
  "label": "expC_noblue_s42",
  "phase": 1,
  "exp": "C",
  "method": "PAID-FD",
  "seed": 42,
  "desc": "Ablation: BLUE off (uniform agg)",
  "dataset": "cifar100",
  "summary": {
    "label": "expC_noblue_s42",
    "exp": "C",
    "method": "PAID-FD",
    "seed": 42,
    "desc": "Ablation: BLUE off (uniform agg)",
    "final_acc": 0.6087,
    "best_acc": 0.6111,
    "avg_participation": 1.0,
    "avg_price": 2.316127576128274,
    "avg_eps_per_round": 2.4459885772257692,
    "cumulative_payment": 21146.46193545596,
    "avg_privacy_spent": 244.59885772257704,
    "max_privacy_spent": 725.5286344399938,
    "time_to_targets": {
      "0.45": 5,
      "0.5": 9,
      "0.55": 15,
      "0.58": 26,
      "0.6": 53
    },
    "elapsed_sec": 10988.920657396317
  },
  "accuracies": [
    0.3746,
    0.3761,
    0.4289,
    0.441,
    0.4423,
    0.4656,
    0.4865,
    0.4903,
    0.4822,
    0.5078,
    0.5174,
    0.5209,
    0.5371,
    0.5442,
    0.5461,
    0.5585,
    0.554,
    0.5606,
    0.5512,
    0.5668,
    0.5633,
    0.5691,
    0.5773,
    0.5614,
    0.5742,
    0.5764,
    0.5818,
    0.5775,
    0.5812,
    0.5853,
    0.5818,
    0.5794,
    0.5913,
    0.5862,
    0.5814,
    0.5897,
    0.5856,
    0.5909,
    0.5969,
    0.5913,
    0.5938,
    0.5946,
    0.5847,
    0.594,
    0.5855,
    0.5934,
    0.5964,
    0.5928,
    0.5969,
    0.5883,
    0.5957,
    0.5927,
    0.5973,
    0.6011,
    0.5986,
    0.592,
    0.594,
    0.5922,
    0.6003,
    0.5899,
    0.5992,
    0.597,
    0.5978,
    0.6002,
    0.6035,
    0.5968,
    0.5966,
    0.5976,
    0.6023,
    0.6028,
    0.5985,
    0.6087,
    0.596,
    0.5993,
    0.6018,
    0.607,
    0.604,
    0.598,
    0.6042,
    0.6031,
    0.6028,
    0.6041,
    0.6013,
    0.5991,
    0.6049,
    0.6031,
    0.6001,
    0.6063,
    0.6088,
    0.5968,
    0.6039,
    0.598,
    0.6036,
    0.6015,
    0.6058,
    0.6012,
    0.6002,
    0.6086,
    0.6111,
    0.6087
  ],
  "participation_rates": [
    1.0,
    1.0,
    1.0,
    1.0,
    1.0,
    1.0,
    1.0,
    1.0,
    1.0,
    1.0,
    1.0,
    1.0,
    1.0,
    1.0,
    1.0,
    1.0,
    1.0,
    1.0,
    1.0,
    1.0,
    1.0,
    1.0,
    1.0,
    1.0,
    1.0,
    1.0,
    1.0,
    1.0,
    1.0,
    1.0,
    1.0,
    1.0,
    1.0,
    1.0,
    1.0,
    1.0,
    1.0,
    1.0,
    1.0,
    1.0,
    1.0,
    1.0,
    1.0,
    1.0,
    1.0,
    1.0,
    1.0,
    1.0,
    1.0,
    1.0,
    1.0,
    1.0,
    1.0,
    1.0,
    1.0,
    1.0,
    1.0,
    1.0,
    1.0,
    1.0,
    1.0,
    1.0,
    1.0,
    1.0,
    1.0,
    1.0,
    1.0,
    1.0,
    1.0,
    1.0,
    1.0,
    1.0,
    1.0,
    1.0,
    1.0,
    1.0,
    1.0,
    1.0,
    1.0,
    1.0,
    1.0,
    1.0,
    1.0,
    1.0,
    1.0,
    1.0,
    1.0,
    1.0,
    1.0,
    1.0,
    1.0,
    1.0,
    1.0,
    1.0,
    1.0,
    1.0,
    1.0,
    1.0,
    1.0,
    1.0
  ],
  "prices": [
    2.316127576128273,
    2.316127576128273,
    2.316127576128273,
    2.316127576128273,
    2.316127576128273,
    2.316127576128273,
    2.316127576128273,
    2.316127576128273,
    2.316127576128273,
    2.316127576128273,
    2.316127576128273,
    2.316127576128273,
    2.316127576128273,
    2.316127576128273,
    2.316127576128273,
    2.316127576128273,
    2.316127576128273,
    2.316127576128273,
    2.316127576128273,
    2.316127576128273,
    2.316127576128273,
    2.316127576128273,
    2.316127576128273,
    2.316127576128273,
    2.316127576128273,
    2.316127576128273,
    2.316127576128273,
    2.316127576128273,
    2.316127576128273,
    2.316127576128273,
    2.316127576128273,
    2.316127576128273,
    2.316127576128273,
    2.316127576128273,
    2.316127576128273,
    2.316127576128273,
    2.316127576128273,
    2.316127576128273,
    2.316127576128273,
    2.316127576128273,
    2.316127576128273,
    2.316127576128273,
    2.316127576128273,
    2.316127576128273,
    2.316127576128273,
    2.316127576128273,
    2.316127576128273,
    2.316127576128273,
    2.316127576128273,
    2.316127576128273,
    2.316127576128273,
    2.316127576128273,
    2.316127576128273,
    2.316127576128273,
    2.316127576128273,
    2.316127576128273,
    2.316127576128273,
    2.316127576128273,
    2.316127576128273,
    2.316127576128273,
    2.316127576128273,
    2.316127576128273,
    2.316127576128273,
    2.316127576128273,
    2.316127576128273,
    2.316127576128273,
    2.316127576128273,
    2.316127576128273,
    2.316127576128273,
    2.316127576128273,
    2.316127576128273,
    2.316127576128273,
    2.316127576128273,
    2.316127576128273,
    2.316127576128273,
    2.316127576128273,
    2.316127576128273,
    2.316127576128273,
    2.316127576128273,
    2.316127576128273,
    2.316127576128273,
    2.316127576128273,
    2.316127576128273,
    2.316127576128273,
    2.316127576128273,
    2.316127576128273,
    2.316127576128273,
    2.316127576128273,
    2.316127576128273,
    2.316127576128273,
    2.316127576128273,
    2.316127576128273,
    2.316127576128273,
    2.316127576128273,
    2.316127576128273,
    2.316127576128273,
    2.316127576128273,
    2.316127576128273,
    2.316127576128273,
    2.316127576128273
  ],
  "avg_eps": [
    2.44598857722577,
    2.44598857722577,
    2.44598857722577,
    2.44598857722577,
    2.44598857722577,
    2.44598857722577,
    2.44598857722577,
    2.44598857722577,
    2.44598857722577,
    2.44598857722577,
    2.44598857722577,
    2.44598857722577,
    2.44598857722577,
    2.44598857722577,
    2.44598857722577,
    2.44598857722577,
    2.44598857722577,
    2.44598857722577,
    2.44598857722577,
    2.44598857722577,
    2.44598857722577,
    2.44598857722577,
    2.44598857722577,
    2.44598857722577,
    2.44598857722577,
    2.44598857722577,
    2.44598857722577,
    2.44598857722577,
    2.44598857722577,
    2.44598857722577,
    2.44598857722577,
    2.44598857722577,
    2.44598857722577,
    2.44598857722577,
    2.44598857722577,
    2.44598857722577,
    2.44598857722577,
    2.44598857722577,
    2.44598857722577,
    2.44598857722577,
    2.44598857722577,
    2.44598857722577,
    2.44598857722577,
    2.44598857722577,
    2.44598857722577,
    2.44598857722577,
    2.44598857722577,
    2.44598857722577,
    2.44598857722577,
    2.44598857722577,
    2.44598857722577,
    2.44598857722577,
    2.44598857722577,
    2.44598857722577,
    2.44598857722577,
    2.44598857722577,
    2.44598857722577,
    2.44598857722577,
    2.44598857722577,
    2.44598857722577,
    2.44598857722577,
    2.44598857722577,
    2.44598857722577,
    2.44598857722577,
    2.44598857722577,
    2.44598857722577,
    2.44598857722577,
    2.44598857722577,
    2.44598857722577,
    2.44598857722577,
    2.44598857722577,
    2.44598857722577,
    2.44598857722577,
    2.44598857722577,
    2.44598857722577,
    2.44598857722577,
    2.44598857722577,
    2.44598857722577,
    2.44598857722577,
    2.44598857722577,
    2.44598857722577,
    2.44598857722577,
    2.44598857722577,
    2.44598857722577,
    2.44598857722577,
    2.44598857722577,
    2.44598857722577,
    2.44598857722577,
    2.44598857722577,
    2.44598857722577,
    2.44598857722577,
    2.44598857722577,
    2.44598857722577,
    2.44598857722577,
    2.44598857722577,
    2.44598857722577,
    2.44598857722577,
    2.44598857722577,
    2.44598857722577,
    2.44598857722577
  ],
  "config": {
    "n_devices": 50,
    "gamma": 5,
    "alpha": 0.5,
    "local_epochs": 5,
    "local_lr": 0.01,
    "local_momentum": 0.9,
    "distill_epochs": 1,
    "distill_lr": 0.001,
    "temperature": 3.0,
    "public_samples": 20000,
    "synthetic": false,
    "heterogeneity": {
      "config_file": "config/devices/heterogeneity.yaml",
      "overrides": {
        "privacy_sensitivity": {
          "lambda_mult": 1.0
        }
      }
    },
    "method_config": {
      "delta": 0.01,
      "clip_bound": 2.0,