{
  "label": "g10_s123_v2",
  "phase": 0,
  "exp": "0",
  "method": "PAID-FD",
  "seed": 123,
  "desc": "Main \u03b3=10 sweep (cubic-fix rerun)",
  "dataset": "cifar100",
  "summary": {
    "label": "g10_s123_v2",
    "exp": "0",
    "method": "PAID-FD",
    "seed": 123,
    "desc": "Main \u03b3=10 sweep (cubic-fix rerun)",
    "final_acc": 0.6106,
    "best_acc": 0.615,
    "avg_participation": 1.0,
    "avg_price": 3.4156150337469624,
    "avg_eps_per_round": 3.1495532969065367,
    "cumulative_payment": 39812.21910090455,
    "avg_privacy_spent": 314.9553296906535,
    "max_privacy_spent": 868.3870523690335,
    "time_to_targets": {
      "0.45": 4,
      "0.5": 8,
      "0.55": 13,
      "0.58": 22,
      "0.6": 38
    },
    "elapsed_sec": 11091.307709217072
  },
  "accuracies": [
    0.3705,
    0.4319,
    0.4343,
    0.4458,
    0.4656,
    0.4697,
    0.4884,
    0.4956,
    0.5096,
    0.5219,
    0.5298,
    0.5311,
    0.5391,
    0.5505,
    0.5599,
    0.5509,
    0.561,
    0.5447,
    0.5741,
    0.563,
    0.5666,
    0.5773,
    0.5845,
    0.588,
    0.574,
    0.5903,
    0.5908,
    0.5837,
    0.5889,
    0.5877,
    0.5835,
    0.5935,
    0.5874,
    0.5928,
    0.5885,
    0.5946,
    0.5928,
    0.5937,
    0.6046,
    0.6061,
    0.5983,
    0.5896,
    0.6011,
    0.6036,
    0.6011,
    0.5951,
    0.5995,
    0.6059,
    0.6036,
    0.6045,
    0.6034,
    0.6015,
    0.6011,
    0.5971,
    0.6023,
    0.6053,
    0.6043,
    0.601,
    0.602,
    0.6017,
    0.605,
    0.6083,
    0.6078,
    0.6058,
    0.6084,
    0.6085,
    0.6047,
    0.6126,
    0.6076,
    0.6079,
    0.6115,
    0.6027,
    0.6095,
    0.6122,
    0.606,
    0.6022,
    0.6079,
    0.607,
    0.6128,
    0.6084,
    0.6102,
    0.6098,
    0.6063,
    0.6114,
    0.6118,
    0.6059,
    0.6067,
    0.6091,
    0.6108,
    0.6084,
    0.6079,
    0.6089,
    0.6105,
    0.6097,
    0.6128,
    0.6098,
    0.6142,
    0.6076,
    0.615,
    0.6106
  ],
  "participation_rates": [
    1.0,
    1.0,
    1.0,
    1.0,
    1.0,
    1.0,
    1.0,
    1.0,
    1.0,
    1.0,
    1.0,
    1.0,
    1.0,
    1.0,
    1.0,
    1.0,
    1.0,
    1.0,
    1.0,
    1.0,
    1.0,
    1.0,
    1.0,
    1.0,
    1.0,
    1.0,
    1.0,
    1.0,
    1.0,
    1.0,
    1.0,
    1.0,
    1.0,
    1.0,
    1.0,
    1.0,
    1.0,
    1.0,
    1.0,
    1.0,
    1.0,
    1.0,
    1.0,
    1.0,
    1.0,
    1.0,
    1.0,
    1.0,
    1.0,
    1.0,
    1.0,
    1.0,
    1.0,
    1.0,
    1.0,
    1.0,
    1.0,
    1.0,
    1.0,
    1.0,
    1.0,
    1.0,
    1.0,
    1.0,
    1.0,
    1.0,
    1.0,
    1.0,
    1.0,
    1.0,
    1.0,
    1.0,
    1.0,
    1.0,
    1.0,
    1.0,
    1.0,
    1.0,
    1.0,
    1.0,
    1.0,
    1.0,
    1.0,
    1.0,
    1.0,
    1.0,
    1.0,
    1.0,
    1.0,
    1.0,
    1.0,
    1.0,
    1.0,
    1.0,
    1.0,
    1.0,
    1.0,
    1.0,
    1.0,
    1.0
  ],
  "prices": [
    3.4156150337469624,
    3.4156150337469624,
    3.4156150337469624,
    3.4156150337469624,
    3.4156150337469624,
    3.4156150337469624,
    3.4156150337469624,
    3.4156150337469624,
    3.4156150337469624,
    3.4156150337469624,
    3.4156150337469624,
    3.4156150337469624,
    3.4156150337469624,
    3.4156150337469624,
    3.4156150337469624,
    3.4156150337469624,
    3.4156150337469624,
    3.4156150337469624,
    3.4156150337469624,
    3.4156150337469624,
    3.4156150337469624,
    3.4156150337469624,
    3.4156150337469624,
    3.4156150337469624,
    3.4156150337469624,
    3.4156150337469624,
    3.4156150337469624,
    3.4156150337469624,
    3.4156150337469624,
    3.4156150337469624,
    3.4156150337469624,
    3.4156150337469624,
    3.4156150337469624,
    3.4156150337469624,
    3.4156150337469624,
    3.4156150337469624,
    3.4156150337469624,
    3.4156150337469624,
    3.4156150337469624,
    3.4156150337469624,
    3.4156150337469624,
    3.4156150337469624,
    3.4156150337469624,
    3.4156150337469624,
    3.4156150337469624,
    3.4156150337469624,
    3.4156150337469624,
    3.4156150337469624,
    3.4156150337469624,
    3.4156150337469624,
    3.4156150337469624,
    3.4156150337469624,
    3.4156150337469624,
    3.4156150337469624,
    3.4156150337469624,
    3.4156150337469624,
    3.4156150337469624,
    3.4156150337469624,
    3.4156150337469624,
    3.4156150337469624,
    3.4156150337469624,
    3.4156150337469624,
    3.4156150337469624,
    3.4156150337469624,
    3.4156150337469624,
    3.4156150337469624,
    3.4156150337469624,
    3.4156150337469624,
    3.4156150337469624,
    3.4156150337469624,
    3.4156150337469624,
    3.4156150337469624,
    3.4156150337469624,
    3.4156150337469624,
    3.4156150337469624,
    3.4156150337469624,
    3.4156150337469624,
    3.4156150337469624,
    3.4156150337469624,
    3.4156150337469624,
    3.4156150337469624,
    3.4156150337469624,
    3.4156150337469624,
    3.4156150337469624,
    3.4156150337469624,
    3.4156150337469624,
    3.4156150337469624,
    3.4156150337469624,
    3.4156150337469624,
    3.4156150337469624,
    3.4156150337469624,
    3.4156150337469624,
    3.4156150337469624,
    3.4156150337469624,
    3.4156150337469624,
    3.4156150337469624,
    3.4156150337469624,
    3.4156150337469624,
    3.4156150337469624,
    3.4156150337469624
  ],
  "avg_eps": [
    3.149553296906536,
    3.149553296906536,
    3.149553296906536,
    3.149553296906536,
    3.149553296906536,
    3.149553296906536,
    3.149553296906536,
    3.149553296906536,
    3.149553296906536,
    3.149553296906536,
    3.149553296906536,
    3.149553296906536,
    3.149553296906536,
    3.149553296906536,
    3.149553296906536,
    3.149553296906536,
    3.149553296906536,
    3.149553296906536,
    3.149553296906536,
    3.149553296906536,
    3.149553296906536,
    3.149553296906536,
    3.149553296906536,
    3.149553296906536,
    3.149553296906536,
    3.149553296906536,
    3.149553296906536,
    3.149553296906536,
    3.149553296906536,
    3.149553296906536,
    3.149553296906536,
    3.149553296906536,
    3.149553296906536,
    3.149553296906536,
    3.149553296906536,
    3.149553296906536,
    3.149553296906536,
    3.149553296906536,
    3.149553296906536,
    3.149553296906536,
    3.149553296906536,
    3.149553296906536,
    3.149553296906536,
    3.149553296906536,
    3.149553296906536,
    3.149553296906536,
    3.149553296906536,
    3.149553296906536,
    3.149553296906536,
    3.149553296906536,
    3.149553296906536,
    3.149553296906536,
    3.149553296906536,
    3.149553296906536,
    3.149553296906536,
    3.149553296906536,
    3.149553296906536,
    3.149553296906536,
    3.149553296906536,
    3.149553296906536,
    3.149553296906536,
    3.149553296906536,
    3.149553296906536,
    3.149553296906536,
    3.149553296906536,
    3.149553296906536,
    3.149553296906536,
    3.149553296906536,
    3.149553296906536,
    3.149553296906536,
    3.149553296906536,
    3.149553296906536,
    3.149553296906536,
    3.149553296906536,
    3.149553296906536,
    3.149553296906536,
    3.149553296906536,
    3.149553296906536,
    3.149553296906536,
    3.149553296906536,
    3.149553296906536,
    3.149553296906536,
    3.149553296906536,
    3.149553296906536,
    3.149553296906536,
    3.149553296906536,
    3.149553296906536,
    3.149553296906536,
    3.149553296906536,
    3.149553296906536,
    3.149553296906536,
    3.149553296906536,
    3.149553296906536,
    3.149553296906536,
    3.149553296906536,
    3.149553296906536,
    3.149553296906536,
    3.149553296906536,
    3.149553296906536,
    3.149553296906536
  ],
  "config": {
    "n_devices": 50,
    "gamma": 10.0,
    "alpha": 0.5,
    "local_epochs": 5,
    "local_lr": 0.01,
    "local_momentum": 0.9,
    "distill_epochs": 1,
    "distill_lr": 0.001,
    "temperature": 3.0,
    "public_samples": 20000,
    "synthetic": false,