{
  "label": "g10_s456_v2",
  "phase": 0,
  "exp": "0",
  "method": "PAID-FD",
  "seed": 456,
  "desc": "Main \u03b3=10 sweep (cubic-fix rerun)",
  "dataset": "cifar100",
  "summary": {
    "label": "g10_s456_v2",
    "exp": "0",
    "method": "PAID-FD",
    "seed": 456,
    "desc": "Main \u03b3=10 sweep (cubic-fix rerun)",
    "final_acc": 0.6045,
    "best_acc": 0.6134,
    "avg_participation": 1.0,
    "avg_price": 3.413293737415111,
    "avg_eps_per_round": 3.1269050924782293,
    "cumulative_payment": 40048.48401062912,
    "avg_privacy_spent": 312.690509247823,
    "max_privacy_spent": 865.2388540606241,
    "time_to_targets": {
      "0.45": 4,
      "0.5": 7,
      "0.55": 15,
      "0.58": 29,
      "0.6": 60
    },
    "elapsed_sec": 10996.634516239166
  },
  "accuracies": [
    0.3914,
    0.3995,
    0.4406,
    0.4443,
    0.4657,
    0.4729,
    0.494,
    0.5085,
    0.5016,
    0.5081,
    0.5179,
    0.5267,
    0.5328,
    0.5467,
    0.541,
    0.55,
    0.5498,
    0.5614,
    0.5662,
    0.5673,
    0.5717,
    0.5631,
    0.5745,
    0.5717,
    0.5736,
    0.571,
    0.5659,
    0.573,
    0.5777,
    0.5816,
    0.5889,
    0.5827,
    0.5886,
    0.5856,
    0.5837,
    0.5898,
    0.5822,
    0.5898,
    0.5882,
    0.585,
    0.5891,
    0.5912,
    0.5928,
    0.5949,
    0.595,
    0.5959,
    0.5945,
    0.5957,
    0.5965,
    0.5934,
    0.5936,
    0.597,
    0.5932,
    0.5952,
    0.5953,
    0.5973,
    0.5976,
    0.5932,
    0.5951,
    0.5944,
    0.6007,
    0.5961,
    0.5984,
    0.5974,
    0.6026,
    0.599,
    0.6076,
    0.6045,
    0.5996,
    0.5993,
    0.6005,
    0.6023,
    0.6051,
    0.6022,
    0.6059,
    0.6026,
    0.6028,
    0.5995,
    0.6035,
    0.6039,
    0.6037,
    0.5969,
    0.6,
    0.6067,
    0.6031,
    0.6086,
    0.6067,
    0.6081,
    0.605,
    0.6081,
    0.6007,
    0.6068,
    0.6051,
    0.6054,
    0.6088,
    0.5987,
    0.6064,
    0.6134,
    0.6059,
    0.6045
  ],
  "participation_rates": [
    1.0,
    1.0,
    1.0,
    1.0,
    1.0,
    1.0,
    1.0,
    1.0,
    1.0,
    1.0,
    1.0,
    1.0,
    1.0,
    1.0,
    1.0,
    1.0,
    1.0,
    1.0,
    1.0,
    1.0,
    1.0,
    1.0,
    1.0,
    1.0,
    1.0,
    1.0,
    1.0,
    1.0,
    1.0,
    1.0,
    1.0,
    1.0,
    1.0,
    1.0,
    1.0,
    1.0,
    1.0,
    1.0,
    1.0,
    1.0,
    1.0,
    1.0,
    1.0,
    1.0,
    1.0,
    1.0,
    1.0,
    1.0,
    1.0,
    1.0,
    1.0,
    1.0,
    1.0,
    1.0,
    1.0,
    1.0,
    1.0,
    1.0,
    1.0,
    1.0,
    1.0,
    1.0,
    1.0,
    1.0,
    1.0,
    1.0,
    1.0,
    1.0,
    1.0,
    1.0,
    1.0,
    1.0,
    1.0,
    1.0,
    1.0,
    1.0,
    1.0,
    1.0,
    1.0,
    1.0,
    1.0,
    1.0,
    1.0,
    1.0,
    1.0,
    1.0,
    1.0,
    1.0,
    1.0,
    1.0,
    1.0,
    1.0,
    1.0,
    1.0,
    1.0,
    1.0,
    1.0,
    1.0,
    1.0,
    1.0
  ],
  "prices": [
    3.4132937374151107,
    3.4132937374151107,
    3.4132937374151107,
    3.4132937374151107,
    3.4132937374151107,
    3.4132937374151107,
    3.4132937374151107,
    3.4132937374151107,
    3.4132937374151107,
    3.4132937374151107,
    3.4132937374151107,
    3.4132937374151107,
    3.4132937374151107,
    3.4132937374151107,
    3.4132937374151107,
    3.4132937374151107,
    3.4132937374151107,
    3.4132937374151107,
    3.4132937374151107,
    3.4132937374151107,
    3.4132937374151107,
    3.4132937374151107,
    3.4132937374151107,
    3.4132937374151107,
    3.4132937374151107,
    3.4132937374151107,
    3.4132937374151107,
    3.4132937374151107,
    3.4132937374151107,
    3.4132937374151107,
    3.4132937374151107,
    3.4132937374151107,
    3.4132937374151107,
    3.4132937374151107,
    3.4132937374151107,
    3.4132937374151107,
    3.4132937374151107,
    3.4132937374151107,
    3.4132937374151107,
    3.4132937374151107,
    3.4132937374151107,
    3.4132937374151107,
    3.4132937374151107,
    3.4132937374151107,
    3.4132937374151107,
    3.4132937374151107,
    3.4132937374151107,
    3.4132937374151107,
    3.4132937374151107,
    3.4132937374151107,
    3.4132937374151107,
    3.4132937374151107,
    3.4132937374151107,
    3.4132937374151107,
    3.4132937374151107,
    3.4132937374151107,
    3.4132937374151107,
    3.4132937374151107,
    3.4132937374151107,
    3.4132937374151107,
    3.4132937374151107,
    3.4132937374151107,
    3.4132937374151107,
    3.4132937374151107,
    3.4132937374151107,
    3.4132937374151107,
    3.4132937374151107,
    3.4132937374151107,
    3.4132937374151107,
    3.4132937374151107,
    3.4132937374151107,
    3.4132937374151107,
    3.4132937374151107,
    3.4132937374151107,
    3.4132937374151107,
    3.4132937374151107,
    3.4132937374151107,
    3.4132937374151107,
    3.4132937374151107,
    3.4132937374151107,
    3.4132937374151107,
    3.4132937374151107,
    3.4132937374151107,
    3.4132937374151107,
    3.4132937374151107,
    3.4132937374151107,
    3.4132937374151107,
    3.4132937374151107,
    3.4132937374151107,
    3.4132937374151107,
    3.4132937374151107,
    3.4132937374151107,
    3.4132937374151107,
    3.4132937374151107,
    3.4132937374151107,
    3.4132937374151107,
    3.4132937374151107,
    3.4132937374151107,
    3.4132937374151107,
    3.4132937374151107
  ],
  "avg_eps": [
    3.1269050924782293,
    3.1269050924782293,
    3.1269050924782293,
    3.1269050924782293,
    3.1269050924782293,
    3.1269050924782293,
    3.1269050924782293,
    3.1269050924782293,
    3.1269050924782293,
    3.1269050924782293,
    3.1269050924782293,
    3.1269050924782293,
    3.1269050924782293,
    3.1269050924782293,
    3.1269050924782293,
    3.1269050924782293,
    3.1269050924782293,
    3.1269050924782293,
    3.1269050924782293,
    3.1269050924782293,
    3.1269050924782293,
    3.1269050924782293,
    3.1269050924782293,
    3.1269050924782293,
    3.1269050924782293,
    3.1269050924782293,
    3.1269050924782293,
    3.1269050924782293,
    3.1269050924782293,
    3.1269050924782293,
    3.1269050924782293,
    3.1269050924782293,
    3.1269050924782293,
    3.1269050924782293,
    3.1269050924782293,
    3.1269050924782293,
    3.1269050924782293,
    3.1269050924782293,
    3.1269050924782293,
    3.1269050924782293,
    3.1269050924782293,
    3.1269050924782293,
    3.1269050924782293,
    3.1269050924782293,
    3.1269050924782293,
    3.1269050924782293,
    3.1269050924782293,
    3.1269050924782293,
    3.1269050924782293,
    3.1269050924782293,
    3.1269050924782293,
    3.1269050924782293,
    3.1269050924782293,
    3.1269050924782293,
    3.1269050924782293,
    3.1269050924782293,
    3.1269050924782293,
    3.1269050924782293,
    3.1269050924782293,
    3.1269050924782293,
    3.1269050924782293,
    3.1269050924782293,
    3.1269050924782293,
    3.1269050924782293,
    3.1269050924782293,
    3.1269050924782293,
    3.1269050924782293,
    3.1269050924782293,
    3.1269050924782293,
    3.1269050924782293,
    3.1269050924782293,
    3.1269050924782293,
    3.1269050924782293,
    3.1269050924782293,
    3.1269050924782293,
    3.1269050924782293,
    3.1269050924782293,
    3.1269050924782293,
    3.1269050924782293,
    3.1269050924782293,
    3.1269050924782293,
    3.1269050924782293,
    3.1269050924782293,
    3.1269050924782293,
    3.1269050924782293,
    3.1269050924782293,
    3.1269050924782293,
    3.1269050924782293,
    3.1269050924782293,
    3.1269050924782293,
    3.1269050924782293,
    3.1269050924782293,
    3.1269050924782293,
    3.1269050924782293,
    3.1269050924782293,
    3.1269050924782293,
    3.1269050924782293,
    3.1269050924782293,
    3.1269050924782293,
    3.1269050924782293
  ],
  "config": {
    "n_devices": 50,
    "gamma": 10.0,
    "alpha": 0.5,
    "local_epochs": 5,
    "local_lr": 0.01,
    "local_momentum": 0.9,
    "distill_epochs": 1,
    "distill_lr": 0.001,
    "temperature": 3.0,
    "public_samples": 20000,