{
  "label": "g10_s42_v2",
  "phase": 0,
  "exp": "0",
  "method": "PAID-FD",
  "seed": 42,
  "desc": "Main \u03b3=10 sweep (cubic-fix rerun)",
  "dataset": "cifar100",
  "summary": {
    "label": "g10_s42_v2",
    "exp": "0",
    "method": "PAID-FD",
    "seed": 42,
    "desc": "Main \u03b3=10 sweep (cubic-fix rerun)",
    "final_acc": 0.6068,
    "best_acc": 0.6105,
    "avg_participation": 1.0,
    "avg_price": 3.431811351335113,
    "avg_eps_per_round": 3.1804974940281663,
    "cumulative_payment": 39791.13658257418,
    "avg_privacy_spent": 318.0497494028169,
    "max_privacy_spent": 907.7148271629434,
    "time_to_targets": {
      "0.45": 5,
      "0.5": 10,
      "0.55": 15,
      "0.58": 22,
      "0.6": 40
    },
    "elapsed_sec": 10975.557137966156
  },
  "accuracies": [
    0.3756,
    0.3773,
    0.4308,
    0.4329,
    0.4434,
    0.4608,
    0.4879,
    0.4919,
    0.486,
    0.4985,
    0.5177,
    0.5217,
    0.5371,
    0.5428,
    0.5486,
    0.556,
    0.5554,
    0.5528,
    0.5516,
    0.5699,
    0.5741,
    0.5633,
    0.5835,
    0.5544,
    0.571,
    0.5773,
    0.5798,
    0.5811,
    0.5781,
    0.5847,
    0.5816,
    0.5816,
    0.5899,
    0.5853,
    0.5843,
    0.5874,
    0.5862,
    0.587,
    0.5995,
    0.592,
    0.6002,
    0.5956,
    0.593,
    0.5872,
    0.587,
    0.5949,
    0.5959,
    0.5906,
    0.5945,
    0.5918,
    0.5912,
    0.5997,
    0.6006,
    0.5941,
    0.5926,
    0.5868,
    0.5978,
    0.597,
    0.5978,
    0.5967,
    0.5948,
    0.5892,
    0.5944,
    0.6054,
    0.605,
    0.6009,
    0.5993,
    0.5954,
    0.6011,
    0.601,
    0.6003,
    0.6049,
    0.6038,
    0.6013,
    0.6008,
    0.6023,
    0.6023,
    0.5962,
    0.6002,
    0.6045,
    0.6015,
    0.5995,
    0.6034,
    0.6034,
    0.6038,
    0.6026,
    0.5975,
    0.6017,
    0.6105,
    0.5973,
    0.6085,
    0.601,
    0.6011,
    0.6011,
    0.6067,
    0.6064,
    0.6002,
    0.6103,
    0.6075,
    0.6068
  ],
  "participation_rates": [
    1.0,
    1.0,
    1.0,
    1.0,
    1.0,
    1.0,
    1.0,
    1.0,
    1.0,
    1.0,
    1.0,
    1.0,
    1.0,
    1.0,
    1.0,
    1.0,
    1.0,
    1.0,
    1.0,
    1.0,
    1.0,
    1.0,
    1.0,
    1.0,
    1.0,
    1.0,
    1.0,
    1.0,
    1.0,
    1.0,
    1.0,
    1.0,
    1.0,
    1.0,
    1.0,
    1.0,
    1.0,
    1.0,
    1.0,
    1.0,
    1.0,
    1.0,
    1.0,
    1.0,
    1.0,
    1.0,
    1.0,
    1.0,
    1.0,
    1.0,
    1.0,
    1.0,
    1.0,
    1.0,
    1.0,
    1.0,
    1.0,
    1.0,
    1.0,
    1.0,
    1.0,
    1.0,
    1.0,
    1.0,
    1.0,
    1.0,
    1.0,
    1.0,
    1.0,
    1.0,
    1.0,
    1.0,
    1.0,
    1.0,
    1.0,
    1.0,
    1.0,
    1.0,
    1.0,
    1.0,
    1.0,
    1.0,
    1.0,
    1.0,
    1.0,
    1.0,
    1.0,
    1.0,
    1.0,
    1.0,
    1.0,
    1.0,
    1.0,
    1.0,
    1.0,
    1.0,
    1.0,
    1.0,
    1.0,
    1.0
  ],
  "prices": [
    3.431811351335112,
    3.431811351335112,
    3.431811351335112,
    3.431811351335112,
    3.431811351335112,
    3.431811351335112,
    3.431811351335112,
    3.431811351335112,
    3.431811351335112,
    3.431811351335112,
    3.431811351335112,
    3.431811351335112,
    3.431811351335112,
    3.431811351335112,
    3.431811351335112,
    3.431811351335112,
    3.431811351335112,
    3.431811351335112,
    3.431811351335112,
    3.431811351335112,
    3.431811351335112,
    3.431811351335112,
    3.431811351335112,
    3.431811351335112,
    3.431811351335112,
    3.431811351335112,
    3.431811351335112,
    3.431811351335112,
    3.431811351335112,
    3.431811351335112,
    3.431811351335112,
    3.431811351335112,
    3.431811351335112,
    3.431811351335112,
    3.431811351335112,
    3.431811351335112,
    3.431811351335112,
    3.431811351335112,
    3.431811351335112,
    3.431811351335112,
    3.431811351335112,
    3.431811351335112,
    3.431811351335112,
    3.431811351335112,
    3.431811351335112,
    3.431811351335112,
    3.431811351335112,
    3.431811351335112,
    3.431811351335112,
    3.431811351335112,
    3.431811351335112,
    3.431811351335112,
    3.431811351335112,
    3.431811351335112,
    3.431811351335112,
    3.431811351335112,
    3.431811351335112,
    3.431811351335112,
    3.431811351335112,
    3.431811351335112,
    3.431811351335112,
    3.431811351335112,
    3.431811351335112,
    3.431811351335112,
    3.431811351335112,
    3.431811351335112,
    3.431811351335112,
    3.431811351335112,
    3.431811351335112,
    3.431811351335112,
    3.431811351335112,
    3.431811351335112,
    3.431811351335112,
    3.431811351335112,
    3.431811351335112,
    3.431811351335112,
    3.431811351335112,
    3.431811351335112,
    3.431811351335112,
    3.431811351335112,
    3.431811351335112,
    3.431811351335112,
    3.431811351335112,
    3.431811351335112,
    3.431811351335112,
    3.431811351335112,
    3.431811351335112,
    3.431811351335112,
    3.431811351335112,
    3.431811351335112,
    3.431811351335112,
    3.431811351335112,
    3.431811351335112,
    3.431811351335112,
    3.431811351335112,
    3.431811351335112,
    3.431811351335112,
    3.431811351335112,
    3.431811351335112,
    3.431811351335112
  ],
  "avg_eps": [
    3.1804974940281676,
    3.1804974940281676,
    3.1804974940281676,
    3.1804974940281676,
    3.1804974940281676,
    3.1804974940281676,
    3.1804974940281676,
    3.1804974940281676,
    3.1804974940281676,
    3.1804974940281676,
    3.1804974940281676,
    3.1804974940281676,
    3.1804974940281676,
    3.1804974940281676,
    3.1804974940281676,
    3.1804974940281676,
    3.1804974940281676,
    3.1804974940281676,
    3.1804974940281676,
    3.1804974940281676,
    3.1804974940281676,
    3.1804974940281676,
    3.1804974940281676,
    3.1804974940281676,
    3.1804974940281676,
    3.1804974940281676,
    3.1804974940281676,
    3.1804974940281676,
    3.1804974940281676,
    3.1804974940281676,
    3.1804974940281676,
    3.1804974940281676,
    3.1804974940281676,
    3.1804974940281676,
    3.1804974940281676,
    3.1804974940281676,
    3.1804974940281676,
    3.1804974940281676,
    3.1804974940281676,
    3.1804974940281676,
    3.1804974940281676,
    3.1804974940281676,
    3.1804974940281676,
    3.1804974940281676,
    3.1804974940281676,
    3.1804974940281676,
    3.1804974940281676,
    3.1804974940281676,
    3.1804974940281676,
    3.1804974940281676,
    3.1804974940281676,
    3.1804974940281676,
    3.1804974940281676,
    3.1804974940281676,
    3.1804974940281676,
    3.1804974940281676,
    3.1804974940281676,
    3.1804974940281676,
    3.1804974940281676,
    3.1804974940281676,
    3.1804974940281676,
    3.1804974940281676,
    3.1804974940281676,
    3.1804974940281676,
    3.1804974940281676,
    3.1804974940281676,
    3.1804974940281676,
    3.1804974940281676,
    3.1804974940281676,
    3.1804974940281676,
    3.1804974940281676,
    3.1804974940281676,
    3.1804974940281676,
    3.1804974940281676,
    3.1804974940281676,
    3.1804974940281676,
    3.1804974940281676,
    3.1804974940281676,
    3.1804974940281676,
    3.1804974940281676,
    3.1804974940281676,
    3.1804974940281676,
    3.1804974940281676,
    3.1804974940281676,
    3.1804974940281676,
    3.1804974940281676,
    3.1804974940281676,
    3.1804974940281676,
    3.1804974940281676,
    3.1804974940281676,
    3.1804974940281676,
    3.1804974940281676,
    3.1804974940281676,
    3.1804974940281676,
    3.1804974940281676,
    3.1804974940281676,
    3.1804974940281676,
    3.1804974940281676,
    3.1804974940281676,
    3.1804974940281676
  ],
  "config": {
    "n_devices": 50,
    "gamma": 10.0,
    "alpha": 0.5,
    "local_epochs": 5,
    "local_lr": 0.01,
    "local_momentum": 0.9,
    "distill_epochs": 1,
    "distill_lr": 0.001,
    "temperature": 3.0,
    "public_samples": 20000,
    "synthetic": false,