{
  "label": "g3_s456_v2",
  "phase": 0,
  "exp": "0",
  "method": "PAID-FD",
  "seed": 456,
  "desc": "Main \u03b3=3 sweep (cubic-fix rerun)",
  "dataset": "cifar100",
  "summary": {
    "label": "g3_s456_v2",
    "exp": "0",
    "method": "PAID-FD",
    "seed": 456,
    "desc": "Main \u03b3=3 sweep (cubic-fix rerun)",
    "final_acc": 0.6101,
    "best_acc": 0.6171,
    "avg_participation": 0.9200000000000002,
    "avg_price": 1.8156140345742018,
    "avg_eps_per_round": 2.1396035907260473,
    "cumulative_payment": 13447.144253308763,
    "avg_privacy_spent": 213.96035907260494,
    "max_privacy_spent": 583.6254250631783,
    "time_to_targets": {
      "0.45": 3,
      "0.5": 8,
      "0.55": 16,
      "0.58": 23,
      "0.6": 47
    },
    "elapsed_sec": 10204.258254766464
  },
  "accuracies": [
    0.3878,
    0.418,
    0.4499,
    0.4559,
    0.479,
    0.4804,
    0.4826,
    0.4944,
    0.5034,
    0.5142,
    0.5304,
    0.523,
    0.5391,
    0.5318,
    0.5336,
    0.5402,
    0.5585,
    0.5616,
    0.5488,
    0.5642,
    0.5637,
    0.5653,
    0.5731,
    0.5816,
    0.5684,
    0.5678,
    0.5774,
    0.58,
    0.5888,
    0.5854,
    0.581,
    0.5859,
    0.5898,
    0.5899,
    0.5839,
    0.5875,
    0.5916,
    0.5982,
    0.5892,
    0.5914,
    0.5939,
    0.5941,
    0.593,
    0.5916,
    0.5996,
    0.5962,
    0.5974,
    0.601,
    0.5948,
    0.5954,
    0.5996,
    0.5921,
    0.5986,
    0.6076,
    0.5989,
    0.6019,
    0.6057,
    0.6085,
    0.6,
    0.5975,
    0.5992,
    0.6035,
    0.6,
    0.5984,
    0.5981,
    0.6021,
    0.6045,
    0.6046,
    0.6004,
    0.6036,
    0.6056,
    0.5985,
    0.6016,
    0.6025,
    0.5998,
    0.6007,
    0.6007,
    0.6037,
    0.5996,
    0.6045,
    0.6087,
    0.5986,
    0.6067,
    0.6085,
    0.6061,
    0.5936,
    0.6095,
    0.6082,
    0.6051,
    0.6047,
    0.6117,
    0.6086,
    0.6096,
    0.6088,
    0.6086,
    0.6096,
    0.6171,
    0.603,
    0.6143,
    0.6101
  ],
  "participation_rates": [
    0.92,
    0.92,
    0.92,
    0.92,
    0.92,
    0.92,
    0.92,
    0.92,
    0.92,
    0.92,
    0.92,
    0.92,
    0.92,
    0.92,
    0.92,
    0.92,
    0.92,
    0.92,
    0.92,
    0.92,
    0.92,
    0.92,
    0.92,
    0.92,
    0.92,
    0.92,
    0.92,
    0.92,
    0.92,
    0.92,
    0.92,
    0.92,
    0.92,
    0.92,
    0.92,
    0.92,
    0.92,
    0.92,
    0.92,
    0.92,
    0.92,
    0.92,
    0.92,
    0.92,
    0.92,
    0.92,
    0.92,
    0.92,
    0.92,
    0.92,
    0.92,
    0.92,
    0.92,
    0.92,
    0.92,
    0.92,
    0.92,
    0.92,
    0.92,
    0.92,
    0.92,
    0.92,
    0.92,
    0.92,
    0.92,
    0.92,
    0.92,
    0.92,
    0.92,
    0.92,
    0.92,
    0.92,
    0.92,
    0.92,
    0.92,
    0.92,
    0.92,
    0.92,
    0.92,
    0.92,
    0.92,
    0.92,
    0.92,
    0.92,
    0.92,
    0.92,
    0.92,
    0.92,
    0.92,
    0.92,
    0.92,
    0.92,
    0.92,
    0.92,
    0.92,
    0.92,
    0.92,
    0.92,
    0.92,
    0.92
  ],
  "prices": [
    1.8156140345742013,
    1.8156140345742013,
    1.8156140345742013,
    1.8156140345742013,
    1.8156140345742013,
    1.8156140345742013,
    1.8156140345742013,
    1.8156140345742013,
    1.8156140345742013,
    1.8156140345742013,
    1.8156140345742013,
    1.8156140345742013,
    1.8156140345742013,
    1.8156140345742013,
    1.8156140345742013,
    1.8156140345742013,
    1.8156140345742013,
    1.8156140345742013,
    1.8156140345742013,
    1.8156140345742013,
    1.8156140345742013,
    1.8156140345742013,
    1.8156140345742013,
    1.8156140345742013,
    1.8156140345742013,
    1.8156140345742013,
    1.8156140345742013,
    1.8156140345742013,
    1.8156140345742013,
    1.8156140345742013,
    1.8156140345742013,
    1.8156140345742013,
    1.8156140345742013,
    1.8156140345742013,
    1.8156140345742013,
    1.8156140345742013,
    1.8156140345742013,
    1.8156140345742013,
    1.8156140345742013,
    1.8156140345742013,
    1.8156140345742013,
    1.8156140345742013,
    1.8156140345742013,
    1.8156140345742013,
    1.8156140345742013,
    1.8156140345742013,
    1.8156140345742013,
    1.8156140345742013,
    1.8156140345742013,
    1.8156140345742013,
    1.8156140345742013,
    1.8156140345742013,
    1.8156140345742013,
    1.8156140345742013,
    1.8156140345742013,
    1.8156140345742013,
    1.8156140345742013,
    1.8156140345742013,
    1.8156140345742013,
    1.8156140345742013,
    1.8156140345742013,
    1.8156140345742013,
    1.8156140345742013,
    1.8156140345742013,
    1.8156140345742013,
    1.8156140345742013,
    1.8156140345742013,
    1.8156140345742013,
    1.8156140345742013,
    1.8156140345742013,
    1.8156140345742013,
    1.8156140345742013,
    1.8156140345742013,
    1.8156140345742013,
    1.8156140345742013,
    1.8156140345742013,
    1.8156140345742013,
    1.8156140345742013,
    1.8156140345742013,
    1.8156140345742013,
    1.8156140345742013,
    1.8156140345742013,
    1.8156140345742013,
    1.8156140345742013,
    1.8156140345742013,
    1.8156140345742013,
    1.8156140345742013,
    1.8156140345742013,
    1.8156140345742013,
    1.8156140345742013,
    1.8156140345742013,
    1.8156140345742013,
    1.8156140345742013,
    1.8156140345742013,
    1.8156140345742013,
    1.8156140345742013,
    1.8156140345742013,
    1.8156140345742013,
    1.8156140345742013,
    1.8156140345742013
  ],
  "avg_eps": [
    2.139603590726048,
    2.139603590726048,
    2.139603590726048,
    2.139603590726048,
    2.139603590726048,
    2.139603590726048,
    2.139603590726048,
    2.139603590726048,
    2.139603590726048,
    2.139603590726048,
    2.139603590726048,
    2.139603590726048,
    2.139603590726048,
    2.139603590726048,
    2.139603590726048,
    2.139603590726048,
    2.139603590726048,
    2.139603590726048,
    2.139603590726048,
    2.139603590726048,
    2.139603590726048,
    2.139603590726048,
    2.139603590726048,
    2.139603590726048,
    2.139603590726048,
    2.139603590726048,
    2.139603590726048,
    2.139603590726048,
    2.139603590726048,
    2.139603590726048,
    2.139603590726048,
    2.139603590726048,
    2.139603590726048,
    2.139603590726048,
    2.139603590726048,
    2.139603590726048,
    2.139603590726048,
    2.139603590726048,
    2.139603590726048,
    2.139603590726048,
    2.139603590726048,
    2.139603590726048,
    2.139603590726048,
    2.139603590726048,
    2.139603590726048,
    2.139603590726048,
    2.139603590726048,
    2.139603590726048,
    2.139603590726048,
    2.139603590726048,
    2.139603590726048,
    2.139603590726048,
    2.139603590726048,
    2.139603590726048,
    2.139603590726048,
    2.139603590726048,
    2.139603590726048,
    2.139603590726048,
    2.139603590726048,
    2.139603590726048,
    2.139603590726048,
    2.139603590726048,
    2.139603590726048,
    2.139603590726048,
    2.139603590726048,
    2.139603590726048,
    2.139603590726048,
    2.139603590726048,
    2.139603590726048,
    2.139603590726048,
    2.139603590726048,
    2.139603590726048,
    2.139603590726048,
    2.139603590726048,
    2.139603590726048,
    2.139603590726048,
    2.139603590726048,
    2.139603590726048,
    2.139603590726048,
    2.139603590726048,
    2.139603590726048,
    2.139603590726048,
    2.139603590726048,
    2.139603590726048,
    2.139603590726048,
    2.139603590726048,
    2.139603590726048,
    2.139603590726048,
    2.139603590726048,
    2.139603590726048,
    2.139603590726048,
    2.139603590726048,
    2.139603590726048,
    2.139603590726048,
    2.139603590726048,
    2.139603590726048,
    2.139603590726048,
    2.139603590726048,
    2.139603590726048,
    2.139603590726048
  ],
  "config": {
    "n_devices": 50,
    "gamma": 3.0,
    "alpha": 0.5,
    "local_epochs": 5,
    "local_lr": 0.01,
    "local_momentum": 0.9,
    "distill_epochs": 1,
    "distill_lr": 0.001,
    "temperature": 3.0,