{
  "label": "g3_s123_v2",
  "phase": 0,
  "exp": "0",
  "method": "PAID-FD",
  "seed": 123,
  "desc": "Main \u03b3=3 sweep (cubic-fix rerun)",
  "dataset": "cifar100",
  "summary": {
    "label": "g3_s123_v2",
    "exp": "0",
    "method": "PAID-FD",
    "seed": 123,
    "desc": "Main \u03b3=3 sweep (cubic-fix rerun)",
    "final_acc": 0.6137,
    "best_acc": 0.6182,
    "avg_participation": 0.8199999999999998,
    "avg_price": 1.7818799417962634,
    "avg_eps_per_round": 2.280211609425662,
    "cumulative_payment": 11958.418045705308,
    "avg_privacy_spent": 228.02116094256613,
    "max_privacy_spent": 590.1173892286128,
    "time_to_targets": {
      "0.45": 4,
      "0.5": 7,
      "0.55": 15,
      "0.58": 23,
      "0.6": 34
    },
    "elapsed_sec": 9205.943414926529
  },
  "accuracies": [
    0.3793,
    0.431,
    0.4383,
    0.436,
    0.4659,
    0.4802,
    0.4944,
    0.505,
    0.5157,
    0.5192,
    0.5184,
    0.5363,
    0.537,
    0.5429,
    0.5427,
    0.5568,
    0.5672,
    0.562,
    0.5777,
    0.5777,
    0.5663,
    0.5703,
    0.5789,
    0.5805,
    0.5827,
    0.5908,
    0.5843,
    0.5804,
    0.5945,
    0.5922,
    0.5874,
    0.5908,
    0.5964,
    0.5924,
    0.6002,
    0.5919,
    0.5965,
    0.5929,
    0.6002,
    0.6028,
    0.6035,
    0.6072,
    0.6025,
    0.5932,
    0.6045,
    0.6107,
    0.6011,
    0.604,
    0.6012,
    0.599,
    0.6055,
    0.6061,
    0.6014,
    0.6022,
    0.6022,
    0.6082,
    0.6008,
    0.6032,
    0.6027,
    0.6039,
    0.6031,
    0.6031,
    0.6081,
    0.6072,
    0.6075,
    0.6045,
    0.6117,
    0.6074,
    0.6085,
    0.6086,
    0.6106,
    0.611,
    0.61,
    0.607,
    0.6104,
    0.6068,
    0.6121,
    0.6101,
    0.6103,
    0.6095,
    0.6127,
    0.613,
    0.6088,
    0.6123,
    0.6089,
    0.6128,
    0.6138,
    0.6123,
    0.6108,
    0.6109,
    0.6095,
    0.6178,
    0.616,
    0.6163,
    0.6114,
    0.6145,
    0.6124,
    0.6182,
    0.6131,
    0.6137
  ],
  "participation_rates": [
    0.82,
    0.82,
    0.82,
    0.82,
    0.82,
    0.82,
    0.82,
    0.82,
    0.82,
    0.82,
    0.82,
    0.82,
    0.82,
    0.82,
    0.82,
    0.82,
    0.82,
    0.82,
    0.82,
    0.82,
    0.82,
    0.82,
    0.82,
    0.82,
    0.82,
    0.82,
    0.82,
    0.82,
    0.82,
    0.82,
    0.82,
    0.82,
    0.82,
    0.82,
    0.82,
    0.82,
    0.82,
    0.82,
    0.82,
    0.82,
    0.82,
    0.82,
    0.82,
    0.82,
    0.82,
    0.82,
    0.82,
    0.82,
    0.82,
    0.82,
    0.82,
    0.82,
    0.82,
    0.82,
    0.82,
    0.82,
    0.82,
    0.82,
    0.82,
    0.82,
    0.82,
    0.82,
    0.82,
    0.82,
    0.82,
    0.82,
    0.82,
    0.82,
    0.82,
    0.82,
    0.82,
    0.82,
    0.82,
    0.82,
    0.82,
    0.82,
    0.82,
    0.82,
    0.82,
    0.82,
    0.82,
    0.82,
    0.82,
    0.82,
    0.82,
    0.82,
    0.82,
    0.82,
    0.82,
    0.82,
    0.82,
    0.82,
    0.82,
    0.82,
    0.82,
    0.82,
    0.82,
    0.82,
    0.82,
    0.82
  ],
  "prices": [
    1.7818799417962636,
    1.7818799417962636,
    1.7818799417962636,
    1.7818799417962636,
    1.7818799417962636,
    1.7818799417962636,
    1.7818799417962636,
    1.7818799417962636,
    1.7818799417962636,
    1.7818799417962636,
    1.7818799417962636,
    1.7818799417962636,
    1.7818799417962636,
    1.7818799417962636,
    1.7818799417962636,
    1.7818799417962636,
    1.7818799417962636,
    1.7818799417962636,
    1.7818799417962636,
    1.7818799417962636,
    1.7818799417962636,
    1.7818799417962636,
    1.7818799417962636,
    1.7818799417962636,
    1.7818799417962636,
    1.7818799417962636,
    1.7818799417962636,
    1.7818799417962636,
    1.7818799417962636,
    1.7818799417962636,
    1.7818799417962636,
    1.7818799417962636,
    1.7818799417962636,
    1.7818799417962636,
    1.7818799417962636,
    1.7818799417962636,
    1.7818799417962636,
    1.7818799417962636,
    1.7818799417962636,
    1.7818799417962636,
    1.7818799417962636,
    1.7818799417962636,
    1.7818799417962636,
    1.7818799417962636,
    1.7818799417962636,
    1.7818799417962636,
    1.7818799417962636,
    1.7818799417962636,
    1.7818799417962636,
    1.7818799417962636,
    1.7818799417962636,
    1.7818799417962636,
    1.7818799417962636,
    1.7818799417962636,
    1.7818799417962636,
    1.7818799417962636,
    1.7818799417962636,
    1.7818799417962636,
    1.7818799417962636,
    1.7818799417962636,
    1.7818799417962636,
    1.7818799417962636,
    1.7818799417962636,
    1.7818799417962636,
    1.7818799417962636,
    1.7818799417962636,
    1.7818799417962636,
    1.7818799417962636,
    1.7818799417962636,
    1.7818799417962636,
    1.7818799417962636,
    1.7818799417962636,
    1.7818799417962636,
    1.7818799417962636,
    1.7818799417962636,
    1.7818799417962636,
    1.7818799417962636,
    1.7818799417962636,
    1.7818799417962636,
    1.7818799417962636,
    1.7818799417962636,
    1.7818799417962636,
    1.7818799417962636,
    1.7818799417962636,
    1.7818799417962636,
    1.7818799417962636,
    1.7818799417962636,
    1.7818799417962636,
    1.7818799417962636,
    1.7818799417962636,
    1.7818799417962636,
    1.7818799417962636,
    1.7818799417962636,
    1.7818799417962636,
    1.7818799417962636,
    1.7818799417962636,
    1.7818799417962636,
    1.7818799417962636,
    1.7818799417962636,
    1.7818799417962636
  ],
  "avg_eps": [
    2.2802116094256615,
    2.2802116094256615,
    2.2802116094256615,
    2.2802116094256615,
    2.2802116094256615,
    2.2802116094256615,
    2.2802116094256615,
    2.2802116094256615,
    2.2802116094256615,
    2.2802116094256615,
    2.2802116094256615,
    2.2802116094256615,
    2.2802116094256615,
    2.2802116094256615,
    2.2802116094256615,
    2.2802116094256615,
    2.2802116094256615,
    2.2802116094256615,
    2.2802116094256615,
    2.2802116094256615,
    2.2802116094256615,
    2.2802116094256615,
    2.2802116094256615,
    2.2802116094256615,
    2.2802116094256615,
    2.2802116094256615,
    2.2802116094256615,
    2.2802116094256615,
    2.2802116094256615,
    2.2802116094256615,
    2.2802116094256615,
    2.2802116094256615,
    2.2802116094256615,
    2.2802116094256615,
    2.2802116094256615,
    2.2802116094256615,
    2.2802116094256615,
    2.2802116094256615,
    2.2802116094256615,
    2.2802116094256615,
    2.2802116094256615,
    2.2802116094256615,
    2.2802116094256615,
    2.2802116094256615,
    2.2802116094256615,
    2.2802116094256615,
    2.2802116094256615,
    2.2802116094256615,
    2.2802116094256615,
    2.2802116094256615,
    2.2802116094256615,
    2.2802116094256615,
    2.2802116094256615,
    2.2802116094256615,
    2.2802116094256615,
    2.2802116094256615,
    2.2802116094256615,
    2.2802116094256615,
    2.2802116094256615,
    2.2802116094256615,
    2.2802116094256615,
    2.2802116094256615,
    2.2802116094256615,
    2.2802116094256615,
    2.2802116094256615,
    2.2802116094256615,
    2.2802116094256615,
    2.2802116094256615,
    2.2802116094256615,
    2.2802116094256615,
    2.2802116094256615,
    2.2802116094256615,
    2.2802116094256615,
    2.2802116094256615,
    2.2802116094256615,
    2.2802116094256615,
    2.2802116094256615,
    2.2802116094256615,
    2.2802116094256615,
    2.2802116094256615,
    2.2802116094256615,
    2.2802116094256615,
    2.2802116094256615,
    2.2802116094256615,
    2.2802116094256615,
    2.2802116094256615,
    2.2802116094256615,
    2.2802116094256615,
    2.2802116094256615,
    2.2802116094256615,
    2.2802116094256615,
    2.2802116094256615,
    2.2802116094256615,
    2.2802116094256615,
    2.2802116094256615,
    2.2802116094256615,
    2.2802116094256615,
    2.2802116094256615,
    2.2802116094256615,
    2.2802116094256615
  ],
  "config": {
    "n_devices": 50,
    "gamma": 3.0,
    "alpha": 0.5,
    "local_epochs": 5,
    "local_lr": 0.01,