{
  "label": "g3_s42_v2",
  "phase": 0,
  "exp": "0",
  "method": "PAID-FD",
  "seed": 42,
  "desc": "Main \u03b3=3 sweep (cubic-fix rerun)",
  "dataset": "cifar100",
  "summary": {
    "label": "g3_s42_v2",
    "exp": "0",
    "method": "PAID-FD",
    "seed": 42,
    "desc": "Main \u03b3=3 sweep (cubic-fix rerun)",
    "final_acc": 0.6017,
    "best_acc": 0.6077,
    "avg_participation": 0.9000000000000005,
    "avg_price": 1.7781051260559435,
    "avg_eps_per_round": 2.1704061722050234,
    "cumulative_payment": 12406.353666939913,
    "avg_privacy_spent": 217.04061722050236,
    "max_privacy_spent": 619.8407185774081,
    "time_to_targets": {
      "0.45": 3,
      "0.5": 9,
      "0.55": 16,
      "0.58": 27,
      "0.6": 69
    },
    "elapsed_sec": 10022.053875684738
  },
  "accuracies": [
    0.3667,
    0.397,
    0.4234,
    0.4503,
    0.4261,
    0.4689,
    0.486,
    0.4913,
    0.4888,
    0.5024,
    0.5151,
    0.5109,
    0.5219,
    0.5428,
    0.5369,
    0.5352,
    0.5584,
    0.5568,
    0.5581,
    0.5612,
    0.5675,
    0.5534,
    0.5618,
    0.5736,
    0.5765,
    0.5769,
    0.5788,
    0.5819,
    0.5792,
    0.5789,
    0.5782,
    0.5818,
    0.576,
    0.5861,
    0.5887,
    0.5853,
    0.5965,
    0.5843,
    0.5855,
    0.593,
    0.5895,
    0.5923,
    0.5929,
    0.5928,
    0.5864,
    0.5931,
    0.587,
    0.589,
    0.5938,
    0.5905,
    0.5944,
    0.5926,
    0.5914,
    0.5966,
    0.5919,
    0.5946,
    0.5982,
    0.5963,
    0.5967,
    0.5949,
    0.5961,
    0.5997,
    0.596,
    0.5956,
    0.5928,
    0.596,
    0.5983,
    0.5979,
    0.5991,
    0.603,
    0.5976,
    0.5959,
    0.5952,
    0.5999,
    0.5995,
    0.6017,
    0.5952,
    0.5984,
    0.5954,
    0.5965,
    0.6009,
    0.6058,
    0.5954,
    0.6026,
    0.6038,
    0.6054,
    0.6017,
    0.5966,
    0.6035,
    0.601,
    0.6027,
    0.6008,
    0.6001,
    0.6046,
    0.6054,
    0.602,
    0.6059,
    0.6077,
    0.6077,
    0.6017
  ],
  "participation_rates": [
    0.9,
    0.9,
    0.9,
    0.9,
    0.9,
    0.9,
    0.9,
    0.9,
    0.9,
    0.9,
    0.9,
    0.9,
    0.9,
    0.9,
    0.9,
    0.9,
    0.9,
    0.9,
    0.9,
    0.9,
    0.9,
    0.9,
    0.9,
    0.9,
    0.9,
    0.9,
    0.9,
    0.9,
    0.9,
    0.9,
    0.9,
    0.9,
    0.9,
    0.9,
    0.9,
    0.9,
    0.9,
    0.9,
    0.9,
    0.9,
    0.9,
    0.9,
    0.9,
    0.9,
    0.9,
    0.9,
    0.9,
    0.9,
    0.9,
    0.9,
    0.9,
    0.9,
    0.9,
    0.9,
    0.9,
    0.9,
    0.9,
    0.9,
    0.9,
    0.9,
    0.9,
    0.9,
    0.9,
    0.9,
    0.9,
    0.9,
    0.9,
    0.9,
    0.9,
    0.9,
    0.9,
    0.9,
    0.9,
    0.9,
    0.9,
    0.9,
    0.9,
    0.9,
    0.9,
    0.9,
    0.9,
    0.9,
    0.9,
    0.9,
    0.9,
    0.9,
    0.9,
    0.9,
    0.9,
    0.9,
    0.9,
    0.9,
    0.9,
    0.9,
    0.9,
    0.9,
    0.9,
    0.9,
    0.9,
    0.9
  ],
  "prices": [
    1.778105126055943,
    1.778105126055943,
    1.778105126055943,
    1.778105126055943,
    1.778105126055943,
    1.778105126055943,
    1.778105126055943,
    1.778105126055943,
    1.778105126055943,
    1.778105126055943,
    1.778105126055943,
    1.778105126055943,
    1.778105126055943,
    1.778105126055943,
    1.778105126055943,
    1.778105126055943,
    1.778105126055943,
    1.778105126055943,
    1.778105126055943,
    1.778105126055943,
    1.778105126055943,
    1.778105126055943,
    1.778105126055943,
    1.778105126055943,
    1.778105126055943,
    1.778105126055943,
    1.778105126055943,
    1.778105126055943,
    1.778105126055943,
    1.778105126055943,
    1.778105126055943,
    1.778105126055943,
    1.778105126055943,
    1.778105126055943,
    1.778105126055943,
    1.778105126055943,
    1.778105126055943,
    1.778105126055943,
    1.778105126055943,
    1.778105126055943,
    1.778105126055943,
    1.778105126055943,
    1.778105126055943,
    1.778105126055943,
    1.778105126055943,
    1.778105126055943,
    1.778105126055943,
    1.778105126055943,
    1.778105126055943,
    1.778105126055943,
    1.778105126055943,
    1.778105126055943,
    1.778105126055943,
    1.778105126055943,
    1.778105126055943,
    1.778105126055943,
    1.778105126055943,
    1.778105126055943,
    1.778105126055943,
    1.778105126055943,
    1.778105126055943,
    1.778105126055943,
    1.778105126055943,
    1.778105126055943,
    1.778105126055943,
    1.778105126055943,
    1.778105126055943,
    1.778105126055943,
    1.778105126055943,
    1.778105126055943,
    1.778105126055943,
    1.778105126055943,
    1.778105126055943,
    1.778105126055943,
    1.778105126055943,
    1.778105126055943,
    1.778105126055943,
    1.778105126055943,
    1.778105126055943,
    1.778105126055943,
    1.778105126055943,
    1.778105126055943,
    1.778105126055943,
    1.778105126055943,
    1.778105126055943,
    1.778105126055943,
    1.778105126055943,
    1.778105126055943,
    1.778105126055943,
    1.778105126055943,
    1.778105126055943,
    1.778105126055943,
    1.778105126055943,
    1.778105126055943,
    1.778105126055943,
    1.778105126055943,
    1.778105126055943,
    1.778105126055943,
    1.778105126055943,
    1.778105126055943
  ],
  "avg_eps": [
    2.1704061722050243,
    2.1704061722050243,
    2.1704061722050243,
    2.1704061722050243,
    2.1704061722050243,
    2.1704061722050243,
    2.1704061722050243,
    2.1704061722050243,
    2.1704061722050243,
    2.1704061722050243,
    2.1704061722050243,
    2.1704061722050243,
    2.1704061722050243,
    2.1704061722050243,
    2.1704061722050243,
    2.1704061722050243,
    2.1704061722050243,
    2.1704061722050243,
    2.1704061722050243,
    2.1704061722050243,
    2.1704061722050243,
    2.1704061722050243,
    2.1704061722050243,
    2.1704061722050243,
    2.1704061722050243,
    2.1704061722050243,
    2.1704061722050243,
    2.1704061722050243,
    2.1704061722050243,
    2.1704061722050243,
    2.1704061722050243,
    2.1704061722050243,
    2.1704061722050243,
    2.1704061722050243,
    2.1704061722050243,
    2.1704061722050243,
    2.1704061722050243,
    2.1704061722050243,
    2.1704061722050243,
    2.1704061722050243,
    2.1704061722050243,
    2.1704061722050243,
    2.1704061722050243,
    2.1704061722050243,
    2.1704061722050243,
    2.1704061722050243,
    2.1704061722050243,
    2.1704061722050243,
    2.1704061722050243,
    2.1704061722050243,
    2.1704061722050243,
    2.1704061722050243,
    2.1704061722050243,
    2.1704061722050243,
    2.1704061722050243,
    2.1704061722050243,
    2.1704061722050243,
    2.1704061722050243,
    2.1704061722050243,
    2.1704061722050243,
    2.1704061722050243,
    2.1704061722050243,
    2.1704061722050243,
    2.1704061722050243,
    2.1704061722050243,
    2.1704061722050243,
    2.1704061722050243,
    2.1704061722050243,
    2.1704061722050243,
    2.1704061722050243,
    2.1704061722050243,
    2.1704061722050243,
    2.1704061722050243,
    2.1704061722050243,
    2.1704061722050243,
    2.1704061722050243,
    2.1704061722050243,
    2.1704061722050243,
    2.1704061722050243,
    2.1704061722050243,
    2.1704061722050243,
    2.1704061722050243,
    2.1704061722050243,
    2.1704061722050243,
    2.1704061722050243,
    2.1704061722050243,
    2.1704061722050243,
    2.1704061722050243,
    2.1704061722050243,
    2.1704061722050243,
    2.1704061722050243,
    2.1704061722050243,
    2.1704061722050243,
    2.1704061722050243,
    2.1704061722050243,
    2.1704061722050243,
    2.1704061722050243,
    2.1704061722050243,
    2.1704061722050243,
    2.1704061722050243
  ],
  "config": {
    "n_devices": 50,
    "gamma": 3.0,
    "alpha": 0.5,
    "local_epochs": 5,
    "local_lr": 0.01,
    "local_momentum": 0.9,
    "distill_epochs": 1,
    "distill_lr": 0.001,
    "temperature": 3.0,
    "public_samples": 20000,
    "synthetic": false,