{
  "label": "g5_s456_v2",
  "phase": 0,
  "exp": "0",
  "method": "PAID-FD",
  "seed": 456,
  "desc": "Main \u03b3=5 sweep (cubic-fix rerun)",
  "dataset": "cifar100",
  "summary": {
    "label": "g5_s456_v2",
    "exp": "0",
    "method": "PAID-FD",
    "seed": 456,
    "desc": "Main \u03b3=5 sweep (cubic-fix rerun)",
    "final_acc": 0.6125,
    "best_acc": 0.6138,
    "avg_participation": 0.96,
    "avg_price": 2.1182187542228834,
    "avg_eps_per_round": 2.339272754330576,
    "cumulative_payment": 18165.92234601954,
    "avg_privacy_spent": 233.9272754330576,
    "max_privacy_spent": 646.1073594491764,
    "time_to_targets": {
      "0.45": 3,
      "0.5": 9,
      "0.55": 16,
      "0.58": 22,
      "0.6": 46
    },
    "elapsed_sec": 10674.68606185913
  },
  "accuracies": [
    0.392,
    0.4243,
    0.4315,
    0.4593,
    0.4563,
    0.4637,
    0.4597,
    0.4772,
    0.4928,
    0.5049,
    0.5152,
    0.5345,
    0.5268,
    0.5411,
    0.5334,
    0.5471,
    0.5605,
    0.5621,
    0.5719,
    0.5658,
    0.5649,
    0.5707,
    0.5878,
    0.5776,
    0.5828,
    0.5778,
    0.5839,
    0.5844,
    0.5924,
    0.5924,
    0.5783,
    0.591,
    0.596,
    0.5829,
    0.5914,
    0.5966,
    0.5891,
    0.588,
    0.5944,
    0.5942,
    0.5932,
    0.5972,
    0.5938,
    0.5926,
    0.5926,
    0.5932,
    0.6022,
    0.6021,
    0.6003,
    0.5995,
    0.5971,
    0.5974,
    0.6008,
    0.6024,
    0.6006,
    0.5962,
    0.6086,
    0.5981,
    0.5991,
    0.6039,
    0.6011,
    0.6058,
    0.6011,
    0.6059,
    0.608,
    0.6009,
    0.6044,
    0.6068,
    0.6039,
    0.6025,
    0.608,
    0.6028,
    0.6054,
    0.604,
    0.6053,
    0.6084,
    0.601,
    0.6029,
    0.6138,
    0.6132,
    0.6053,
    0.6051,
    0.6071,
    0.6079,
    0.6081,
    0.6051,
    0.6117,
    0.6133,
    0.6074,
    0.6087,
    0.6123,
    0.6094,
    0.6071,
    0.6089,
    0.6089,
    0.612,
    0.6118,
    0.6088,
    0.613,
    0.6125
  ],
  "participation_rates": [
    0.96,
    0.96,
    0.96,
    0.96,
    0.96,
    0.96,
    0.96,
    0.96,
    0.96,
    0.96,
    0.96,
    0.96,
    0.96,
    0.96,
    0.96,
    0.96,
    0.96,
    0.96,
    0.96,
    0.96,
    0.96,
    0.96,
    0.96,
    0.96,
    0.96,
    0.96,
    0.96,
    0.96,
    0.96,
    0.96,
    0.96,
    0.96,
    0.96,
    0.96,
    0.96,
    0.96,
    0.96,
    0.96,
    0.96,
    0.96,
    0.96,
    0.96,
    0.96,
    0.96,
    0.96,
    0.96,
    0.96,
    0.96,
    0.96,
    0.96,
    0.96,
    0.96,
    0.96,
    0.96,
    0.96,
    0.96,
    0.96,
    0.96,
    0.96,
    0.96,
    0.96,
    0.96,
    0.96,
    0.96,
    0.96,
    0.96,
    0.96,
    0.96,
    0.96,
    0.96,
    0.96,
    0.96,
    0.96,
    0.96,
    0.96,
    0.96,
    0.96,
    0.96,
    0.96,
    0.96,
    0.96,
    0.96,
    0.96,
    0.96,
    0.96,
    0.96,
    0.96,
    0.96,
    0.96,
    0.96,
    0.96,
    0.96,
    0.96,
    0.96,
    0.96,
    0.96,
    0.96,
    0.96,
    0.96,
    0.96
  ],
  "prices": [
    2.118218754222883,
    2.118218754222883,
    2.118218754222883,
    2.118218754222883,
    2.118218754222883,
    2.118218754222883,
    2.118218754222883,
    2.118218754222883,
    2.118218754222883,
    2.118218754222883,
    2.118218754222883,
    2.118218754222883,
    2.118218754222883,
    2.118218754222883,
    2.118218754222883,
    2.118218754222883,
    2.118218754222883,
    2.118218754222883,
    2.118218754222883,
    2.118218754222883,
    2.118218754222883,
    2.118218754222883,
    2.118218754222883,
    2.118218754222883,
    2.118218754222883,
    2.118218754222883,
    2.118218754222883,
    2.118218754222883,
    2.118218754222883,
    2.118218754222883,
    2.118218754222883,
    2.118218754222883,
    2.118218754222883,
    2.118218754222883,
    2.118218754222883,
    2.118218754222883,
    2.118218754222883,
    2.118218754222883,
    2.118218754222883,
    2.118218754222883,
    2.118218754222883,
    2.118218754222883,
    2.118218754222883,
    2.118218754222883,
    2.118218754222883,
    2.118218754222883,
    2.118218754222883,
    2.118218754222883,
    2.118218754222883,
    2.118218754222883,
    2.118218754222883,
    2.118218754222883,
    2.118218754222883,
    2.118218754222883,
    2.118218754222883,
    2.118218754222883,
    2.118218754222883,
    2.118218754222883,
    2.118218754222883,
    2.118218754222883,
    2.118218754222883,
    2.118218754222883,
    2.118218754222883,
    2.118218754222883,
    2.118218754222883,
    2.118218754222883,
    2.118218754222883,
    2.118218754222883,
    2.118218754222883,
    2.118218754222883,
    2.118218754222883,
    2.118218754222883,
    2.118218754222883,
    2.118218754222883,
    2.118218754222883,
    2.118218754222883,
    2.118218754222883,
    2.118218754222883,
    2.118218754222883,
    2.118218754222883,
    2.118218754222883,
    2.118218754222883,
    2.118218754222883,
    2.118218754222883,
    2.118218754222883,
    2.118218754222883,
    2.118218754222883,
    2.118218754222883,
    2.118218754222883,
    2.118218754222883,
    2.118218754222883,
    2.118218754222883,
    2.118218754222883,
    2.118218754222883,
    2.118218754222883,
    2.118218754222883,
    2.118218754222883,
    2.118218754222883,
    2.118218754222883,
    2.118218754222883
  ],
  "avg_eps": [
    2.3392727543305756,
    2.3392727543305756,
    2.3392727543305756,
    2.3392727543305756,
    2.3392727543305756,
    2.3392727543305756,
    2.3392727543305756,
    2.3392727543305756,
    2.3392727543305756,
    2.3392727543305756,
    2.3392727543305756,
    2.3392727543305756,
    2.3392727543305756,
    2.3392727543305756,
    2.3392727543305756,
    2.3392727543305756,
    2.3392727543305756,
    2.3392727543305756,
    2.3392727543305756,
    2.3392727543305756,
    2.3392727543305756,
    2.3392727543305756,
    2.3392727543305756,
    2.3392727543305756,
    2.3392727543305756,
    2.3392727543305756,
    2.3392727543305756,
    2.3392727543305756,
    2.3392727543305756,
    2.3392727543305756,
    2.3392727543305756,
    2.3392727543305756,
    2.3392727543305756,
    2.3392727543305756,
    2.3392727543305756,
    2.3392727543305756,
    2.3392727543305756,
    2.3392727543305756,
    2.3392727543305756,
    2.3392727543305756,
    2.3392727543305756,
    2.3392727543305756,
    2.3392727543305756,
    2.3392727543305756,
    2.3392727543305756,
    2.3392727543305756,
    2.3392727543305756,
    2.3392727543305756,
    2.3392727543305756,
    2.3392727543305756,
    2.3392727543305756,
    2.3392727543305756,
    2.3392727543305756,
    2.3392727543305756,
    2.3392727543305756,
    2.3392727543305756,
    2.3392727543305756,
    2.3392727543305756,
    2.3392727543305756,
    2.3392727543305756,
    2.3392727543305756,
    2.3392727543305756,
    2.3392727543305756,
    2.3392727543305756,
    2.3392727543305756,
    2.3392727543305756,
    2.3392727543305756,
    2.3392727543305756,
    2.3392727543305756,
    2.3392727543305756,
    2.3392727543305756,
    2.3392727543305756,
    2.3392727543305756,
    2.3392727543305756,
    2.3392727543305756,
    2.3392727543305756,
    2.3392727543305756,
    2.3392727543305756,
    2.3392727543305756,
    2.3392727543305756,
    2.3392727543305756,
    2.3392727543305756,
    2.3392727543305756,
    2.3392727543305756,
    2.3392727543305756,
    2.3392727543305756,
    2.3392727543305756,
    2.3392727543305756,
    2.3392727543305756,
    2.3392727543305756,
    2.3392727543305756,
    2.3392727543305756,
    2.3392727543305756,
    2.3392727543305756,
    2.3392727543305756,
    2.3392727543305756,
    2.3392727543305756,
    2.3392727543305756,
    2.3392727543305756,
    2.3392727543305756
  ],
  "config": {
    "n_devices": 50,
    "gamma": 5.0,
    "alpha": 0.5,
    "local_epochs": 5,
    "local_lr": 0.01,
    "local_momentum": 0.9,
    "distill_epochs": 1,
    "distill_lr": 0.001,
    "temperature": 3.0,
    "public_samples": 20000,