{
  "label": "g5_s123_v2",
  "phase": 0,
  "exp": "0",
  "method": "PAID-FD",
  "seed": 123,
  "desc": "Main \u03b3=5 sweep (cubic-fix rerun)",
  "dataset": "cifar100",
  "summary": {
    "label": "g5_s123_v2",
    "exp": "0",
    "method": "PAID-FD",
    "seed": 123,
    "desc": "Main \u03b3=5 sweep (cubic-fix rerun)",
    "final_acc": 0.6097,
    "best_acc": 0.6162,
    "avg_participation": 1.0,
    "avg_price": 2.1627860345042302,
    "avg_eps_per_round": 2.310428690074748,
    "cumulative_payment": 18972.67016306829,
    "avg_privacy_spent": 231.04286900747474,
    "max_privacy_spent": 661.723247943378,
    "time_to_targets": {
      "0.45": 4,
      "0.5": 8,
      "0.55": 14,
      "0.58": 22,
      "0.6": 38
    },
    "elapsed_sec": 11107.20436835289
  },
  "accuracies": [
    0.3735,
    0.4307,
    0.4348,
    0.4468,
    0.4643,
    0.4683,
    0.4874,
    0.4972,
    0.514,
    0.5205,
    0.5287,
    0.5312,
    0.5392,
    0.5499,
    0.5626,
    0.5562,
    0.5633,
    0.5481,
    0.5755,
    0.568,
    0.5718,
    0.5786,
    0.5839,
    0.5874,
    0.5756,
    0.585,
    0.5848,
    0.5789,
    0.5883,
    0.5901,
    0.5875,
    0.5934,
    0.5923,
    0.5967,
    0.5946,
    0.5917,
    0.5977,
    0.5925,
    0.6043,
    0.5969,
    0.599,
    0.5937,
    0.5957,
    0.5955,
    0.6049,
    0.5972,
    0.5954,
    0.6017,
    0.5977,
    0.605,
    0.6042,
    0.603,
    0.5953,
    0.6027,
    0.607,
    0.6005,
    0.6065,
    0.6014,
    0.599,
    0.6059,
    0.6059,
    0.6072,
    0.6088,
    0.6027,
    0.6056,
    0.6082,
    0.6021,
    0.6106,
    0.6026,
    0.6034,
    0.608,
    0.611,
    0.6068,
    0.6119,
    0.6041,
    0.6123,
    0.6081,
    0.6047,
    0.6112,
    0.6102,
    0.6093,
    0.6126,
    0.6036,
    0.6162,
    0.6116,
    0.6047,
    0.607,
    0.6095,
    0.6134,
    0.6092,
    0.6095,
    0.6107,
    0.6084,
    0.6071,
    0.6158,
    0.6127,
    0.6154,
    0.6129,
    0.6107,
    0.6097
  ],
  "participation_rates": [
    1.0,
    1.0,
    1.0,
    1.0,
    1.0,
    1.0,
    1.0,
    1.0,
    1.0,
    1.0,
    1.0,
    1.0,
    1.0,
    1.0,
    1.0,
    1.0,
    1.0,
    1.0,
    1.0,
    1.0,
    1.0,
    1.0,
    1.0,
    1.0,
    1.0,
    1.0,
    1.0,
    1.0,
    1.0,
    1.0,
    1.0,
    1.0,
    1.0,
    1.0,
    1.0,
    1.0,
    1.0,
    1.0,
    1.0,
    1.0,
    1.0,
    1.0,
    1.0,
    1.0,
    1.0,
    1.0,
    1.0,
    1.0,
    1.0,
    1.0,
    1.0,
    1.0,
    1.0,
    1.0,
    1.0,
    1.0,
    1.0,
    1.0,
    1.0,
    1.0,
    1.0,
    1.0,
    1.0,
    1.0,
    1.0,
    1.0,
    1.0,
    1.0,
    1.0,
    1.0,
    1.0,
    1.0,
    1.0,
    1.0,
    1.0,
    1.0,
    1.0,
    1.0,
    1.0,
    1.0,
    1.0,
    1.0,
    1.0,
    1.0,
    1.0,
    1.0,
    1.0,
    1.0,
    1.0,
    1.0,
    1.0,
    1.0,
    1.0,
    1.0,
    1.0,
    1.0,
    1.0,
    1.0,
    1.0,
    1.0
  ],
  "prices": [
    2.162786034504231,
    2.162786034504231,
    2.162786034504231,
    2.162786034504231,
    2.162786034504231,
    2.162786034504231,
    2.162786034504231,
    2.162786034504231,
    2.162786034504231,
    2.162786034504231,
    2.162786034504231,
    2.162786034504231,
    2.162786034504231,
    2.162786034504231,
    2.162786034504231,
    2.162786034504231,
    2.162786034504231,
    2.162786034504231,
    2.162786034504231,
    2.162786034504231,
    2.162786034504231,
    2.162786034504231,
    2.162786034504231,
    2.162786034504231,
    2.162786034504231,
    2.162786034504231,
    2.162786034504231,
    2.162786034504231,
    2.162786034504231,
    2.162786034504231,
    2.162786034504231,
    2.162786034504231,
    2.162786034504231,
    2.162786034504231,
    2.162786034504231,
    2.162786034504231,
    2.162786034504231,
    2.162786034504231,
    2.162786034504231,
    2.162786034504231,
    2.162786034504231,
    2.162786034504231,
    2.162786034504231,
    2.162786034504231,
    2.162786034504231,
    2.162786034504231,
    2.162786034504231,
    2.162786034504231,
    2.162786034504231,
    2.162786034504231,
    2.162786034504231,
    2.162786034504231,
    2.162786034504231,
    2.162786034504231,
    2.162786034504231,
    2.162786034504231,
    2.162786034504231,
    2.162786034504231,
    2.162786034504231,
    2.162786034504231,
    2.162786034504231,
    2.162786034504231,
    2.162786034504231,
    2.162786034504231,
    2.162786034504231,
    2.162786034504231,
    2.162786034504231,
    2.162786034504231,
    2.162786034504231,
    2.162786034504231,
    2.162786034504231,
    2.162786034504231,
    2.162786034504231,
    2.162786034504231,
    2.162786034504231,
    2.162786034504231,
    2.162786034504231,
    2.162786034504231,
    2.162786034504231,
    2.162786034504231,
    2.162786034504231,
    2.162786034504231,
    2.162786034504231,
    2.162786034504231,
    2.162786034504231,
    2.162786034504231,
    2.162786034504231,
    2.162786034504231,
    2.162786034504231,
    2.162786034504231,
    2.162786034504231,
    2.162786034504231,
    2.162786034504231,
    2.162786034504231,
    2.162786034504231,
    2.162786034504231,
    2.162786034504231,
    2.162786034504231,
    2.162786034504231,
    2.162786034504231
  ],
  "avg_eps": [
    2.3104286900747475,
    2.3104286900747475,
    2.3104286900747475,
    2.3104286900747475,
    2.3104286900747475,
    2.3104286900747475,
    2.3104286900747475,
    2.3104286900747475,
    2.3104286900747475,
    2.3104286900747475,
    2.3104286900747475,
    2.3104286900747475,
    2.3104286900747475,
    2.3104286900747475,
    2.3104286900747475,
    2.3104286900747475,
    2.3104286900747475,
    2.3104286900747475,
    2.3104286900747475,
    2.3104286900747475,
    2.3104286900747475,
    2.3104286900747475,
    2.3104286900747475,
    2.3104286900747475,
    2.3104286900747475,
    2.3104286900747475,
    2.3104286900747475,
    2.3104286900747475,
    2.3104286900747475,
    2.3104286900747475,
    2.3104286900747475,
    2.3104286900747475,
    2.3104286900747475,
    2.3104286900747475,
    2.3104286900747475,
    2.3104286900747475,
    2.3104286900747475,
    2.3104286900747475,
    2.3104286900747475,
    2.3104286900747475,
    2.3104286900747475,
    2.3104286900747475,
    2.3104286900747475,
    2.3104286900747475,
    2.3104286900747475,
    2.3104286900747475,
    2.3104286900747475,
    2.3104286900747475,
    2.3104286900747475,
    2.3104286900747475,
    2.3104286900747475,
    2.3104286900747475,
    2.3104286900747475,
    2.3104286900747475,
    2.3104286900747475,
    2.3104286900747475,
    2.3104286900747475,
    2.3104286900747475,
    2.3104286900747475,
    2.3104286900747475,
    2.3104286900747475,
    2.3104286900747475,
    2.3104286900747475,
    2.3104286900747475,
    2.3104286900747475,
    2.3104286900747475,
    2.3104286900747475,
    2.3104286900747475,
    2.3104286900747475,
    2.3104286900747475,
    2.3104286900747475,
    2.3104286900747475,
    2.3104286900747475,
    2.3104286900747475,
    2.3104286900747475,
    2.3104286900747475,
    2.3104286900747475,
    2.3104286900747475,
    2.3104286900747475,
    2.3104286900747475,
    2.3104286900747475,
    2.3104286900747475,
    2.3104286900747475,
    2.3104286900747475,
    2.3104286900747475,
    2.3104286900747475,
    2.3104286900747475,
    2.3104286900747475,
    2.3104286900747475,
    2.3104286900747475,
    2.3104286900747475,
    2.3104286900747475,
    2.3104286900747475,
    2.3104286900747475,
    2.3104286900747475,
    2.3104286900747475,
    2.3104286900747475,
    2.3104286900747475,
    2.3104286900747475,
    2.3104286900747475
  ],
  "config": {
    "n_devices": 50,
    "gamma": 5.0,
    "alpha": 0.5,
    "local_epochs": 5,
    "local_lr": 0.01,
    "local_momentum": 0.9,
    "distill_epochs": 1,
    "distill_lr": 0.001,
    "temperature": 3.0,
    "public_samples": 20000,
    "synthetic": false,