{
  "label": "g5_s42_v2",
  "phase": 0,
  "exp": "0",
  "method": "PAID-FD",
  "seed": 42,
  "desc": "Main \u03b3=5 sweep (cubic-fix rerun)",
  "dataset": "cifar100",
  "summary": {
    "label": "g5_s42_v2",
    "exp": "0",
    "method": "PAID-FD",
    "seed": 42,
    "desc": "Main \u03b3=5 sweep (cubic-fix rerun)",
    "final_acc": 0.6043,
    "best_acc": 0.6112,
    "avg_participation": 1.0,
    "avg_price": 2.316127576128274,
    "avg_eps_per_round": 2.4459885772257692,
    "cumulative_payment": 21146.46193545596,
    "avg_privacy_spent": 244.59885772257704,
    "max_privacy_spent": 725.5286344399938,
    "time_to_targets": {
      "0.45": 5,
      "0.5": 10,
      "0.55": 15,
      "0.58": 27,
      "0.6": 63
    },
    "elapsed_sec": 11030.657803297043
  },
  "accuracies": [
    0.3714,
    0.3799,
    0.4315,
    0.4339,
    0.4443,
    0.4632,
    0.4869,
    0.4916,
    0.4882,
    0.4995,
    0.518,
    0.5171,
    0.5392,
    0.538,
    0.5442,
    0.5567,
    0.5528,
    0.5577,
    0.5515,
    0.5649,
    0.5716,
    0.5699,
    0.5792,
    0.5597,
    0.5634,
    0.5784,
    0.5728,
    0.5816,
    0.577,
    0.5766,
    0.5792,
    0.58,
    0.5875,
    0.5883,
    0.5837,
    0.5901,
    0.5836,
    0.586,
    0.5926,
    0.5931,
    0.5898,
    0.5947,
    0.5893,
    0.5923,
    0.5867,
    0.5905,
    0.593,
    0.5882,
    0.597,
    0.5934,
    0.5886,
    0.5939,
    0.5985,
    0.5978,
    0.5971,
    0.5958,
    0.5967,
    0.5952,
    0.5949,
    0.5934,
    0.598,
    0.5884,
    0.5991,
    0.6033,
    0.5976,
    0.5948,
    0.6028,
    0.5942,
    0.6032,
    0.6056,
    0.5991,
    0.605,
    0.6023,
    0.6065,
    0.6019,
    0.6022,
    0.605,
    0.5985,
    0.5996,
    0.6012,
    0.6024,
    0.6034,
    0.6058,
    0.6065,
    0.6077,
    0.6059,
    0.6066,
    0.6057,
    0.6088,
    0.5995,
    0.6075,
    0.6065,
    0.6092,
    0.6009,
    0.604,
    0.6023,
    0.6047,
    0.6112,
    0.6093,
    0.6043
  ],
  "participation_rates": [
    1.0,
    1.0,
    1.0,
    1.0,
    1.0,
    1.0,
    1.0,
    1.0,
    1.0,
    1.0,
    1.0,
    1.0,
    1.0,
    1.0,
    1.0,
    1.0,
    1.0,
    1.0,
    1.0,
    1.0,
    1.0,
    1.0,
    1.0,
    1.0,
    1.0,
    1.0,
    1.0,
    1.0,
    1.0,
    1.0,
    1.0,
    1.0,
    1.0,
    1.0,
    1.0,
    1.0,
    1.0,
    1.0,
    1.0,
    1.0,
    1.0,
    1.0,
    1.0,
    1.0,
    1.0,
    1.0,
    1.0,
    1.0,
    1.0,
    1.0,
    1.0,
    1.0,
    1.0,
    1.0,
    1.0,
    1.0,
    1.0,
    1.0,
    1.0,
    1.0,
    1.0,
    1.0,
    1.0,
    1.0,
    1.0,
    1.0,
    1.0,
    1.0,
    1.0,
    1.0,
    1.0,
    1.0,
    1.0,
    1.0,
    1.0,
    1.0,
    1.0,
    1.0,
    1.0,
    1.0,
    1.0,
    1.0,
    1.0,
    1.0,
    1.0,
    1.0,
    1.0,
    1.0,
    1.0,
    1.0,
    1.0,
    1.0,
    1.0,
    1.0,
    1.0,
    1.0,
    1.0,
    1.0,
    1.0,
    1.0
  ],
  "prices": [
    2.316127576128273,
    2.316127576128273,
    2.316127576128273,
    2.316127576128273,
    2.316127576128273,
    2.316127576128273,
    2.316127576128273,
    2.316127576128273,
    2.316127576128273,
    2.316127576128273,
    2.316127576128273,
    2.316127576128273,
    2.316127576128273,
    2.316127576128273,
    2.316127576128273,
    2.316127576128273,
    2.316127576128273,
    2.316127576128273,
    2.316127576128273,
    2.316127576128273,
    2.316127576128273,
    2.316127576128273,
    2.316127576128273,
    2.316127576128273,
    2.316127576128273,
    2.316127576128273,
    2.316127576128273,
    2.316127576128273,
    2.316127576128273,
    2.316127576128273,
    2.316127576128273,
    2.316127576128273,
    2.316127576128273,
    2.316127576128273,
    2.316127576128273,
    2.316127576128273,
    2.316127576128273,
    2.316127576128273,
    2.316127576128273,
    2.316127576128273,
    2.316127576128273,
    2.316127576128273,
    2.316127576128273,
    2.316127576128273,
    2.316127576128273,
    2.316127576128273,
    2.316127576128273,
    2.316127576128273,
    2.316127576128273,
    2.316127576128273,
    2.316127576128273,
    2.316127576128273,
    2.316127576128273,
    2.316127576128273,
    2.316127576128273,
    2.316127576128273,
    2.316127576128273,
    2.316127576128273,
    2.316127576128273,
    2.316127576128273,
    2.316127576128273,
    2.316127576128273,
    2.316127576128273,
    2.316127576128273,
    2.316127576128273,
    2.316127576128273,
    2.316127576128273,
    2.316127576128273,
    2.316127576128273,
    2.316127576128273,
    2.316127576128273,
    2.316127576128273,
    2.316127576128273,
    2.316127576128273,
    2.316127576128273,
    2.316127576128273,
    2.316127576128273,
    2.316127576128273,
    2.316127576128273,
    2.316127576128273,
    2.316127576128273,
    2.316127576128273,
    2.316127576128273,
    2.316127576128273,
    2.316127576128273,
    2.316127576128273,
    2.316127576128273,
    2.316127576128273,
    2.316127576128273,
    2.316127576128273,
    2.316127576128273,
    2.316127576128273,
    2.316127576128273,
    2.316127576128273,
    2.316127576128273,
    2.316127576128273,
    2.316127576128273,
    2.316127576128273,
    2.316127576128273,
    2.316127576128273
  ],
  "avg_eps": [
    2.44598857722577,
    2.44598857722577,
    2.44598857722577,
    2.44598857722577,
    2.44598857722577,
    2.44598857722577,
    2.44598857722577,
    2.44598857722577,
    2.44598857722577,
    2.44598857722577,
    2.44598857722577,
    2.44598857722577,
    2.44598857722577,
    2.44598857722577,
    2.44598857722577,
    2.44598857722577,
    2.44598857722577,
    2.44598857722577,
    2.44598857722577,
    2.44598857722577,
    2.44598857722577,
    2.44598857722577,
    2.44598857722577,
    2.44598857722577,
    2.44598857722577,
    2.44598857722577,
    2.44598857722577,
    2.44598857722577,
    2.44598857722577,
    2.44598857722577,
    2.44598857722577,
    2.44598857722577,
    2.44598857722577,
    2.44598857722577,
    2.44598857722577,
    2.44598857722577,
    2.44598857722577,
    2.44598857722577,
    2.44598857722577,
    2.44598857722577,
    2.44598857722577,
    2.44598857722577,
    2.44598857722577,
    2.44598857722577,
    2.44598857722577,
    2.44598857722577,
    2.44598857722577,
    2.44598857722577,
    2.44598857722577,
    2.44598857722577,
    2.44598857722577,
    2.44598857722577,
    2.44598857722577,
    2.44598857722577,
    2.44598857722577,
    2.44598857722577,
    2.44598857722577,
    2.44598857722577,
    2.44598857722577,
    2.44598857722577,
    2.44598857722577,
    2.44598857722577,
    2.44598857722577,
    2.44598857722577,
    2.44598857722577,
    2.44598857722577,
    2.44598857722577,
    2.44598857722577,
    2.44598857722577,
    2.44598857722577,
    2.44598857722577,
    2.44598857722577,
    2.44598857722577,
    2.44598857722577,
    2.44598857722577,
    2.44598857722577,
    2.44598857722577,
    2.44598857722577,
    2.44598857722577,
    2.44598857722577,
    2.44598857722577,
    2.44598857722577,
    2.44598857722577,
    2.44598857722577,
    2.44598857722577,
    2.44598857722577,
    2.44598857722577,
    2.44598857722577,
    2.44598857722577,
    2.44598857722577,
    2.44598857722577,
    2.44598857722577,
    2.44598857722577,
    2.44598857722577,
    2.44598857722577,
    2.44598857722577,
    2.44598857722577,
    2.44598857722577,
    2.44598857722577,
    2.44598857722577
  ],
  "config": {
    "n_devices": 50,
    "gamma": 5.0,
    "alpha": 0.5,
    "local_epochs": 5,
    "local_lr": 0.01,
    "local_momentum": 0.9,
    "distill_epochs": 1,
    "distill_lr": 0.001,
    "temperature": 3.0,
    "public_samples": 20000,
    "synthetic": false,
    "heterogeneity": {
      "config_file": "config/devices/heterogeneity.yaml",
      "overrides": {
        "privacy_sensitivity": {
          "lambda_mult": 1.0
        }
      }
    },
    "method_config": {
      "delta": 0.01,
      "clip_bound": 2.0,