{
  "label": "g7_s123_v2",
  "phase": 0,
  "exp": "0",
  "method": "PAID-FD",
  "seed": 123,
  "desc": "Main \u03b3=7 sweep (cubic-fix rerun)",
  "dataset": "cifar100",
  "summary": {
    "label": "g7_s123_v2",
    "exp": "0",
    "method": "PAID-FD",
    "seed": 123,
    "desc": "Main \u03b3=7 sweep (cubic-fix rerun)",
    "final_acc": 0.6126,
    "best_acc": 0.6161,
    "avg_participation": 1.0,
    "avg_price": 2.678986805909482,
    "avg_eps_per_round": 2.686361489677744,
    "cumulative_payment": 27213.09351676901,
    "avg_privacy_spent": 268.63614896777455,
    "max_privacy_spent": 753.0166614969183,
    "time_to_targets": {
      "0.45": 4,
      "0.5": 8,
      "0.55": 14,
      "0.58": 22,
      "0.6": 38
    },
    "elapsed_sec": 11040.192795038223
  },
  "accuracies": [
    0.3724,
    0.4295,
    0.4338,
    0.4465,
    0.4599,
    0.4707,
    0.4894,
    0.4956,
    0.5082,
    0.5227,
    0.5311,
    0.5296,
    0.5408,
    0.5464,
    0.5586,
    0.5513,
    0.5633,
    0.5407,
    0.5733,
    0.5687,
    0.5676,
    0.5777,
    0.5828,
    0.5835,
    0.5751,
    0.586,
    0.5911,
    0.5784,
    0.5902,
    0.5898,
    0.592,
    0.5904,
    0.5894,
    0.5946,
    0.5907,
    0.5958,
    0.5922,
    0.5982,
    0.6044,
    0.6026,
    0.6031,
    0.5934,
    0.5976,
    0.5955,
    0.598,
    0.5985,
    0.5944,
    0.5963,
    0.6029,
    0.6039,
    0.602,
    0.6024,
    0.5999,
    0.6017,
    0.6017,
    0.6059,
    0.6053,
    0.595,
    0.6092,
    0.607,
    0.6096,
    0.6102,
    0.6095,
    0.6096,
    0.6068,
    0.6024,
    0.601,
    0.6136,
    0.6072,
    0.6014,
    0.6076,
    0.608,
    0.6114,
    0.6121,
    0.6076,
    0.6022,
    0.6076,
    0.6093,
    0.6044,
    0.6132,
    0.6145,
    0.6134,
    0.6049,
    0.6125,
    0.6161,
    0.6042,
    0.6092,
    0.6115,
    0.6158,
    0.612,
    0.616,
    0.6128,
    0.6099,
    0.6098,
    0.6149,
    0.6152,
    0.616,
    0.6147,
    0.6106,
    0.6126
  ],
  "participation_rates": [
    1.0,
    1.0,
    1.0,
    1.0,
    1.0,
    1.0,
    1.0,
    1.0,
    1.0,
    1.0,
    1.0,
    1.0,
    1.0,
    1.0,
    1.0,
    1.0,
    1.0,
    1.0,
    1.0,
    1.0,
    1.0,
    1.0,
    1.0,
    1.0,
    1.0,
    1.0,
    1.0,
    1.0,
    1.0,
    1.0,
    1.0,
    1.0,
    1.0,
    1.0,
    1.0,
    1.0,
    1.0,
    1.0,
    1.0,
    1.0,
    1.0,
    1.0,
    1.0,
    1.0,
    1.0,
    1.0,
    1.0,
    1.0,
    1.0,
    1.0,
    1.0,
    1.0,
    1.0,
    1.0,
    1.0,
    1.0,
    1.0,
    1.0,
    1.0,
    1.0,
    1.0,
    1.0,
    1.0,
    1.0,
    1.0,
    1.0,
    1.0,
    1.0,
    1.0,
    1.0,
    1.0,
    1.0,
    1.0,
    1.0,
    1.0,
    1.0,
    1.0,
    1.0,
    1.0,
    1.0,
    1.0,
    1.0,
    1.0,
    1.0,
    1.0,
    1.0,
    1.0,
    1.0,
    1.0,
    1.0,
    1.0,
    1.0,
    1.0,
    1.0,
    1.0,
    1.0,
    1.0,
    1.0,
    1.0,
    1.0
  ],
  "prices": [
    2.6789868059094832,
    2.6789868059094832,
    2.6789868059094832,
    2.6789868059094832,
    2.6789868059094832,
    2.6789868059094832,
    2.6789868059094832,
    2.6789868059094832,
    2.6789868059094832,
    2.6789868059094832,
    2.6789868059094832,
    2.6789868059094832,
    2.6789868059094832,
    2.6789868059094832,
    2.6789868059094832,
    2.6789868059094832,
    2.6789868059094832,
    2.6789868059094832,
    2.6789868059094832,
    2.6789868059094832,
    2.6789868059094832,
    2.6789868059094832,
    2.6789868059094832,
    2.6789868059094832,
    2.6789868059094832,
    2.6789868059094832,
    2.6789868059094832,
    2.6789868059094832,
    2.6789868059094832,
    2.6789868059094832,
    2.6789868059094832,
    2.6789868059094832,
    2.6789868059094832,
    2.6789868059094832,
    2.6789868059094832,
    2.6789868059094832,
    2.6789868059094832,
    2.6789868059094832,
    2.6789868059094832,
    2.6789868059094832,
    2.6789868059094832,
    2.6789868059094832,
    2.6789868059094832,
    2.6789868059094832,
    2.6789868059094832,
    2.6789868059094832,
    2.6789868059094832,
    2.6789868059094832,
    2.6789868059094832,
    2.6789868059094832,
    2.6789868059094832,
    2.6789868059094832,
    2.6789868059094832,
    2.6789868059094832,
    2.6789868059094832,
    2.6789868059094832,
    2.6789868059094832,
    2.6789868059094832,
    2.6789868059094832,
    2.6789868059094832,
    2.6789868059094832,
    2.6789868059094832,
    2.6789868059094832,
    2.6789868059094832,
    2.6789868059094832,
    2.6789868059094832,
    2.6789868059094832,
    2.6789868059094832,
    2.6789868059094832,
    2.6789868059094832,
    2.6789868059094832,
    2.6789868059094832,
    2.6789868059094832,
    2.6789868059094832,
    2.6789868059094832,
    2.6789868059094832,
    2.6789868059094832,
    2.6789868059094832,
    2.6789868059094832,
    2.6789868059094832,
    2.6789868059094832,
    2.6789868059094832,
    2.6789868059094832,
    2.6789868059094832,
    2.6789868059094832,
    2.6789868059094832,
    2.6789868059094832,
    2.6789868059094832,
    2.6789868059094832,
    2.6789868059094832,
    2.6789868059094832,
    2.6789868059094832,
    2.6789868059094832,
    2.6789868059094832,
    2.6789868059094832,
    2.6789868059094832,
    2.6789868059094832,
    2.6789868059094832,
    2.6789868059094832,
    2.6789868059094832
  ],
  "avg_eps": [
    2.6863614896777452,
    2.6863614896777452,
    2.6863614896777452,
    2.6863614896777452,
    2.6863614896777452,
    2.6863614896777452,
    2.6863614896777452,
    2.6863614896777452,
    2.6863614896777452,
    2.6863614896777452,
    2.6863614896777452,
    2.6863614896777452,
    2.6863614896777452,
    2.6863614896777452,
    2.6863614896777452,
    2.6863614896777452,
    2.6863614896777452,
    2.6863614896777452,
    2.6863614896777452,
    2.6863614896777452,
    2.6863614896777452,
    2.6863614896777452,
    2.6863614896777452,
    2.6863614896777452,
    2.6863614896777452,
    2.6863614896777452,
    2.6863614896777452,
    2.6863614896777452,
    2.6863614896777452,
    2.6863614896777452,
    2.6863614896777452,
    2.6863614896777452,
    2.6863614896777452,
    2.6863614896777452,
    2.6863614896777452,
    2.6863614896777452,
    2.6863614896777452,
    2.6863614896777452,
    2.6863614896777452,
    2.6863614896777452,
    2.6863614896777452,
    2.6863614896777452,
    2.6863614896777452,
    2.6863614896777452,
    2.6863614896777452,
    2.6863614896777452,
    2.6863614896777452,
    2.6863614896777452,
    2.6863614896777452,
    2.6863614896777452,
    2.6863614896777452,
    2.6863614896777452,
    2.6863614896777452,
    2.6863614896777452,
    2.6863614896777452,
    2.6863614896777452,
    2.6863614896777452,
    2.6863614896777452,
    2.6863614896777452,
    2.6863614896777452,
    2.6863614896777452,
    2.6863614896777452,
    2.6863614896777452,
    2.6863614896777452,
    2.6863614896777452,
    2.6863614896777452,
    2.6863614896777452,
    2.6863614896777452,
    2.6863614896777452,
    2.6863614896777452,
    2.6863614896777452,
    2.6863614896777452,
    2.6863614896777452,
    2.6863614896777452,
    2.6863614896777452,
    2.6863614896777452,
    2.6863614896777452,
    2.6863614896777452,
    2.6863614896777452,
    2.6863614896777452,
    2.6863614896777452,
    2.6863614896777452,
    2.6863614896777452,
    2.6863614896777452,
    2.6863614896777452,
    2.6863614896777452,
    2.6863614896777452,
    2.6863614896777452,
    2.6863614896777452,
    2.6863614896777452,
    2.6863614896777452,
    2.6863614896777452,
    2.6863614896777452,
    2.6863614896777452,
    2.6863614896777452,
    2.6863614896777452,
    2.6863614896777452,
    2.6863614896777452,
    2.6863614896777452,
    2.6863614896777452
  ],
  "config": {
    "n_devices": 50,
    "gamma": 7.0,
    "alpha": 0.5,
    "local_epochs": 5,
    "local_lr": 0.01,
    "local_momentum": 0.9,
    "distill_epochs": 1,
    "distill_lr": 0.001,
    "temperature": 3.0,
    "public_samples": 20000,