{
  "label": "g7_s42_v2",
  "phase": 0,
  "exp": "0",
  "method": "PAID-FD",
  "seed": 42,
  "desc": "Main \u03b3=7 sweep (cubic-fix rerun)",
  "dataset": "cifar100",
  "summary": {
    "label": "g7_s42_v2",
    "exp": "0",
    "method": "PAID-FD",
    "seed": 42,
    "desc": "Main \u03b3=7 sweep (cubic-fix rerun)",
    "final_acc": 0.607,
    "best_acc": 0.6101,
    "avg_participation": 1.0,
    "avg_price": 2.6934046981960234,
    "avg_eps_per_round": 2.7152621397785066,
    "cumulative_payment": 27201.695339178223,
    "avg_privacy_spent": 271.5262139778505,
    "max_privacy_spent": 791.6220608976688,
    "time_to_targets": {
      "0.45": 5,
      "0.5": 9,
      "0.55": 15,
      "0.58": 25,
      "0.6": 53
    },
    "elapsed_sec": 10943.596918821335
  },
  "accuracies": [
    0.3749,
    0.3752,
    0.4315,
    0.4348,
    0.4434,
    0.4644,
    0.4875,
    0.4945,
    0.4922,
    0.506,
    0.5161,
    0.522,
    0.5364,
    0.5439,
    0.5451,
    0.559,
    0.5538,
    0.5486,
    0.5553,
    0.5669,
    0.5674,
    0.5686,
    0.5758,
    0.5501,
    0.5705,
    0.5809,
    0.5753,
    0.5806,
    0.5772,
    0.5795,
    0.5888,
    0.575,
    0.5855,
    0.5902,
    0.5769,
    0.5859,
    0.5891,
    0.5846,
    0.5919,
    0.5909,
    0.5924,
    0.5962,
    0.5876,
    0.5881,
    0.5865,
    0.5897,
    0.5887,
    0.5904,
    0.5965,
    0.5933,
    0.5931,
    0.5953,
    0.5979,
    0.6003,
    0.5908,
    0.5905,
    0.5886,
    0.5959,
    0.5926,
    0.5926,
    0.5938,
    0.5858,
    0.5963,
    0.601,
    0.5977,
    0.5996,
    0.5998,
    0.5962,
    0.6,
    0.5994,
    0.6003,
    0.6019,
    0.6018,
    0.6031,
    0.6003,
    0.6038,
    0.6085,
    0.6013,
    0.5934,
    0.5983,
    0.5999,
    0.6012,
    0.6018,
    0.6027,
    0.6041,
    0.6035,
    0.5997,
    0.5992,
    0.6101,
    0.6044,
    0.6059,
    0.6052,
    0.6074,
    0.6032,
    0.6048,
    0.6057,
    0.6057,
    0.6059,
    0.6093,
    0.607
  ],
  "participation_rates": [
    1.0,
    1.0,
    1.0,
    1.0,
    1.0,
    1.0,
    1.0,
    1.0,
    1.0,
    1.0,
    1.0,
    1.0,
    1.0,
    1.0,
    1.0,
    1.0,
    1.0,
    1.0,
    1.0,
    1.0,
    1.0,
    1.0,
    1.0,
    1.0,
    1.0,
    1.0,
    1.0,
    1.0,
    1.0,
    1.0,
    1.0,
    1.0,
    1.0,
    1.0,
    1.0,
    1.0,
    1.0,
    1.0,
    1.0,
    1.0,
    1.0,
    1.0,
    1.0,
    1.0,
    1.0,
    1.0,
    1.0,
    1.0,
    1.0,
    1.0,
    1.0,
    1.0,
    1.0,
    1.0,
    1.0,
    1.0,
    1.0,
    1.0,
    1.0,
    1.0,
    1.0,
    1.0,
    1.0,
    1.0,
    1.0,
    1.0,
    1.0,
    1.0,
    1.0,
    1.0,
    1.0,
    1.0,
    1.0,
    1.0,
    1.0,
    1.0,
    1.0,
    1.0,
    1.0,
    1.0,
    1.0,
    1.0,
    1.0,
    1.0,
    1.0,
    1.0,
    1.0,
    1.0,
    1.0,
    1.0,
    1.0,
    1.0,
    1.0,
    1.0,
    1.0,
    1.0,
    1.0,
    1.0,
    1.0,
    1.0
  ],
  "prices": [
    2.693404698196022,
    2.693404698196022,
    2.693404698196022,
    2.693404698196022,
    2.693404698196022,
    2.693404698196022,
    2.693404698196022,
    2.693404698196022,
    2.693404698196022,
    2.693404698196022,
    2.693404698196022,
    2.693404698196022,
    2.693404698196022,
    2.693404698196022,
    2.693404698196022,
    2.693404698196022,
    2.693404698196022,
    2.693404698196022,
    2.693404698196022,
    2.693404698196022,
    2.693404698196022,
    2.693404698196022,
    2.693404698196022,
    2.693404698196022,
    2.693404698196022,
    2.693404698196022,
    2.693404698196022,
    2.693404698196022,
    2.693404698196022,
    2.693404698196022,
    2.693404698196022,
    2.693404698196022,
    2.693404698196022,
    2.693404698196022,
    2.693404698196022,
    2.693404698196022,
    2.693404698196022,
    2.693404698196022,
    2.693404698196022,
    2.693404698196022,
    2.693404698196022,
    2.693404698196022,
    2.693404698196022,
    2.693404698196022,
    2.693404698196022,
    2.693404698196022,
    2.693404698196022,
    2.693404698196022,
    2.693404698196022,
    2.693404698196022,
    2.693404698196022,
    2.693404698196022,
    2.693404698196022,
    2.693404698196022,
    2.693404698196022,
    2.693404698196022,
    2.693404698196022,
    2.693404698196022,
    2.693404698196022,
    2.693404698196022,
    2.693404698196022,
    2.693404698196022,
    2.693404698196022,
    2.693404698196022,
    2.693404698196022,
    2.693404698196022,
    2.693404698196022,
    2.693404698196022,
    2.693404698196022,
    2.693404698196022,
    2.693404698196022,
    2.693404698196022,
    2.693404698196022,
    2.693404698196022,
    2.693404698196022,
    2.693404698196022,
    2.693404698196022,
    2.693404698196022,
    2.693404698196022,
    2.693404698196022,
    2.693404698196022,
    2.693404698196022,
    2.693404698196022,
    2.693404698196022,
    2.693404698196022,
    2.693404698196022,
    2.693404698196022,
    2.693404698196022,
    2.693404698196022,
    2.693404698196022,
    2.693404698196022,
    2.693404698196022,
    2.693404698196022,
    2.693404698196022,
    2.693404698196022,
    2.693404698196022,
    2.693404698196022,
    2.693404698196022,
    2.693404698196022,
    2.693404698196022
  ],
  "avg_eps": [
    2.7152621397785053,
    2.7152621397785053,
    2.7152621397785053,
    2.7152621397785053,
    2.7152621397785053,
    2.7152621397785053,
    2.7152621397785053,
    2.7152621397785053,
    2.7152621397785053,
    2.7152621397785053,
    2.7152621397785053,
    2.7152621397785053,
    2.7152621397785053,
    2.7152621397785053,
    2.7152621397785053,
    2.7152621397785053,
    2.7152621397785053,
    2.7152621397785053,
    2.7152621397785053,
    2.7152621397785053,
    2.7152621397785053,
    2.7152621397785053,
    2.7152621397785053,
    2.7152621397785053,
    2.7152621397785053,
    2.7152621397785053,
    2.7152621397785053,
    2.7152621397785053,
    2.7152621397785053,
    2.7152621397785053,
    2.7152621397785053,
    2.7152621397785053,
    2.7152621397785053,
    2.7152621397785053,
    2.7152621397785053,
    2.7152621397785053,
    2.7152621397785053,
    2.7152621397785053,
    2.7152621397785053,
    2.7152621397785053,
    2.7152621397785053,
    2.7152621397785053,
    2.7152621397785053,
    2.7152621397785053,
    2.7152621397785053,
    2.7152621397785053,
    2.7152621397785053,
    2.7152621397785053,
    2.7152621397785053,
    2.7152621397785053,
    2.7152621397785053,
    2.7152621397785053,
    2.7152621397785053,
    2.7152621397785053,
    2.7152621397785053,
    2.7152621397785053,
    2.7152621397785053,
    2.7152621397785053,
    2.7152621397785053,
    2.7152621397785053,
    2.7152621397785053,
    2.7152621397785053,
    2.7152621397785053,
    2.7152621397785053,
    2.7152621397785053,
    2.7152621397785053,
    2.7152621397785053,
    2.7152621397785053,
    2.7152621397785053,
    2.7152621397785053,
    2.7152621397785053,
    2.7152621397785053,
    2.7152621397785053,
    2.7152621397785053,
    2.7152621397785053,
    2.7152621397785053,
    2.7152621397785053,
    2.7152621397785053,
    2.7152621397785053,
    2.7152621397785053,
    2.7152621397785053,
    2.7152621397785053,
    2.7152621397785053,
    2.7152621397785053,
    2.7152621397785053,
    2.7152621397785053,
    2.7152621397785053,
    2.7152621397785053,
    2.7152621397785053,
    2.7152621397785053,
    2.7152621397785053,
    2.7152621397785053,
    2.7152621397785053,
    2.7152621397785053,
    2.7152621397785053,
    2.7152621397785053,
    2.7152621397785053,
    2.7152621397785053,
    2.7152621397785053,
    2.7152621397785053
  ],
  "config": {
    "n_devices": 50,
    "gamma": 7.0,
    "alpha": 0.5,
    "local_epochs": 5,
    "local_lr": 0.01,
    "local_momentum": 0.9,
    "distill_epochs": 1,
    "distill_lr": 0.001,
    "temperature": 3.0,
    "public_samples": 20000,
    "synthetic": false,