{
  "label": "g7_s456_v2",
  "phase": 0,
  "exp": "0",
  "method": "PAID-FD",
  "seed": 456,
  "desc": "Main \u03b3=7 sweep (cubic-fix rerun)",
  "dataset": "cifar100",
  "summary": {
    "label": "g7_s456_v2",
    "exp": "0",
    "method": "PAID-FD",
    "seed": 456,
    "desc": "Main \u03b3=7 sweep (cubic-fix rerun)",
    "final_acc": 0.6088,
    "best_acc": 0.6126,
    "avg_participation": 1.0,
    "avg_price": 2.770003210155464,
    "avg_eps_per_round": 2.7296250706422147,
    "cumulative_payment": 28924.873109605418,
    "avg_privacy_spent": 272.9625070642214,
    "max_privacy_spent": 764.0007189768995,
    "time_to_targets": {
      "0.45": 4,
      "0.5": 7,
      "0.55": 17,
      "0.58": 28,
      "0.6": 55
    },
    "elapsed_sec": 11081.745714187622
  },
  "accuracies": [
    0.3911,
    0.4012,
    0.4428,
    0.4482,
    0.4673,
    0.4699,
    0.4951,
    0.5096,
    0.4981,
    0.5095,
    0.5166,
    0.5256,
    0.5347,
    0.5476,
    0.5382,
    0.5496,
    0.5443,
    0.5611,
    0.5637,
    0.5671,
    0.5711,
    0.5676,
    0.5695,
    0.5715,
    0.5707,
    0.5755,
    0.5691,
    0.5694,
    0.5836,
    0.5877,
    0.5882,
    0.5886,
    0.5825,
    0.5854,
    0.589,
    0.5799,
    0.5883,
    0.5938,
    0.5946,
    0.5904,
    0.5894,
    0.5923,
    0.5959,
    0.5976,
    0.5919,
    0.5936,
    0.5899,
    0.5947,
    0.5931,
    0.5909,
    0.5857,
    0.5976,
    0.5952,
    0.593,
    0.5978,
    0.6024,
    0.5993,
    0.5897,
    0.6015,
    0.601,
    0.6023,
    0.5986,
    0.6027,
    0.6011,
    0.603,
    0.6005,
    0.6008,
    0.5973,
    0.5983,
    0.5995,
    0.6031,
    0.6055,
    0.6044,
    0.6042,
    0.6043,
    0.6051,
    0.6018,
    0.6024,
    0.6042,
    0.6098,
    0.6079,
    0.5956,
    0.6007,
    0.6061,
    0.6074,
    0.6009,
    0.6104,
    0.6034,
    0.6021,
    0.6064,
    0.6034,
    0.6053,
    0.6093,
    0.6006,
    0.6095,
    0.606,
    0.6063,
    0.6126,
    0.6046,
    0.6088
  ],
  "participation_rates": [
    1.0,
    1.0,
    1.0,
    1.0,
    1.0,
    1.0,
    1.0,
    1.0,
    1.0,
    1.0,
    1.0,
    1.0,
    1.0,
    1.0,
    1.0,
    1.0,
    1.0,
    1.0,
    1.0,
    1.0,
    1.0,
    1.0,
    1.0,
    1.0,
    1.0,
    1.0,
    1.0,
    1.0,
    1.0,
    1.0,
    1.0,
    1.0,
    1.0,
    1.0,
    1.0,
    1.0,
    1.0,
    1.0,
    1.0,
    1.0,
    1.0,
    1.0,
    1.0,
    1.0,
    1.0,
    1.0,
    1.0,
    1.0,
    1.0,
    1.0,
    1.0,
    1.0,
    1.0,
    1.0,
    1.0,
    1.0,
    1.0,
    1.0,
    1.0,
    1.0,
    1.0,
    1.0,
    1.0,
    1.0,
    1.0,
    1.0,
    1.0,
    1.0,
    1.0,
    1.0,
    1.0,
    1.0,
    1.0,
    1.0,
    1.0,
    1.0,
    1.0,
    1.0,
    1.0,
    1.0,
    1.0,
    1.0,
    1.0,
    1.0,
    1.0,
    1.0,
    1.0,
    1.0,
    1.0,
    1.0,
    1.0,
    1.0,
    1.0,
    1.0,
    1.0,
    1.0,
    1.0,
    1.0,
    1.0,
    1.0
  ],
  "prices": [
    2.7700032101554655,
    2.7700032101554655,
    2.7700032101554655,
    2.7700032101554655,
    2.7700032101554655,
    2.7700032101554655,
    2.7700032101554655,
    2.7700032101554655,
    2.7700032101554655,
    2.7700032101554655,
    2.7700032101554655,
    2.7700032101554655,
    2.7700032101554655,
    2.7700032101554655,
    2.7700032101554655,
    2.7700032101554655,
    2.7700032101554655,
    2.7700032101554655,
    2.7700032101554655,
    2.7700032101554655,
    2.7700032101554655,
    2.7700032101554655,
    2.7700032101554655,
    2.7700032101554655,
    2.7700032101554655,
    2.7700032101554655,
    2.7700032101554655,
    2.7700032101554655,
    2.7700032101554655,
    2.7700032101554655,
    2.7700032101554655,
    2.7700032101554655,
    2.7700032101554655,
    2.7700032101554655,
    2.7700032101554655,
    2.7700032101554655,
    2.7700032101554655,
    2.7700032101554655,
    2.7700032101554655,
    2.7700032101554655,
    2.7700032101554655,
    2.7700032101554655,
    2.7700032101554655,
    2.7700032101554655,
    2.7700032101554655,
    2.7700032101554655,
    2.7700032101554655,
    2.7700032101554655,
    2.7700032101554655,
    2.7700032101554655,
    2.7700032101554655,
    2.7700032101554655,
    2.7700032101554655,
    2.7700032101554655,
    2.7700032101554655,
    2.7700032101554655,
    2.7700032101554655,
    2.7700032101554655,
    2.7700032101554655,
    2.7700032101554655,
    2.7700032101554655,
    2.7700032101554655,
    2.7700032101554655,
    2.7700032101554655,
    2.7700032101554655,
    2.7700032101554655,
    2.7700032101554655,
    2.7700032101554655,
    2.7700032101554655,
    2.7700032101554655,
    2.7700032101554655,
    2.7700032101554655,
    2.7700032101554655,
    2.7700032101554655,
    2.7700032101554655,
    2.7700032101554655,
    2.7700032101554655,
    2.7700032101554655,
    2.7700032101554655,
    2.7700032101554655,
    2.7700032101554655,
    2.7700032101554655,
    2.7700032101554655,
    2.7700032101554655,
    2.7700032101554655,
    2.7700032101554655,
    2.7700032101554655,
    2.7700032101554655,
    2.7700032101554655,
    2.7700032101554655,
    2.7700032101554655,
    2.7700032101554655,
    2.7700032101554655,
    2.7700032101554655,
    2.7700032101554655,
    2.7700032101554655,
    2.7700032101554655,
    2.7700032101554655,
    2.7700032101554655,
    2.7700032101554655
  ],
  "avg_eps": [
    2.7296250706422156,
    2.7296250706422156,
    2.7296250706422156,
    2.7296250706422156,
    2.7296250706422156,
    2.7296250706422156,
    2.7296250706422156,
    2.7296250706422156,
    2.7296250706422156,
    2.7296250706422156,
    2.7296250706422156,
    2.7296250706422156,
    2.7296250706422156,
    2.7296250706422156,
    2.7296250706422156,
    2.7296250706422156,
    2.7296250706422156,
    2.7296250706422156,
    2.7296250706422156,
    2.7296250706422156,
    2.7296250706422156,
    2.7296250706422156,
    2.7296250706422156,
    2.7296250706422156,
    2.7296250706422156,
    2.7296250706422156,
    2.7296250706422156,
    2.7296250706422156,
    2.7296250706422156,
    2.7296250706422156,
    2.7296250706422156,
    2.7296250706422156,
    2.7296250706422156,
    2.7296250706422156,
    2.7296250706422156,
    2.7296250706422156,
    2.7296250706422156,
    2.7296250706422156,
    2.7296250706422156,
    2.7296250706422156,
    2.7296250706422156,
    2.7296250706422156,
    2.7296250706422156,
    2.7296250706422156,
    2.7296250706422156,
    2.7296250706422156,
    2.7296250706422156,
    2.7296250706422156,
    2.7296250706422156,
    2.7296250706422156,
    2.7296250706422156,
    2.7296250706422156,
    2.7296250706422156,
    2.7296250706422156,
    2.7296250706422156,
    2.7296250706422156,
    2.7296250706422156,
    2.7296250706422156,
    2.7296250706422156,
    2.7296250706422156,
    2.7296250706422156,
    2.7296250706422156,
    2.7296250706422156,
    2.7296250706422156,
    2.7296250706422156,
    2.7296250706422156,
    2.7296250706422156,
    2.7296250706422156,
    2.7296250706422156,
    2.7296250706422156,
    2.7296250706422156,
    2.7296250706422156,
    2.7296250706422156,
    2.7296250706422156,
    2.7296250706422156,
    2.7296250706422156,
    2.7296250706422156,
    2.7296250706422156,
    2.7296250706422156,
    2.7296250706422156,
    2.7296250706422156,
    2.7296250706422156,
    2.7296250706422156,
    2.7296250706422156,
    2.7296250706422156,
    2.7296250706422156,
    2.7296250706422156,
    2.7296250706422156,
    2.7296250706422156,
    2.7296250706422156,
    2.7296250706422156,
    2.7296250706422156,
    2.7296250706422156,
    2.7296250706422156,
    2.7296250706422156,
    2.7296250706422156,
    2.7296250706422156,
    2.7296250706422156,
    2.7296250706422156,
    2.7296250706422156
  ],
  "config": {
    "n_devices": 50,
    "gamma": 7.0,
    "alpha": 0.5,
    "local_epochs": 5,
    "local_lr": 0.01,
    "local_momentum": 0.9,
    "distill_epochs": 1,
    "distill_lr": 0.001,
    "temperature": 3.0,