{
  "label": "expB_n80_g10_s42",
  "phase": 1,
  "exp": "B",
  "method": "PAID-FD",
  "seed": 42,
  "desc": "PAID-FD N=80 \u03b3=10",
  "dataset": "cifar100",
  "summary": {
    "label": "expB_n80_g10_s42",
    "exp": "B",
    "method": "PAID-FD",
    "seed": 42,
    "desc": "PAID-FD N=80 \u03b3=10",
    "final_acc": 0.6171,
    "best_acc": 0.6209,
    "avg_participation": 1.0,
    "avg_price": 4.446081731856984,
    "avg_eps_per_round": 3.2186916153872986,
    "cumulative_payment": 92080.52249415581,
    "avg_privacy_spent": 321.8691615387298,
    "max_privacy_spent": 925.5679128068087,
    "time_to_targets": {
      "0.45": 3,
      "0.5": 7,
      "0.55": 15,
      "0.58": 21,
      "0.6": 34
    },
    "elapsed_sec": 21226.918962955475
  },
  "accuracies": [
    0.3934,
    0.3959,
    0.4404,
    0.4672,
    0.464,
    0.4816,
    0.4783,
    0.5042,
    0.5131,
    0.5166,
    0.527,
    0.5287,
    0.5348,
    0.5456,
    0.5483,
    0.5659,
    0.577,
    0.563,
    0.5776,
    0.5644,
    0.5779,
    0.583,
    0.5698,
    0.5814,
    0.5849,
    0.5921,
    0.5746,
    0.5866,
    0.587,
    0.5923,
    0.5837,
    0.5951,
    0.5888,
    0.597,
    0.6027,
    0.5947,
    0.5932,
    0.6016,
    0.6085,
    0.6021,
    0.603,
    0.6066,
    0.6084,
    0.6067,
    0.603,
    0.6078,
    0.6054,
    0.6015,
    0.6021,
    0.6021,
    0.6051,
    0.6087,
    0.6029,
    0.6012,
    0.6059,
    0.6051,
    0.6114,
    0.6097,
    0.6046,
    0.607,
    0.6045,
    0.6108,
    0.6118,
    0.6088,
    0.6153,
    0.6116,
    0.6073,
    0.6111,
    0.6094,
    0.6103,
    0.6137,
    0.6058,
    0.6086,
    0.6153,
    0.6163,
    0.6114,
    0.6163,
    0.6114,
    0.6142,
    0.6197,
    0.6107,
    0.6152,
    0.6087,
    0.6088,
    0.6086,
    0.6118,
    0.6121,
    0.6122,
    0.6127,
    0.6145,
    0.6209,
    0.6177,
    0.611,
    0.6117,
    0.6187,
    0.6148,
    0.6182,
    0.6125,
    0.6121,
    0.6171
  ],
  "participation_rates": [
    1.0,
    1.0,
    1.0,
    1.0,
    1.0,
    1.0,
    1.0,
    1.0,
    1.0,
    1.0,
    1.0,
    1.0,
    1.0,
    1.0,
    1.0,
    1.0,
    1.0,
    1.0,
    1.0,
    1.0,
    1.0,
    1.0,
    1.0,
    1.0,
    1.0,
    1.0,
    1.0,
    1.0,
    1.0,
    1.0,
    1.0,
    1.0,
    1.0,
    1.0,
    1.0,
    1.0,
    1.0,
    1.0,
    1.0,
    1.0,
    1.0,
    1.0,
    1.0,
    1.0,
    1.0,
    1.0,
    1.0,
    1.0,
    1.0,
    1.0,
    1.0,
    1.0,
    1.0,
    1.0,
    1.0,
    1.0,
    1.0,
    1.0,
    1.0,
    1.0,
    1.0,
    1.0,
    1.0,
    1.0,
    1.0,
    1.0,
    1.0,
    1.0,
    1.0,
    1.0,
    1.0,
    1.0,
    1.0,
    1.0,
    1.0,
    1.0,
    1.0,
    1.0,
    1.0,
    1.0,
    1.0,
    1.0,
    1.0,
    1.0,
    1.0,
    1.0,
    1.0,
    1.0,
    1.0,
    1.0,
    1.0,
    1.0,
    1.0,
    1.0,
    1.0,
    1.0,
    1.0,
    1.0,
    1.0,
    1.0
  ],
  "prices": [
    4.446081731856985,
    4.446081731856985,
    4.446081731856985,
    4.446081731856985,
    4.446081731856985,
    4.446081731856985,
    4.446081731856985,
    4.446081731856985,
    4.446081731856985,
    4.446081731856985,
    4.446081731856985,
    4.446081731856985,
    4.446081731856985,
    4.446081731856985,
    4.446081731856985,
    4.446081731856985,
    4.446081731856985,
    4.446081731856985,
    4.446081731856985,
    4.446081731856985,
    4.446081731856985,
    4.446081731856985,
    4.446081731856985,
    4.446081731856985,
    4.446081731856985,
    4.446081731856985,
    4.446081731856985,
    4.446081731856985,
    4.446081731856985,
    4.446081731856985,
    4.446081731856985,
    4.446081731856985,
    4.446081731856985,
    4.446081731856985,
    4.446081731856985,
    4.446081731856985,
    4.446081731856985,
    4.446081731856985,
    4.446081731856985,
    4.446081731856985,
    4.446081731856985,
    4.446081731856985,
    4.446081731856985,
    4.446081731856985,
    4.446081731856985,
    4.446081731856985,
    4.446081731856985,
    4.446081731856985,
    4.446081731856985,
    4.446081731856985,
    4.446081731856985,
    4.446081731856985,
    4.446081731856985,
    4.446081731856985,
    4.446081731856985,
    4.446081731856985,
    4.446081731856985,
    4.446081731856985,
    4.446081731856985,
    4.446081731856985,
    4.446081731856985,
    4.446081731856985,
    4.446081731856985,
    4.446081731856985,
    4.446081731856985,
    4.446081731856985,
    4.446081731856985,
    4.446081731856985,
    4.446081731856985,
    4.446081731856985,
    4.446081731856985,
    4.446081731856985,
    4.446081731856985,
    4.446081731856985,
    4.446081731856985,
    4.446081731856985,
    4.446081731856985,
    4.446081731856985,
    4.446081731856985,
    4.446081731856985,
    4.446081731856985,
    4.446081731856985,
    4.446081731856985,
    4.446081731856985,
    4.446081731856985,
    4.446081731856985,
    4.446081731856985,
    4.446081731856985,
    4.446081731856985,
    4.446081731856985,
    4.446081731856985,
    4.446081731856985,
    4.446081731856985,
    4.446081731856985,
    4.446081731856985,
    4.446081731856985,
    4.446081731856985,
    4.446081731856985,
    4.446081731856985,
    4.446081731856985
  ],
  "avg_eps": [
    3.2186916153872986,
    3.2186916153872986,
    3.2186916153872986,
    3.2186916153872986,
    3.2186916153872986,
    3.2186916153872986,
    3.2186916153872986,
    3.2186916153872986,
    3.2186916153872986,
    3.2186916153872986,
    3.2186916153872986,
    3.2186916153872986,
    3.2186916153872986,
    3.2186916153872986,
    3.2186916153872986,
    3.2186916153872986,
    3.2186916153872986,
    3.2186916153872986,
    3.2186916153872986,
    3.2186916153872986,
    3.2186916153872986,
    3.2186916153872986,
    3.2186916153872986,
    3.2186916153872986,
    3.2186916153872986,
    3.2186916153872986,
    3.2186916153872986,
    3.2186916153872986,
    3.2186916153872986,
    3.2186916153872986,
    3.2186916153872986,
    3.2186916153872986,
    3.2186916153872986,
    3.2186916153872986,
    3.2186916153872986,
    3.2186916153872986,
    3.2186916153872986,
    3.2186916153872986,
    3.2186916153872986,
    3.2186916153872986,
    3.2186916153872986,
    3.2186916153872986,
    3.2186916153872986,
    3.2186916153872986,
    3.2186916153872986,
    3.2186916153872986,
    3.2186916153872986,
    3.2186916153872986,
    3.2186916153872986,
    3.2186916153872986,
    3.2186916153872986,
    3.2186916153872986,
    3.2186916153872986,
    3.2186916153872986,
    3.2186916153872986,
    3.2186916153872986,
    3.2186916153872986,
    3.2186916153872986,
    3.2186916153872986,
    3.2186916153872986,
    3.2186916153872986,
    3.2186916153872986,
    3.2186916153872986,
    3.2186916153872986,
    3.2186916153872986,
    3.2186916153872986,
    3.2186916153872986,
    3.2186916153872986,
    3.2186916153872986,
    3.2186916153872986,
    3.2186916153872986,
    3.2186916153872986,
    3.2186916153872986,
    3.2186916153872986,
    3.2186916153872986,
    3.2186916153872986,
    3.2186916153872986,
    3.2186916153872986,
    3.2186916153872986,
    3.2186916153872986,
    3.2186916153872986,
    3.2186916153872986,
    3.2186916153872986,
    3.2186916153872986,
    3.2186916153872986,
    3.2186916153872986,
    3.2186916153872986,
    3.2186916153872986,
    3.2186916153872986,
    3.2186916153872986,
    3.2186916153872986,
    3.2186916153872986,
    3.2186916153872986,
    3.2186916153872986,
    3.2186916153872986,
    3.2186916153872986,
    3.2186916153872986,
    3.2186916153872986,
    3.2186916153872986,
    3.2186916153872986
  ],
  "config": {
    "n_devices": 80,
    "gamma": 10,
    "alpha": 0.5,
    "local_epochs": 5,
    "local_lr": 0.01,
    "local_momentum": 0.9,
    "distill_epochs": 1,
    "distill_lr": 0.001,
    "temperature": 3.0,
    "public_samples": 20000,
    "synthetic": false,
    "heterogeneity": {
      "config_file": "config/devices/heterogeneity.yaml",