{
  "label": "expB_n80_g3_s456",
  "phase": 1,
  "exp": "B",
  "method": "PAID-FD",
  "seed": 456,
  "desc": "PAID-FD N=80 \u03b3=3",
  "dataset": "cifar100",
  "summary": {
    "label": "expB_n80_g3_s456",
    "exp": "B",
    "method": "PAID-FD",
    "seed": 456,
    "desc": "PAID-FD N=80 \u03b3=3",
    "final_acc": 0.611,
    "best_acc": 0.6186,
    "avg_participation": 0.3999999999999999,
    "avg_price": 2.3490838047803915,
    "avg_eps_per_round": 2.725426543927042,
    "cumulative_payment": 14883.47033706246,
    "avg_privacy_spent": 272.5426543927041,
    "max_privacy_spent": 505.3477265305051,
    "time_to_targets": {
      "0.45": 3,
      "0.5": 9,
      "0.55": 13,
      "0.58": 25,
      "0.6": 46
    },
    "elapsed_sec": 9028.446770429611
  },
  "accuracies": [
    0.3821,
    0.427,
    0.4227,
    0.4639,
    0.4625,
    0.4922,
    0.4725,
    0.4981,
    0.4912,
    0.5162,
    0.5224,
    0.5197,
    0.5336,
    0.554,
    0.5378,
    0.5514,
    0.5507,
    0.5583,
    0.5606,
    0.5654,
    0.5776,
    0.5766,
    0.5731,
    0.5753,
    0.5775,
    0.5864,
    0.5785,
    0.5875,
    0.5829,
    0.5906,
    0.5903,
    0.5881,
    0.5847,
    0.5896,
    0.5863,
    0.5902,
    0.5931,
    0.5946,
    0.5936,
    0.5977,
    0.5909,
    0.5977,
    0.5973,
    0.5956,
    0.5991,
    0.5976,
    0.6004,
    0.6023,
    0.601,
    0.5941,
    0.5993,
    0.5976,
    0.6074,
    0.6008,
    0.6008,
    0.6051,
    0.5998,
    0.6007,
    0.6046,
    0.6048,
    0.6089,
    0.6048,
    0.6048,
    0.6047,
    0.6087,
    0.6027,
    0.6066,
    0.6062,
    0.5997,
    0.6056,
    0.6044,
    0.6097,
    0.6061,
    0.6049,
    0.609,
    0.6083,
    0.6147,
    0.6023,
    0.6101,
    0.6088,
    0.605,
    0.6051,
    0.6071,
    0.6075,
    0.6067,
    0.6186,
    0.6075,
    0.6112,
    0.6046,
    0.6118,
    0.6095,
    0.6055,
    0.6097,
    0.6092,
    0.6066,
    0.607,
    0.6129,
    0.6063,
    0.6058,
    0.611
  ],
  "participation_rates": [
    0.4,
    0.4,
    0.4,
    0.4,
    0.4,
    0.4,
    0.4,
    0.4,
    0.4,
    0.4,
    0.4,
    0.4,
    0.4,
    0.4,
    0.4,
    0.4,
    0.4,
    0.4,
    0.4,
    0.4,
    0.4,
    0.4,
    0.4,
    0.4,
    0.4,
    0.4,
    0.4,
    0.4,
    0.4,
    0.4,
    0.4,
    0.4,
    0.4,
    0.4,
    0.4,
    0.4,
    0.4,
    0.4,
    0.4,
    0.4,
    0.4,
    0.4,
    0.4,
    0.4,
    0.4,
    0.4,
    0.4,
    0.4,
    0.4,
    0.4,
    0.4,
    0.4,
    0.4,
    0.4,
    0.4,
    0.4,
    0.4,
    0.4,
    0.4,
    0.4,
    0.4,
    0.4,
    0.4,
    0.4,
    0.4,
    0.4,
    0.4,
    0.4,
    0.4,
    0.4,
    0.4,
    0.4,
    0.4,
    0.4,
    0.4,
    0.4,
    0.4,
    0.4,
    0.4,
    0.4,
    0.4,
    0.4,
    0.4,
    0.4,
    0.4,
    0.4,
    0.4,
    0.4,
    0.4,
    0.4,
    0.4,
    0.4,
    0.4,
    0.4,
    0.4,
    0.4,
    0.4,
    0.4,
    0.4,
    0.4
  ],
  "prices": [
    2.349083804780392,
    2.349083804780392,
    2.349083804780392,
    2.349083804780392,
    2.349083804780392,
    2.349083804780392,
    2.349083804780392,
    2.349083804780392,
    2.349083804780392,
    2.349083804780392,
    2.349083804780392,
    2.349083804780392,
    2.349083804780392,
    2.349083804780392,
    2.349083804780392,
    2.349083804780392,
    2.349083804780392,
    2.349083804780392,
    2.349083804780392,
    2.349083804780392,
    2.349083804780392,
    2.349083804780392,
    2.349083804780392,
    2.349083804780392,
    2.349083804780392,
    2.349083804780392,
    2.349083804780392,
    2.349083804780392,
    2.349083804780392,
    2.349083804780392,
    2.349083804780392,
    2.349083804780392,
    2.349083804780392,
    2.349083804780392,
    2.349083804780392,
    2.349083804780392,
    2.349083804780392,
    2.349083804780392,
    2.349083804780392,
    2.349083804780392,
    2.349083804780392,
    2.349083804780392,
    2.349083804780392,
    2.349083804780392,
    2.349083804780392,
    2.349083804780392,
    2.349083804780392,
    2.349083804780392,
    2.349083804780392,
    2.349083804780392,
    2.349083804780392,
    2.349083804780392,
    2.349083804780392,
    2.349083804780392,
    2.349083804780392,
    2.349083804780392,
    2.349083804780392,
    2.349083804780392,
    2.349083804780392,
    2.349083804780392,
    2.349083804780392,
    2.349083804780392,
    2.349083804780392,
    2.349083804780392,
    2.349083804780392,
    2.349083804780392,
    2.349083804780392,
    2.349083804780392,
    2.349083804780392,
    2.349083804780392,
    2.349083804780392,
    2.349083804780392,
    2.349083804780392,
    2.349083804780392,
    2.349083804780392,
    2.349083804780392,
    2.349083804780392,
    2.349083804780392,
    2.349083804780392,
    2.349083804780392,
    2.349083804780392,
    2.349083804780392,
    2.349083804780392,
    2.349083804780392,
    2.349083804780392,
    2.349083804780392,
    2.349083804780392,
    2.349083804780392,
    2.349083804780392,
    2.349083804780392,
    2.349083804780392,
    2.349083804780392,
    2.349083804780392,
    2.349083804780392,
    2.349083804780392,
    2.349083804780392,
    2.349083804780392,
    2.349083804780392,
    2.349083804780392,
    2.349083804780392
  ],
  "avg_eps": [
    2.7254265439270426,
    2.7254265439270426,
    2.7254265439270426,
    2.7254265439270426,
    2.7254265439270426,
    2.7254265439270426,
    2.7254265439270426,
    2.7254265439270426,
    2.7254265439270426,
    2.7254265439270426,
    2.7254265439270426,
    2.7254265439270426,
    2.7254265439270426,
    2.7254265439270426,
    2.7254265439270426,
    2.7254265439270426,
    2.7254265439270426,
    2.7254265439270426,
    2.7254265439270426,
    2.7254265439270426,
    2.7254265439270426,
    2.7254265439270426,
    2.7254265439270426,
    2.7254265439270426,
    2.7254265439270426,
    2.7254265439270426,
    2.7254265439270426,
    2.7254265439270426,
    2.7254265439270426,
    2.7254265439270426,
    2.7254265439270426,
    2.7254265439270426,
    2.7254265439270426,
    2.7254265439270426,
    2.7254265439270426,
    2.7254265439270426,
    2.7254265439270426,
    2.7254265439270426,
    2.7254265439270426,
    2.7254265439270426,
    2.7254265439270426,
    2.7254265439270426,
    2.7254265439270426,
    2.7254265439270426,
    2.7254265439270426,
    2.7254265439270426,
    2.7254265439270426,
    2.7254265439270426,
    2.7254265439270426,
    2.7254265439270426,
    2.7254265439270426,
    2.7254265439270426,
    2.7254265439270426,
    2.7254265439270426,
    2.7254265439270426,
    2.7254265439270426,
    2.7254265439270426,
    2.7254265439270426,
    2.7254265439270426,
    2.7254265439270426,
    2.7254265439270426,
    2.7254265439270426,
    2.7254265439270426,
    2.7254265439270426,
    2.7254265439270426,
    2.7254265439270426,
    2.7254265439270426,
    2.7254265439270426,
    2.7254265439270426,
    2.7254265439270426,
    2.7254265439270426,
    2.7254265439270426,
    2.7254265439270426,
    2.7254265439270426,
    2.7254265439270426,
    2.7254265439270426,
    2.7254265439270426,
    2.7254265439270426,
    2.7254265439270426,
    2.7254265439270426,
    2.7254265439270426,
    2.7254265439270426,
    2.7254265439270426,
    2.7254265439270426,
    2.7254265439270426,
    2.7254265439270426,
    2.7254265439270426,
    2.7254265439270426,
    2.7254265439270426,
    2.7254265439270426,
    2.7254265439270426,
    2.7254265439270426,
    2.7254265439270426,
    2.7254265439270426,
    2.7254265439270426,
    2.7254265439270426,
    2.7254265439270426,
    2.7254265439270426,
    2.7254265439270426,
    2.7254265439270426
  ],
  "config": {
    "n_devices": 80,
    "gamma": 3,
    "alpha": 0.5,
    "local_epochs": 5,
    "local_lr": 0.01,
    "local_momentum": 0.9,
    "distill_epochs": 1,
    "distill_lr": 0.001,
    "temperature": 3.0,
    "public_samples": 20000,
    "synthetic": false,
    "heterogeneity": {
      "config_file": "config/devices/heterogeneity.yaml",