{
  "label": "expB_n80_g3_s123",
  "phase": 1,
  "exp": "B",
  "method": "PAID-FD",
  "seed": 123,
  "desc": "PAID-FD N=80 \u03b3=3",
  "dataset": "cifar100",
  "summary": {
    "label": "expB_n80_g3_s123",
    "exp": "B",
    "method": "PAID-FD",
    "seed": 123,
    "desc": "PAID-FD N=80 \u03b3=3",
    "final_acc": 0.6084,
    "best_acc": 0.617,
    "avg_participation": 0.3999999999999999,
    "avg_price": 2.3475552702376556,
    "avg_eps_per_round": 2.8263789885134973,
    "cumulative_payment": 14899.904184243267,
    "avg_privacy_spent": 282.63789885134986,
    "max_privacy_spent": 484.75767382930115,
    "time_to_targets": {
      "0.45": 4,
      "0.5": 8,
      "0.55": 15,
      "0.58": 23,
      "0.6": 47
    },
    "elapsed_sec": 9004.411254882812
  },
  "accuracies": [
    0.3574,
    0.4177,
    0.428,
    0.4468,
    0.4736,
    0.4679,
    0.4749,
    0.4857,
    0.5032,
    0.5041,
    0.5047,
    0.5305,
    0.5113,
    0.5422,
    0.5429,
    0.5623,
    0.5503,
    0.5483,
    0.5513,
    0.5559,
    0.5683,
    0.5561,
    0.5688,
    0.5801,
    0.5757,
    0.5879,
    0.5874,
    0.5843,
    0.5844,
    0.5798,
    0.5834,
    0.5902,
    0.5892,
    0.5817,
    0.5868,
    0.5841,
    0.5918,
    0.5975,
    0.5905,
    0.5987,
    0.5876,
    0.5952,
    0.593,
    0.5984,
    0.5965,
    0.5808,
    0.5917,
    0.6055,
    0.6059,
    0.5997,
    0.6021,
    0.6007,
    0.5949,
    0.5985,
    0.5972,
    0.6026,
    0.6058,
    0.5983,
    0.6029,
    0.6002,
    0.6017,
    0.5992,
    0.6024,
    0.604,
    0.5991,
    0.6054,
    0.6106,
    0.6099,
    0.6037,
    0.6057,
    0.6023,
    0.6044,
    0.6073,
    0.611,
    0.6109,
    0.6077,
    0.6139,
    0.608,
    0.612,
    0.6029,
    0.6142,
    0.6074,
    0.6053,
    0.6052,
    0.6088,
    0.611,
    0.6095,
    0.6073,
    0.6032,
    0.6032,
    0.6124,
    0.6055,
    0.6141,
    0.6082,
    0.6055,
    0.6147,
    0.616,
    0.6091,
    0.617,
    0.6084
  ],
  "participation_rates": [
    0.4,
    0.4,
    0.4,
    0.4,
    0.4,
    0.4,
    0.4,
    0.4,
    0.4,
    0.4,
    0.4,
    0.4,
    0.4,
    0.4,
    0.4,
    0.4,
    0.4,
    0.4,
    0.4,
    0.4,
    0.4,
    0.4,
    0.4,
    0.4,
    0.4,
    0.4,
    0.4,
    0.4,
    0.4,
    0.4,
    0.4,
    0.4,
    0.4,
    0.4,
    0.4,
    0.4,
    0.4,
    0.4,
    0.4,
    0.4,
    0.4,
    0.4,
    0.4,
    0.4,
    0.4,
    0.4,
    0.4,
    0.4,
    0.4,
    0.4,
    0.4,
    0.4,
    0.4,
    0.4,
    0.4,
    0.4,
    0.4,
    0.4,
    0.4,
    0.4,
    0.4,
    0.4,
    0.4,
    0.4,
    0.4,
    0.4,
    0.4,
    0.4,
    0.4,
    0.4,
    0.4,
    0.4,
    0.4,
    0.4,
    0.4,
    0.4,
    0.4,
    0.4,
    0.4,
    0.4,
    0.4,
    0.4,
    0.4,
    0.4,
    0.4,
    0.4,
    0.4,
    0.4,
    0.4,
    0.4,
    0.4,
    0.4,
    0.4,
    0.4,
    0.4,
    0.4,
    0.4,
    0.4,
    0.4,
    0.4
  ],
  "prices": [
    2.347555270237656,
    2.347555270237656,
    2.347555270237656,
    2.347555270237656,
    2.347555270237656,
    2.347555270237656,
    2.347555270237656,
    2.347555270237656,
    2.347555270237656,
    2.347555270237656,
    2.347555270237656,
    2.347555270237656,
    2.347555270237656,
    2.347555270237656,
    2.347555270237656,
    2.347555270237656,
    2.347555270237656,
    2.347555270237656,
    2.347555270237656,
    2.347555270237656,
    2.347555270237656,
    2.347555270237656,
    2.347555270237656,
    2.347555270237656,
    2.347555270237656,
    2.347555270237656,
    2.347555270237656,
    2.347555270237656,
    2.347555270237656,
    2.347555270237656,
    2.347555270237656,
    2.347555270237656,
    2.347555270237656,
    2.347555270237656,
    2.347555270237656,
    2.347555270237656,
    2.347555270237656,
    2.347555270237656,
    2.347555270237656,
    2.347555270237656,
    2.347555270237656,
    2.347555270237656,
    2.347555270237656,
    2.347555270237656,
    2.347555270237656,
    2.347555270237656,
    2.347555270237656,
    2.347555270237656,
    2.347555270237656,
    2.347555270237656,
    2.347555270237656,
    2.347555270237656,
    2.347555270237656,
    2.347555270237656,
    2.347555270237656,
    2.347555270237656,
    2.347555270237656,
    2.347555270237656,
    2.347555270237656,
    2.347555270237656,
    2.347555270237656,
    2.347555270237656,
    2.347555270237656,
    2.347555270237656,
    2.347555270237656,
    2.347555270237656,
    2.347555270237656,
    2.347555270237656,
    2.347555270237656,
    2.347555270237656,
    2.347555270237656,
    2.347555270237656,
    2.347555270237656,
    2.347555270237656,
    2.347555270237656,
    2.347555270237656,
    2.347555270237656,
    2.347555270237656,
    2.347555270237656,
    2.347555270237656,
    2.347555270237656,
    2.347555270237656,
    2.347555270237656,
    2.347555270237656,
    2.347555270237656,
    2.347555270237656,
    2.347555270237656,
    2.347555270237656,
    2.347555270237656,
    2.347555270237656,
    2.347555270237656,
    2.347555270237656,
    2.347555270237656,
    2.347555270237656,
    2.347555270237656,
    2.347555270237656,
    2.347555270237656,
    2.347555270237656,
    2.347555270237656,
    2.347555270237656
  ],
  "avg_eps": [
    2.826378988513497,
    2.826378988513497,
    2.826378988513497,
    2.826378988513497,
    2.826378988513497,
    2.826378988513497,
    2.826378988513497,
    2.826378988513497,
    2.826378988513497,
    2.826378988513497,
    2.826378988513497,
    2.826378988513497,
    2.826378988513497,
    2.826378988513497,
    2.826378988513497,
    2.826378988513497,
    2.826378988513497,
    2.826378988513497,
    2.826378988513497,
    2.826378988513497,
    2.826378988513497,
    2.826378988513497,
    2.826378988513497,
    2.826378988513497,
    2.826378988513497,
    2.826378988513497,
    2.826378988513497,
    2.826378988513497,
    2.826378988513497,
    2.826378988513497,
    2.826378988513497,
    2.826378988513497,
    2.826378988513497,
    2.826378988513497,
    2.826378988513497,
    2.826378988513497,
    2.826378988513497,
    2.826378988513497,
    2.826378988513497,
    2.826378988513497,
    2.826378988513497,
    2.826378988513497,
    2.826378988513497,
    2.826378988513497,
    2.826378988513497,
    2.826378988513497,
    2.826378988513497,
    2.826378988513497,
    2.826378988513497,
    2.826378988513497,
    2.826378988513497,
    2.826378988513497,
    2.826378988513497,
    2.826378988513497,
    2.826378988513497,
    2.826378988513497,
    2.826378988513497,
    2.826378988513497,
    2.826378988513497,
    2.826378988513497,
    2.826378988513497,
    2.826378988513497,
    2.826378988513497,
    2.826378988513497,
    2.826378988513497,
    2.826378988513497,
    2.826378988513497,
    2.826378988513497,
    2.826378988513497,
    2.826378988513497,
    2.826378988513497,
    2.826378988513497,
    2.826378988513497,
    2.826378988513497,
    2.826378988513497,
    2.826378988513497,
    2.826378988513497,
    2.826378988513497,
    2.826378988513497,
    2.826378988513497,
    2.826378988513497,
    2.826378988513497,
    2.826378988513497,
    2.826378988513497,
    2.826378988513497,
    2.826378988513497,
    2.826378988513497,
    2.826378988513497,
    2.826378988513497,
    2.826378988513497,
    2.826378988513497,
    2.826378988513497,
    2.826378988513497,
    2.826378988513497,
    2.826378988513497,
    2.826378988513497,
    2.826378988513497,
    2.826378988513497,
    2.826378988513497,
    2.826378988513497
  ],
  "config": {
    "n_devices": 80,
    "gamma": 3,
    "alpha": 0.5,
    "local_epochs": 5,
    "local_lr": 0.01,
    "local_momentum": 0.9,
    "distill_epochs": 1,
    "distill_lr": 0.001,
    "temperature": 3.0,
    "public_samples": 20000,
    "synthetic": false,
    "heterogeneity": {
      "config_file": "config/devices/heterogeneity.yaml",