{
  "label": "expB_n20_g3_s123",
  "phase": 1,
  "exp": "B",
  "method": "PAID-FD",
  "seed": 123,
  "desc": "PAID-FD N=20 \u03b3=3",
  "dataset": "cifar100",
  "summary": {
    "label": "expB_n20_g3_s123",
    "exp": "B",
    "method": "PAID-FD",
    "seed": 123,
    "desc": "PAID-FD N=20 \u03b3=3",
    "final_acc": 0.6136,
    "best_acc": 0.6144,
    "avg_participation": 0.3999999999999999,
    "avg_price": 2.2781465103927427,
    "avg_eps_per_round": 2.6498203044477573,
    "cumulative_payment": 3730.166582222536,
    "avg_privacy_spent": 264.98203044477583,
    "max_privacy_spent": 452.1165001576606,
    "time_to_targets": {
      "0.45": 4,
      "0.5": 8,
      "0.55": 16,
      "0.58": 22,
      "0.6": 47
    },
    "elapsed_sec": 5639.932062387466
  },
  "accuracies": [
    0.3964,
    0.4063,
    0.4248,
    0.4495,
    0.4549,
    0.4681,
    0.4968,
    0.4898,
    0.5081,
    0.5054,
    0.5153,
    0.5413,
    0.5326,
    0.5362,
    0.547,
    0.5452,
    0.5504,
    0.5572,
    0.5751,
    0.5779,
    0.5742,
    0.5731,
    0.5816,
    0.5922,
    0.5719,
    0.5819,
    0.5869,
    0.5814,
    0.5821,
    0.5918,
    0.5808,
    0.5891,
    0.5882,
    0.5952,
    0.5934,
    0.5937,
    0.5937,
    0.598,
    0.5977,
    0.5938,
    0.5901,
    0.5894,
    0.5998,
    0.5935,
    0.5963,
    0.5985,
    0.5903,
    0.602,
    0.597,
    0.5959,
    0.6027,
    0.6051,
    0.6061,
    0.6004,
    0.6034,
    0.6059,
    0.6046,
    0.6103,
    0.6089,
    0.6084,
    0.605,
    0.6076,
    0.6085,
    0.596,
    0.6041,
    0.6024,
    0.6078,
    0.6057,
    0.6102,
    0.6064,
    0.6058,
    0.608,
    0.6027,
    0.5974,
    0.6067,
    0.6078,
    0.6028,
    0.6082,
    0.6062,
    0.6101,
    0.6124,
    0.6069,
    0.5965,
    0.6142,
    0.6144,
    0.6098,
    0.6109,
    0.6097,
    0.6086,
    0.6117,
    0.6099,
    0.6124,
    0.6111,
    0.6118,
    0.6081,
    0.6009,
    0.6113,
    0.6109,
    0.6036,
    0.6136
  ],
  "participation_rates": [
    0.4,
    0.4,
    0.4,
    0.4,
    0.4,
    0.4,
    0.4,
    0.4,
    0.4,
    0.4,
    0.4,
    0.4,
    0.4,
    0.4,
    0.4,
    0.4,
    0.4,
    0.4,
    0.4,
    0.4,
    0.4,
    0.4,
    0.4,
    0.4,
    0.4,
    0.4,
    0.4,
    0.4,
    0.4,
    0.4,
    0.4,
    0.4,
    0.4,
    0.4,
    0.4,
    0.4,
    0.4,
    0.4,
    0.4,
    0.4,
    0.4,
    0.4,
    0.4,
    0.4,
    0.4,
    0.4,
    0.4,
    0.4,
    0.4,
    0.4,
    0.4,
    0.4,
    0.4,
    0.4,
    0.4,
    0.4,
    0.4,
    0.4,
    0.4,
    0.4,
    0.4,
    0.4,
    0.4,
    0.4,
    0.4,
    0.4,
    0.4,
    0.4,
    0.4,
    0.4,
    0.4,
    0.4,
    0.4,
    0.4,
    0.4,
    0.4,
    0.4,
    0.4,
    0.4,
    0.4,
    0.4,
    0.4,
    0.4,
    0.4,
    0.4,
    0.4,
    0.4,
    0.4,
    0.4,
    0.4,
    0.4,
    0.4,
    0.4,
    0.4,
    0.4,
    0.4,
    0.4,
    0.4,
    0.4,
    0.4
  ],
  "prices": [
    2.2781465103927427,
    2.2781465103927427,
    2.2781465103927427,
    2.2781465103927427,
    2.2781465103927427,
    2.2781465103927427,
    2.2781465103927427,
    2.2781465103927427,
    2.2781465103927427,
    2.2781465103927427,
    2.2781465103927427,
    2.2781465103927427,
    2.2781465103927427,
    2.2781465103927427,
    2.2781465103927427,
    2.2781465103927427,
    2.2781465103927427,
    2.2781465103927427,
    2.2781465103927427,
    2.2781465103927427,
    2.2781465103927427,
    2.2781465103927427,
    2.2781465103927427,
    2.2781465103927427,
    2.2781465103927427,
    2.2781465103927427,
    2.2781465103927427,
    2.2781465103927427,
    2.2781465103927427,
    2.2781465103927427,
    2.2781465103927427,
    2.2781465103927427,
    2.2781465103927427,
    2.2781465103927427,
    2.2781465103927427,
    2.2781465103927427,
    2.2781465103927427,
    2.2781465103927427,
    2.2781465103927427,
    2.2781465103927427,
    2.2781465103927427,
    2.2781465103927427,
    2.2781465103927427,
    2.2781465103927427,
    2.2781465103927427,
    2.2781465103927427,
    2.2781465103927427,
    2.2781465103927427,
    2.2781465103927427,
    2.2781465103927427,
    2.2781465103927427,
    2.2781465103927427,
    2.2781465103927427,
    2.2781465103927427,
    2.2781465103927427,
    2.2781465103927427,
    2.2781465103927427,
    2.2781465103927427,
    2.2781465103927427,
    2.2781465103927427,
    2.2781465103927427,
    2.2781465103927427,
    2.2781465103927427,
    2.2781465103927427,
    2.2781465103927427,
    2.2781465103927427,
    2.2781465103927427,
    2.2781465103927427,
    2.2781465103927427,
    2.2781465103927427,
    2.2781465103927427,
    2.2781465103927427,
    2.2781465103927427,
    2.2781465103927427,
    2.2781465103927427,
    2.2781465103927427,
    2.2781465103927427,
    2.2781465103927427,
    2.2781465103927427,
    2.2781465103927427,
    2.2781465103927427,
    2.2781465103927427,
    2.2781465103927427,
    2.2781465103927427,
    2.2781465103927427,
    2.2781465103927427,
    2.2781465103927427,
    2.2781465103927427,
    2.2781465103927427,
    2.2781465103927427,
    2.2781465103927427,
    2.2781465103927427,
    2.2781465103927427,
    2.2781465103927427,
    2.2781465103927427,
    2.2781465103927427,
    2.2781465103927427,
    2.2781465103927427,
    2.2781465103927427,
    2.2781465103927427
  ],
  "avg_eps": [
    2.649820304447757,
    2.649820304447757,
    2.649820304447757,
    2.649820304447757,
    2.649820304447757,
    2.649820304447757,
    2.649820304447757,
    2.649820304447757,
    2.649820304447757,
    2.649820304447757,
    2.649820304447757,
    2.649820304447757,
    2.649820304447757,
    2.649820304447757,
    2.649820304447757,
    2.649820304447757,
    2.649820304447757,
    2.649820304447757,
    2.649820304447757,
    2.649820304447757,
    2.649820304447757,
    2.649820304447757,
    2.649820304447757,
    2.649820304447757,
    2.649820304447757,
    2.649820304447757,
    2.649820304447757,
    2.649820304447757,
    2.649820304447757,
    2.649820304447757,
    2.649820304447757,
    2.649820304447757,
    2.649820304447757,
    2.649820304447757,
    2.649820304447757,
    2.649820304447757,
    2.649820304447757,
    2.649820304447757,
    2.649820304447757,
    2.649820304447757,
    2.649820304447757,
    2.649820304447757,
    2.649820304447757,
    2.649820304447757,
    2.649820304447757,
    2.649820304447757,
    2.649820304447757,
    2.649820304447757,
    2.649820304447757,
    2.649820304447757,
    2.649820304447757,
    2.649820304447757,
    2.649820304447757,
    2.649820304447757,
    2.649820304447757,
    2.649820304447757,
    2.649820304447757,
    2.649820304447757,
    2.649820304447757,
    2.649820304447757,
    2.649820304447757,
    2.649820304447757,
    2.649820304447757,
    2.649820304447757,
    2.649820304447757,
    2.649820304447757,
    2.649820304447757,
    2.649820304447757,
    2.649820304447757,
    2.649820304447757,
    2.649820304447757,
    2.649820304447757,
    2.649820304447757,
    2.649820304447757,
    2.649820304447757,
    2.649820304447757,
    2.649820304447757,
    2.649820304447757,
    2.649820304447757,
    2.649820304447757,
    2.649820304447757,
    2.649820304447757,
    2.649820304447757,
    2.649820304447757,
    2.649820304447757,
    2.649820304447757,
    2.649820304447757,
    2.649820304447757,
    2.649820304447757,
    2.649820304447757,
    2.649820304447757,
    2.649820304447757,
    2.649820304447757,
    2.649820304447757,
    2.649820304447757,
    2.649820304447757,
    2.649820304447757,
    2.649820304447757,
    2.649820304447757,
    2.649820304447757
  ],
  "config": {
    "n_devices": 20,
    "gamma": 3,
    "alpha": 0.5,
    "local_epochs": 5,
    "local_lr": 0.01,
    "local_momentum": 0.9,
    "distill_epochs": 1,
    "distill_lr": 0.001,
    "temperature": 3.0,
    "public_samples": 20000,
    "synthetic": false,