{
  "label": "expB_n80_g10_s123",
  "phase": 1,
  "exp": "B",
  "method": "PAID-FD",
  "seed": 123,
  "desc": "PAID-FD N=80 \u03b3=10",
  "dataset": "cifar100",
  "summary": {
    "label": "expB_n80_g10_s123",
    "exp": "B",
    "method": "PAID-FD",
    "seed": 123,
    "desc": "PAID-FD N=80 \u03b3=10",
    "final_acc": 0.6164,
    "best_acc": 0.6175,
    "avg_participation": 1.0,
    "avg_price": 4.454628322896987,
    "avg_eps_per_round": 3.2296791408736247,
    "cumulative_payment": 93414.65603513936,
    "avg_privacy_spent": 322.96791408736254,
    "max_privacy_spent": 861.9979001400795,
    "time_to_targets": {
      "0.45": 4,
      "0.5": 9,
      "0.55": 17,
      "0.58": 24,
      "0.6": 44
    },
    "elapsed_sec": 20695.11839914322
  },
  "accuracies": [
    0.389,
    0.4182,
    0.4352,
    0.4441,
    0.4519,
    0.4584,
    0.4902,
    0.4966,
    0.4819,
    0.5087,
    0.5229,
    0.5262,
    0.5379,
    0.5336,
    0.5459,
    0.5494,
    0.538,
    0.5651,
    0.552,
    0.5697,
    0.5653,
    0.5777,
    0.5601,
    0.5719,
    0.581,
    0.5818,
    0.584,
    0.5794,
    0.5838,
    0.5758,
    0.5733,
    0.5878,
    0.5933,
    0.5957,
    0.5933,
    0.5986,
    0.5992,
    0.5942,
    0.5918,
    0.5981,
    0.5973,
    0.5997,
    0.599,
    0.5981,
    0.6056,
    0.6051,
    0.5981,
    0.5975,
    0.5993,
    0.6027,
    0.6,
    0.5991,
    0.6025,
    0.6018,
    0.6042,
    0.6064,
    0.6101,
    0.6042,
    0.6045,
    0.6134,
    0.6095,
    0.6054,
    0.6091,
    0.6049,
    0.6059,
    0.6073,
    0.6026,
    0.6072,
    0.6158,
    0.6084,
    0.6068,
    0.6088,
    0.6103,
    0.6005,
    0.6021,
    0.6067,
    0.6141,
    0.6082,
    0.6096,
    0.608,
    0.6059,
    0.6074,
    0.6097,
    0.6156,
    0.6159,
    0.6175,
    0.6161,
    0.6151,
    0.6131,
    0.6094,
    0.6125,
    0.6085,
    0.6099,
    0.6137,
    0.6099,
    0.6132,
    0.6133,
    0.6156,
    0.6143,
    0.6164
  ],
  "participation_rates": [
    1.0,
    1.0,
    1.0,
    1.0,
    1.0,
    1.0,
    1.0,
    1.0,
    1.0,
    1.0,
    1.0,
    1.0,
    1.0,
    1.0,
    1.0,
    1.0,
    1.0,
    1.0,
    1.0,
    1.0,
    1.0,
    1.0,
    1.0,
    1.0,
    1.0,
    1.0,
    1.0,
    1.0,
    1.0,
    1.0,
    1.0,
    1.0,
    1.0,
    1.0,
    1.0,
    1.0,
    1.0,
    1.0,
    1.0,
    1.0,
    1.0,
    1.0,
    1.0,
    1.0,
    1.0,
    1.0,
    1.0,
    1.0,
    1.0,
    1.0,
    1.0,
    1.0,
    1.0,
    1.0,
    1.0,
    1.0,
    1.0,
    1.0,
    1.0,
    1.0,
    1.0,
    1.0,
    1.0,
    1.0,
    1.0,
    1.0,
    1.0,
    1.0,
    1.0,
    1.0,
    1.0,
    1.0,
    1.0,
    1.0,
    1.0,
    1.0,
    1.0,
    1.0,
    1.0,
    1.0,
    1.0,
    1.0,
    1.0,
    1.0,
    1.0,
    1.0,
    1.0,
    1.0,
    1.0,
    1.0,
    1.0,
    1.0,
    1.0,
    1.0,
    1.0,
    1.0,
    1.0,
    1.0,
    1.0,
    1.0
  ],
  "prices": [
    4.454628322896985,
    4.454628322896985,
    4.454628322896985,
    4.454628322896985,
    4.454628322896985,
    4.454628322896985,
    4.454628322896985,
    4.454628322896985,
    4.454628322896985,
    4.454628322896985,
    4.454628322896985,
    4.454628322896985,
    4.454628322896985,
    4.454628322896985,
    4.454628322896985,
    4.454628322896985,
    4.454628322896985,
    4.454628322896985,
    4.454628322896985,
    4.454628322896985,
    4.454628322896985,
    4.454628322896985,
    4.454628322896985,
    4.454628322896985,
    4.454628322896985,
    4.454628322896985,
    4.454628322896985,
    4.454628322896985,
    4.454628322896985,
    4.454628322896985,
    4.454628322896985,
    4.454628322896985,
    4.454628322896985,
    4.454628322896985,
    4.454628322896985,
    4.454628322896985,
    4.454628322896985,
    4.454628322896985,
    4.454628322896985,
    4.454628322896985,
    4.454628322896985,
    4.454628322896985,
    4.454628322896985,
    4.454628322896985,
    4.454628322896985,
    4.454628322896985,
    4.454628322896985,
    4.454628322896985,
    4.454628322896985,
    4.454628322896985,
    4.454628322896985,
    4.454628322896985,
    4.454628322896985,
    4.454628322896985,
    4.454628322896985,
    4.454628322896985,
    4.454628322896985,
    4.454628322896985,
    4.454628322896985,
    4.454628322896985,
    4.454628322896985,
    4.454628322896985,
    4.454628322896985,
    4.454628322896985,
    4.454628322896985,
    4.454628322896985,
    4.454628322896985,
    4.454628322896985,
    4.454628322896985,
    4.454628322896985,
    4.454628322896985,
    4.454628322896985,
    4.454628322896985,
    4.454628322896985,
    4.454628322896985,
    4.454628322896985,
    4.454628322896985,
    4.454628322896985,
    4.454628322896985,
    4.454628322896985,
    4.454628322896985,
    4.454628322896985,
    4.454628322896985,
    4.454628322896985,
    4.454628322896985,
    4.454628322896985,
    4.454628322896985,
    4.454628322896985,
    4.454628322896985,
    4.454628322896985,
    4.454628322896985,
    4.454628322896985,
    4.454628322896985,
    4.454628322896985,
    4.454628322896985,
    4.454628322896985,
    4.454628322896985,
    4.454628322896985,
    4.454628322896985,
    4.454628322896985
  ],
  "avg_eps": [
    3.2296791408736256,
    3.2296791408736256,
    3.2296791408736256,
    3.2296791408736256,
    3.2296791408736256,
    3.2296791408736256,
    3.2296791408736256,
    3.2296791408736256,
    3.2296791408736256,
    3.2296791408736256,
    3.2296791408736256,
    3.2296791408736256,
    3.2296791408736256,
    3.2296791408736256,
    3.2296791408736256,
    3.2296791408736256,
    3.2296791408736256,
    3.2296791408736256,
    3.2296791408736256,
    3.2296791408736256,
    3.2296791408736256,
    3.2296791408736256,
    3.2296791408736256,
    3.2296791408736256,
    3.2296791408736256,
    3.2296791408736256,
    3.2296791408736256,
    3.2296791408736256,
    3.2296791408736256,
    3.2296791408736256,
    3.2296791408736256,
    3.2296791408736256,
    3.2296791408736256,
    3.2296791408736256,
    3.2296791408736256,
    3.2296791408736256,
    3.2296791408736256,
    3.2296791408736256,
    3.2296791408736256,
    3.2296791408736256,
    3.2296791408736256,
    3.2296791408736256,
    3.2296791408736256,
    3.2296791408736256,
    3.2296791408736256,
    3.2296791408736256,
    3.2296791408736256,
    3.2296791408736256,
    3.2296791408736256,
    3.2296791408736256,
    3.2296791408736256,
    3.2296791408736256,
    3.2296791408736256,
    3.2296791408736256,
    3.2296791408736256,
    3.2296791408736256,
    3.2296791408736256,
    3.2296791408736256,
    3.2296791408736256,
    3.2296791408736256,
    3.2296791408736256,
    3.2296791408736256,
    3.2296791408736256,
    3.2296791408736256,
    3.2296791408736256,
    3.2296791408736256,
    3.2296791408736256,
    3.2296791408736256,
    3.2296791408736256,
    3.2296791408736256,
    3.2296791408736256,
    3.2296791408736256,
    3.2296791408736256,
    3.2296791408736256,
    3.2296791408736256,
    3.2296791408736256,
    3.2296791408736256,
    3.2296791408736256,
    3.2296791408736256,
    3.2296791408736256,
    3.2296791408736256,
    3.2296791408736256,
    3.2296791408736256,
    3.2296791408736256,
    3.2296791408736256,
    3.2296791408736256,
    3.2296791408736256,
    3.2296791408736256,
    3.2296791408736256,
    3.2296791408736256,
    3.2296791408736256,
    3.2296791408736256,
    3.2296791408736256,
    3.2296791408736256,
    3.2296791408736256,
    3.2296791408736256,
    3.2296791408736256,
    3.2296791408736256,
    3.2296791408736256,
    3.2296791408736256
  ],
  "config": {
    "n_devices": 80,
    "gamma": 10,
    "alpha": 0.5,
    "local_epochs": 5,
    "local_lr": 0.01,
    "local_momentum": 0.9,
    "distill_epochs": 1,
    "distill_lr": 0.001,
    "temperature": 3.0,
    "public_samples": 20000,
    "synthetic": false,
    "heterogeneity": {
      "config_file": "config/devices/heterogeneity.yaml",