{
  "label": "expB_n20_g10_s456",
  "phase": 1,
  "exp": "B",
  "method": "PAID-FD",
  "seed": 456,
  "desc": "PAID-FD N=20 \u03b3=10",
  "dataset": "cifar100",
  "summary": {
    "label": "expB_n20_g10_s456",
    "exp": "B",
    "method": "PAID-FD",
    "seed": 456,
    "desc": "PAID-FD N=20 \u03b3=10",
    "final_acc": 0.6203,
    "best_acc": 0.6222,
    "avg_participation": 1.0,
    "avg_price": 4.387086513150316,
    "avg_eps_per_round": 3.267503951610252,
    "cumulative_payment": 21983.73232759818,
    "avg_privacy_spent": 326.75039516102515,
    "max_privacy_spent": 906.176358562903,
    "time_to_targets": {
      "0.45": 3,
      "0.5": 7,
      "0.55": 13,
      "0.58": 21,
      "0.6": 35
    },
    "elapsed_sec": 11728.267180681229
  },
  "accuracies": [
    0.3975,
    0.406,
    0.4491,
    0.4594,
    0.4788,
    0.4846,
    0.496,
    0.502,
    0.5124,
    0.5258,
    0.5131,
    0.5299,
    0.5448,
    0.55,
    0.5431,
    0.5557,
    0.5721,
    0.5595,
    0.5731,
    0.5773,
    0.5742,
    0.584,
    0.5826,
    0.5892,
    0.5784,
    0.5867,
    0.5988,
    0.5897,
    0.5966,
    0.5929,
    0.591,
    0.5992,
    0.5991,
    0.5996,
    0.5958,
    0.6018,
    0.6051,
    0.5952,
    0.5931,
    0.6064,
    0.6031,
    0.6059,
    0.6057,
    0.5982,
    0.6025,
    0.6122,
    0.6041,
    0.6108,
    0.6033,
    0.6139,
    0.6106,
    0.6022,
    0.6064,
    0.6027,
    0.6057,
    0.612,
    0.6109,
    0.6113,
    0.6134,
    0.608,
    0.6119,
    0.6065,
    0.618,
    0.6122,
    0.6138,
    0.6102,
    0.6115,
    0.6131,
    0.6163,
    0.6159,
    0.6113,
    0.6139,
    0.6165,
    0.6097,
    0.614,
    0.6177,
    0.617,
    0.6118,
    0.6161,
    0.6169,
    0.6189,
    0.6165,
    0.6144,
    0.6165,
    0.6217,
    0.6197,
    0.6222,
    0.6168,
    0.6127,
    0.6142,
    0.615,
    0.6093,
    0.6173,
    0.618,
    0.6213,
    0.6138,
    0.617,
    0.6219,
    0.6174,
    0.6203
  ],
  "participation_rates": [
    1.0,
    1.0,
    1.0,
    1.0,
    1.0,
    1.0,
    1.0,
    1.0,
    1.0,
    1.0,
    1.0,
    1.0,
    1.0,
    1.0,
    1.0,
    1.0,
    1.0,
    1.0,
    1.0,
    1.0,
    1.0,
    1.0,
    1.0,
    1.0,
    1.0,
    1.0,
    1.0,
    1.0,
    1.0,
    1.0,
    1.0,
    1.0,
    1.0,
    1.0,
    1.0,
    1.0,
    1.0,
    1.0,
    1.0,
    1.0,
    1.0,
    1.0,
    1.0,
    1.0,
    1.0,
    1.0,
    1.0,
    1.0,
    1.0,
    1.0,
    1.0,
    1.0,
    1.0,
    1.0,
    1.0,
    1.0,
    1.0,
    1.0,
    1.0,
    1.0,
    1.0,
    1.0,
    1.0,
    1.0,
    1.0,
    1.0,
    1.0,
    1.0,
    1.0,
    1.0,
    1.0,
    1.0,
    1.0,
    1.0,
    1.0,
    1.0,
    1.0,
    1.0,
    1.0,
    1.0,
    1.0,
    1.0,
    1.0,
    1.0,
    1.0,
    1.0,
    1.0,
    1.0,
    1.0,
    1.0,
    1.0,
    1.0,
    1.0,
    1.0,
    1.0,
    1.0,
    1.0,
    1.0,
    1.0,
    1.0
  ],
  "prices": [
    4.387086513150315,
    4.387086513150315,
    4.387086513150315,
    4.387086513150315,
    4.387086513150315,
    4.387086513150315,
    4.387086513150315,
    4.387086513150315,
    4.387086513150315,
    4.387086513150315,
    4.387086513150315,
    4.387086513150315,
    4.387086513150315,
    4.387086513150315,
    4.387086513150315,
    4.387086513150315,
    4.387086513150315,
    4.387086513150315,
    4.387086513150315,
    4.387086513150315,
    4.387086513150315,
    4.387086513150315,
    4.387086513150315,
    4.387086513150315,
    4.387086513150315,
    4.387086513150315,
    4.387086513150315,
    4.387086513150315,
    4.387086513150315,
    4.387086513150315,
    4.387086513150315,
    4.387086513150315,
    4.387086513150315,
    4.387086513150315,
    4.387086513150315,
    4.387086513150315,
    4.387086513150315,
    4.387086513150315,
    4.387086513150315,
    4.387086513150315,
    4.387086513150315,
    4.387086513150315,
    4.387086513150315,
    4.387086513150315,
    4.387086513150315,
    4.387086513150315,
    4.387086513150315,
    4.387086513150315,
    4.387086513150315,
    4.387086513150315,
    4.387086513150315,
    4.387086513150315,
    4.387086513150315,
    4.387086513150315,
    4.387086513150315,
    4.387086513150315,
    4.387086513150315,
    4.387086513150315,
    4.387086513150315,
    4.387086513150315,
    4.387086513150315,
    4.387086513150315,
    4.387086513150315,
    4.387086513150315,
    4.387086513150315,
    4.387086513150315,
    4.387086513150315,
    4.387086513150315,
    4.387086513150315,
    4.387086513150315,
    4.387086513150315,
    4.387086513150315,
    4.387086513150315,
    4.387086513150315,
    4.387086513150315,
    4.387086513150315,
    4.387086513150315,
    4.387086513150315,
    4.387086513150315,
    4.387086513150315,
    4.387086513150315,
    4.387086513150315,
    4.387086513150315,
    4.387086513150315,
    4.387086513150315,
    4.387086513150315,
    4.387086513150315,
    4.387086513150315,
    4.387086513150315,
    4.387086513150315,
    4.387086513150315,
    4.387086513150315,
    4.387086513150315,
    4.387086513150315,
    4.387086513150315,
    4.387086513150315,
    4.387086513150315,
    4.387086513150315,
    4.387086513150315,
    4.387086513150315
  ],
  "avg_eps": [
    3.267503951610253,
    3.267503951610253,
    3.267503951610253,
    3.267503951610253,
    3.267503951610253,
    3.267503951610253,
    3.267503951610253,
    3.267503951610253,
    3.267503951610253,
    3.267503951610253,
    3.267503951610253,
    3.267503951610253,
    3.267503951610253,
    3.267503951610253,
    3.267503951610253,
    3.267503951610253,
    3.267503951610253,
    3.267503951610253,
    3.267503951610253,
    3.267503951610253,
    3.267503951610253,
    3.267503951610253,
    3.267503951610253,
    3.267503951610253,
    3.267503951610253,
    3.267503951610253,
    3.267503951610253,
    3.267503951610253,
    3.267503951610253,
    3.267503951610253,
    3.267503951610253,
    3.267503951610253,
    3.267503951610253,
    3.267503951610253,
    3.267503951610253,
    3.267503951610253,
    3.267503951610253,
    3.267503951610253,
    3.267503951610253,
    3.267503951610253,
    3.267503951610253,
    3.267503951610253,
    3.267503951610253,
    3.267503951610253,
    3.267503951610253,
    3.267503951610253,
    3.267503951610253,
    3.267503951610253,
    3.267503951610253,
    3.267503951610253,
    3.267503951610253,
    3.267503951610253,
    3.267503951610253,
    3.267503951610253,
    3.267503951610253,
    3.267503951610253,
    3.267503951610253,
    3.267503951610253,
    3.267503951610253,
    3.267503951610253,
    3.267503951610253,
    3.267503951610253,
    3.267503951610253,
    3.267503951610253,
    3.267503951610253,
    3.267503951610253,
    3.267503951610253,
    3.267503951610253,
    3.267503951610253,
    3.267503951610253,
    3.267503951610253,
    3.267503951610253,
    3.267503951610253,
    3.267503951610253,
    3.267503951610253,
    3.267503951610253,
    3.267503951610253,
    3.267503951610253,
    3.267503951610253,
    3.267503951610253,
    3.267503951610253,
    3.267503951610253,
    3.267503951610253,
    3.267503951610253,
    3.267503951610253,
    3.267503951610253,
    3.267503951610253,
    3.267503951610253,
    3.267503951610253,
    3.267503951610253,
    3.267503951610253,
    3.267503951610253,
    3.267503951610253,
    3.267503951610253,
    3.267503951610253,
    3.267503951610253,
    3.267503951610253,
    3.267503951610253,
    3.267503951610253,
    3.267503951610253
  ],
  "config": {
    "n_devices": 20,
    "gamma": 10,
    "alpha": 0.5,
    "local_epochs": 5,
    "local_lr": 0.01,
    "local_momentum": 0.9,
    "distill_epochs": 1,
    "distill_lr": 0.001,
    "temperature": 3.0,
    "public_samples": 20000,
    "synthetic": false,
    "heterogeneity": {
      "config_file": "config/devices/heterogeneity.yaml",
      "overrides": {
        "privacy_sensitivity": {
          "lambda_mult": 1.0
        }
      }
    },