{
  "label": "expB_n20_g3_s456",
  "phase": 1,
  "exp": "B",
  "method": "PAID-FD",
  "seed": 456,
  "desc": "PAID-FD N=20 \u03b3=3",
  "dataset": "cifar100",
  "summary": {
    "label": "expB_n20_g3_s456",
    "exp": "B",
    "method": "PAID-FD",
    "seed": 456,
    "desc": "PAID-FD N=20 \u03b3=3",
    "final_acc": 0.6145,
    "best_acc": 0.6192,
    "avg_participation": 0.3999999999999999,
    "avg_price": 2.328455234255821,
    "avg_eps_per_round": 2.8909541747001835,
    "cumulative_payment": 3560.982989270539,
    "avg_privacy_spent": 289.0954174700182,
    "max_privacy_spent": 513.921924998682,
    "time_to_targets": {
      "0.45": 3,
      "0.5": 8,
      "0.55": 14,
      "0.58": 21,
      "0.6": 36
    },
    "elapsed_sec": 5296.876694440842
  },
  "accuracies": [
    0.3855,
    0.4207,
    0.4216,
    0.4546,
    0.4594,
    0.4948,
    0.4873,
    0.4981,
    0.525,
    0.5148,
    0.5178,
    0.5371,
    0.5132,
    0.5469,
    0.5571,
    0.5626,
    0.5664,
    0.5586,
    0.5641,
    0.5715,
    0.5715,
    0.5827,
    0.5787,
    0.5828,
    0.5857,
    0.5945,
    0.5901,
    0.5912,
    0.5918,
    0.5921,
    0.5922,
    0.585,
    0.5904,
    0.5938,
    0.5993,
    0.5909,
    0.6002,
    0.5997,
    0.6015,
    0.5919,
    0.6035,
    0.5987,
    0.6028,
    0.6047,
    0.6086,
    0.6049,
    0.6022,
    0.602,
    0.6035,
    0.6081,
    0.6074,
    0.6034,
    0.6068,
    0.6141,
    0.6047,
    0.6077,
    0.6064,
    0.6062,
    0.6081,
    0.6096,
    0.6075,
    0.6093,
    0.599,
    0.6089,
    0.6082,
    0.6085,
    0.6065,
    0.6134,
    0.6091,
    0.6099,
    0.5996,
    0.6104,
    0.6126,
    0.6129,
    0.6051,
    0.6084,
    0.6135,
    0.6155,
    0.6168,
    0.6145,
    0.6095,
    0.6148,
    0.6085,
    0.6167,
    0.6126,
    0.6192,
    0.6155,
    0.6121,
    0.6184,
    0.6142,
    0.6151,
    0.6151,
    0.6137,
    0.6147,
    0.6145,
    0.6139,
    0.6143,
    0.6141,
    0.6163,
    0.6145
  ],
  "participation_rates": [
    0.4,
    0.4,
    0.4,
    0.4,
    0.4,
    0.4,
    0.4,
    0.4,
    0.4,
    0.4,
    0.4,
    0.4,
    0.4,
    0.4,
    0.4,
    0.4,
    0.4,
    0.4,
    0.4,
    0.4,
    0.4,
    0.4,
    0.4,
    0.4,
    0.4,
    0.4,
    0.4,
    0.4,
    0.4,
    0.4,
    0.4,
    0.4,
    0.4,
    0.4,
    0.4,
    0.4,
    0.4,
    0.4,
    0.4,
    0.4,
    0.4,
    0.4,
    0.4,
    0.4,
    0.4,
    0.4,
    0.4,
    0.4,
    0.4,
    0.4,
    0.4,
    0.4,
    0.4,
    0.4,
    0.4,
    0.4,
    0.4,
    0.4,
    0.4,
    0.4,
    0.4,
    0.4,
    0.4,
    0.4,
    0.4,
    0.4,
    0.4,
    0.4,
    0.4,
    0.4,
    0.4,
    0.4,
    0.4,
    0.4,
    0.4,
    0.4,
    0.4,
    0.4,
    0.4,
    0.4,
    0.4,
    0.4,
    0.4,
    0.4,
    0.4,
    0.4,
    0.4,
    0.4,
    0.4,
    0.4,
    0.4,
    0.4,
    0.4,
    0.4,
    0.4,
    0.4,
    0.4,
    0.4,
    0.4,
    0.4
  ],
  "prices": [
    2.328455234255822,
    2.328455234255822,
    2.328455234255822,
    2.328455234255822,
    2.328455234255822,
    2.328455234255822,
    2.328455234255822,
    2.328455234255822,
    2.328455234255822,
    2.328455234255822,
    2.328455234255822,
    2.328455234255822,
    2.328455234255822,
    2.328455234255822,
    2.328455234255822,
    2.328455234255822,
    2.328455234255822,
    2.328455234255822,
    2.328455234255822,
    2.328455234255822,
    2.328455234255822,
    2.328455234255822,
    2.328455234255822,
    2.328455234255822,
    2.328455234255822,
    2.328455234255822,
    2.328455234255822,
    2.328455234255822,
    2.328455234255822,
    2.328455234255822,
    2.328455234255822,
    2.328455234255822,
    2.328455234255822,
    2.328455234255822,
    2.328455234255822,
    2.328455234255822,
    2.328455234255822,
    2.328455234255822,
    2.328455234255822,
    2.328455234255822,
    2.328455234255822,
    2.328455234255822,
    2.328455234255822,
    2.328455234255822,
    2.328455234255822,
    2.328455234255822,
    2.328455234255822,
    2.328455234255822,
    2.328455234255822,
    2.328455234255822,
    2.328455234255822,
    2.328455234255822,
    2.328455234255822,
    2.328455234255822,
    2.328455234255822,
    2.328455234255822,
    2.328455234255822,
    2.328455234255822,
    2.328455234255822,
    2.328455234255822,
    2.328455234255822,
    2.328455234255822,
    2.328455234255822,
    2.328455234255822,
    2.328455234255822,
    2.328455234255822,
    2.328455234255822,
    2.328455234255822,
    2.328455234255822,
    2.328455234255822,
    2.328455234255822,
    2.328455234255822,
    2.328455234255822,
    2.328455234255822,
    2.328455234255822,
    2.328455234255822,
    2.328455234255822,
    2.328455234255822,
    2.328455234255822,
    2.328455234255822,
    2.328455234255822,
    2.328455234255822,
    2.328455234255822,
    2.328455234255822,
    2.328455234255822,
    2.328455234255822,
    2.328455234255822,
    2.328455234255822,
    2.328455234255822,
    2.328455234255822,
    2.328455234255822,
    2.328455234255822,
    2.328455234255822,
    2.328455234255822,
    2.328455234255822,
    2.328455234255822,
    2.328455234255822,
    2.328455234255822,
    2.328455234255822,
    2.328455234255822
  ],
  "avg_eps": [
    2.890954174700182,
    2.890954174700182,
    2.890954174700182,
    2.890954174700182,
    2.890954174700182,
    2.890954174700182,
    2.890954174700182,
    2.890954174700182,
    2.890954174700182,
    2.890954174700182,
    2.890954174700182,
    2.890954174700182,
    2.890954174700182,
    2.890954174700182,
    2.890954174700182,
    2.890954174700182,
    2.890954174700182,
    2.890954174700182,
    2.890954174700182,
    2.890954174700182,
    2.890954174700182,
    2.890954174700182,
    2.890954174700182,
    2.890954174700182,
    2.890954174700182,
    2.890954174700182,
    2.890954174700182,
    2.890954174700182,
    2.890954174700182,
    2.890954174700182,
    2.890954174700182,
    2.890954174700182,
    2.890954174700182,
    2.890954174700182,
    2.890954174700182,
    2.890954174700182,
    2.890954174700182,
    2.890954174700182,
    2.890954174700182,
    2.890954174700182,
    2.890954174700182,
    2.890954174700182,
    2.890954174700182,
    2.890954174700182,
    2.890954174700182,
    2.890954174700182,
    2.890954174700182,
    2.890954174700182,
    2.890954174700182,
    2.890954174700182,
    2.890954174700182,
    2.890954174700182,
    2.890954174700182,
    2.890954174700182,
    2.890954174700182,
    2.890954174700182,
    2.890954174700182,
    2.890954174700182,
    2.890954174700182,
    2.890954174700182,
    2.890954174700182,
    2.890954174700182,
    2.890954174700182,
    2.890954174700182,
    2.890954174700182,
    2.890954174700182,
    2.890954174700182,
    2.890954174700182,
    2.890954174700182,
    2.890954174700182,
    2.890954174700182,
    2.890954174700182,
    2.890954174700182,
    2.890954174700182,
    2.890954174700182,
    2.890954174700182,
    2.890954174700182,
    2.890954174700182,
    2.890954174700182,
    2.890954174700182,
    2.890954174700182,
    2.890954174700182,
    2.890954174700182,
    2.890954174700182,
    2.890954174700182,
    2.890954174700182,
    2.890954174700182,
    2.890954174700182,
    2.890954174700182,
    2.890954174700182,
    2.890954174700182,
    2.890954174700182,
    2.890954174700182,
    2.890954174700182,
    2.890954174700182,
    2.890954174700182,
    2.890954174700182,
    2.890954174700182,
    2.890954174700182,
    2.890954174700182
  ],
  "config": {
    "n_devices": 20,
    "gamma": 3,
    "alpha": 0.5,
    "local_epochs": 5,
    "local_lr": 0.01,
    "local_momentum": 0.9,
    "distill_epochs": 1,
    "distill_lr": 0.001,
    "temperature": 3.0,
    "public_samples": 20000,
    "synthetic": false,
    "heterogeneity": {
      "config_file": "config/devices/heterogeneity.yaml",