{
  "label": "expB_n80_g10_s456",
  "phase": 1,
  "exp": "B",
  "method": "PAID-FD",
  "seed": 456,
  "desc": "PAID-FD N=80 \u03b3=10",
  "dataset": "cifar100",
  "summary": {
    "label": "expB_n80_g10_s456",
    "exp": "B",
    "method": "PAID-FD",
    "seed": 456,
    "desc": "PAID-FD N=80 \u03b3=10",
    "final_acc": 0.6202,
    "best_acc": 0.6202,
    "avg_participation": 1.0,
    "avg_price": 4.388510944990316,
    "avg_eps_per_round": 3.1289404785484543,
    "cumulative_payment": 89549.47097567294,
    "avg_privacy_spent": 312.8940478548455,
    "max_privacy_spent": 884.2838186397332,
    "time_to_targets": {
      "0.45": 3,
      "0.5": 7,
      "0.55": 14,
      "0.58": 21,
      "0.6": 35
    },
    "elapsed_sec": 20960.271715164185
  },
  "accuracies": [
    0.3977,
    0.4107,
    0.4487,
    0.465,
    0.4688,
    0.4837,
    0.4937,
    0.5034,
    0.5143,
    0.5173,
    0.5338,
    0.538,
    0.5317,
    0.5382,
    0.5513,
    0.5617,
    0.5402,
    0.5705,
    0.5555,
    0.5679,
    0.5708,
    0.584,
    0.5855,
    0.5816,
    0.5801,
    0.5834,
    0.5842,
    0.5859,
    0.5856,
    0.5876,
    0.5891,
    0.5906,
    0.5894,
    0.5873,
    0.5924,
    0.6022,
    0.5949,
    0.5945,
    0.5991,
    0.6025,
    0.5965,
    0.5953,
    0.6037,
    0.5934,
    0.5991,
    0.6064,
    0.6022,
    0.5991,
    0.5991,
    0.6018,
    0.6029,
    0.6057,
    0.5941,
    0.6081,
    0.6127,
    0.5967,
    0.6078,
    0.605,
    0.6078,
    0.612,
    0.6093,
    0.6087,
    0.6109,
    0.6002,
    0.6118,
    0.6121,
    0.6125,
    0.6118,
    0.6043,
    0.6073,
    0.6126,
    0.6103,
    0.6081,
    0.6123,
    0.6133,
    0.6127,
    0.6141,
    0.6133,
    0.6101,
    0.614,
    0.6104,
    0.6119,
    0.6135,
    0.6095,
    0.6151,
    0.6121,
    0.6143,
    0.6138,
    0.6063,
    0.6098,
    0.6135,
    0.615,
    0.618,
    0.6157,
    0.6197,
    0.6154,
    0.6186,
    0.6184,
    0.6134,
    0.6202
  ],
  "participation_rates": [
    1.0,
    1.0,
    1.0,
    1.0,
    1.0,
    1.0,
    1.0,
    1.0,
    1.0,
    1.0,
    1.0,
    1.0,
    1.0,
    1.0,
    1.0,
    1.0,
    1.0,
    1.0,
    1.0,
    1.0,
    1.0,
    1.0,
    1.0,
    1.0,
    1.0,
    1.0,
    1.0,
    1.0,
    1.0,
    1.0,
    1.0,
    1.0,
    1.0,
    1.0,
    1.0,
    1.0,
    1.0,
    1.0,
    1.0,
    1.0,
    1.0,
    1.0,
    1.0,
    1.0,
    1.0,
    1.0,
    1.0,
    1.0,
    1.0,
    1.0,
    1.0,
    1.0,
    1.0,
    1.0,
    1.0,
    1.0,
    1.0,
    1.0,
    1.0,
    1.0,
    1.0,
    1.0,
    1.0,
    1.0,
    1.0,
    1.0,
    1.0,
    1.0,
    1.0,
    1.0,
    1.0,
    1.0,
    1.0,
    1.0,
    1.0,
    1.0,
    1.0,
    1.0,
    1.0,
    1.0,
    1.0,
    1.0,
    1.0,
    1.0,
    1.0,
    1.0,
    1.0,
    1.0,
    1.0,
    1.0,
    1.0,
    1.0,
    1.0,
    1.0,
    1.0,
    1.0,
    1.0,
    1.0,
    1.0,
    1.0
  ],
  "prices": [
    4.3885109449903155,
    4.3885109449903155,
    4.3885109449903155,
    4.3885109449903155,
    4.3885109449903155,
    4.3885109449903155,
    4.3885109449903155,
    4.3885109449903155,
    4.3885109449903155,
    4.3885109449903155,
    4.3885109449903155,
    4.3885109449903155,
    4.3885109449903155,
    4.3885109449903155,
    4.3885109449903155,
    4.3885109449903155,
    4.3885109449903155,
    4.3885109449903155,
    4.3885109449903155,
    4.3885109449903155,
    4.3885109449903155,
    4.3885109449903155,
    4.3885109449903155,
    4.3885109449903155,
    4.3885109449903155,
    4.3885109449903155,
    4.3885109449903155,
    4.3885109449903155,
    4.3885109449903155,
    4.3885109449903155,
    4.3885109449903155,
    4.3885109449903155,
    4.3885109449903155,
    4.3885109449903155,
    4.3885109449903155,
    4.3885109449903155,
    4.3885109449903155,
    4.3885109449903155,
    4.3885109449903155,
    4.3885109449903155,
    4.3885109449903155,
    4.3885109449903155,
    4.3885109449903155,
    4.3885109449903155,
    4.3885109449903155,
    4.3885109449903155,
    4.3885109449903155,
    4.3885109449903155,
    4.3885109449903155,
    4.3885109449903155,
    4.3885109449903155,
    4.3885109449903155,
    4.3885109449903155,
    4.3885109449903155,
    4.3885109449903155,
    4.3885109449903155,
    4.3885109449903155,
    4.3885109449903155,
    4.3885109449903155,
    4.3885109449903155,
    4.3885109449903155,
    4.3885109449903155,
    4.3885109449903155,
    4.3885109449903155,
    4.3885109449903155,
    4.3885109449903155,
    4.3885109449903155,
    4.3885109449903155,
    4.3885109449903155,
    4.3885109449903155,
    4.3885109449903155,
    4.3885109449903155,
    4.3885109449903155,
    4.3885109449903155,
    4.3885109449903155,
    4.3885109449903155,
    4.3885109449903155,
    4.3885109449903155,
    4.3885109449903155,
    4.3885109449903155,
    4.3885109449903155,
    4.3885109449903155,
    4.3885109449903155,
    4.3885109449903155,
    4.3885109449903155,
    4.3885109449903155,
    4.3885109449903155,
    4.3885109449903155,
    4.3885109449903155,
    4.3885109449903155,
    4.3885109449903155,
    4.3885109449903155,
    4.3885109449903155,
    4.3885109449903155,
    4.3885109449903155,
    4.3885109449903155,
    4.3885109449903155,
    4.3885109449903155,
    4.3885109449903155,
    4.3885109449903155
  ],
  "avg_eps": [
    3.1289404785484556,
    3.1289404785484556,
    3.1289404785484556,
    3.1289404785484556,
    3.1289404785484556,
    3.1289404785484556,
    3.1289404785484556,
    3.1289404785484556,
    3.1289404785484556,
    3.1289404785484556,
    3.1289404785484556,
    3.1289404785484556,
    3.1289404785484556,
    3.1289404785484556,
    3.1289404785484556,
    3.1289404785484556,
    3.1289404785484556,
    3.1289404785484556,
    3.1289404785484556,
    3.1289404785484556,
    3.1289404785484556,
    3.1289404785484556,
    3.1289404785484556,
    3.1289404785484556,
    3.1289404785484556,
    3.1289404785484556,
    3.1289404785484556,
    3.1289404785484556,
    3.1289404785484556,
    3.1289404785484556,
    3.1289404785484556,
    3.1289404785484556,
    3.1289404785484556,
    3.1289404785484556,
    3.1289404785484556,
    3.1289404785484556,
    3.1289404785484556,
    3.1289404785484556,
    3.1289404785484556,
    3.1289404785484556,
    3.1289404785484556,
    3.1289404785484556,
    3.1289404785484556,
    3.1289404785484556,
    3.1289404785484556,
    3.1289404785484556,
    3.1289404785484556,
    3.1289404785484556,
    3.1289404785484556,
    3.1289404785484556,
    3.1289404785484556,
    3.1289404785484556,
    3.1289404785484556,
    3.1289404785484556,
    3.1289404785484556,
    3.1289404785484556,
    3.1289404785484556,
    3.1289404785484556,
    3.1289404785484556,
    3.1289404785484556,
    3.1289404785484556,
    3.1289404785484556,
    3.1289404785484556,
    3.1289404785484556,
    3.1289404785484556,
    3.1289404785484556,
    3.1289404785484556,
    3.1289404785484556,
    3.1289404785484556,
    3.1289404785484556,
    3.1289404785484556,
    3.1289404785484556,
    3.1289404785484556,
    3.1289404785484556,
    3.1289404785484556,
    3.1289404785484556,
    3.1289404785484556,
    3.1289404785484556,
    3.1289404785484556,
    3.1289404785484556,
    3.1289404785484556,
    3.1289404785484556,
    3.1289404785484556,
    3.1289404785484556,
    3.1289404785484556,
    3.1289404785484556,
    3.1289404785484556,
    3.1289404785484556,
    3.1289404785484556,
    3.1289404785484556,
    3.1289404785484556,
    3.1289404785484556,
    3.1289404785484556,
    3.1289404785484556,
    3.1289404785484556,
    3.1289404785484556,
    3.1289404785484556,
    3.1289404785484556,
    3.1289404785484556,
    3.1289404785484556
  ],
  "config": {
    "n_devices": 80,
    "gamma": 10,
    "alpha": 0.5,
    "local_epochs": 5,
    "local_lr": 0.01,
    "local_momentum": 0.9,
    "distill_epochs": 1,
    "distill_lr": 0.001,
    "temperature": 3.0,
    "public_samples": 20000,