{
  "label": "expB_n20_g3_s42",
  "phase": 1,
  "exp": "B",
  "method": "PAID-FD",
  "seed": 42,
  "desc": "PAID-FD N=20 \u03b3=3",
  "dataset": "cifar100",
  "summary": {
    "label": "expB_n20_g3_s42",
    "exp": "B",
    "method": "PAID-FD",
    "seed": 42,
    "desc": "PAID-FD N=20 \u03b3=3",
    "final_acc": 0.6067,
    "best_acc": 0.6173,
    "avg_participation": 0.3999999999999999,
    "avg_price": 2.2478881722489383,
    "avg_eps_per_round": 2.6794383411835283,
    "cumulative_payment": 3438.352925431186,
    "avg_privacy_spent": 267.9438341183528,
    "max_privacy_spent": 499.1844975828954,
    "time_to_targets": {
      "0.45": 3,
      "0.5": 6,
      "0.55": 14,
      "0.58": 20,
      "0.6": 36
    },
    "elapsed_sec": 5458.162917375565
  },
  "accuracies": [
    0.3951,
    0.4085,
    0.4151,
    0.468,
    0.4824,
    0.483,
    0.5105,
    0.4969,
    0.5098,
    0.5224,
    0.5273,
    0.5441,
    0.5246,
    0.5378,
    0.5557,
    0.557,
    0.5626,
    0.5595,
    0.5709,
    0.5722,
    0.5813,
    0.5795,
    0.5866,
    0.5796,
    0.5816,
    0.5876,
    0.5849,
    0.5825,
    0.5851,
    0.5903,
    0.5975,
    0.5942,
    0.5923,
    0.5984,
    0.5936,
    0.5955,
    0.6051,
    0.5991,
    0.598,
    0.6039,
    0.6016,
    0.597,
    0.5999,
    0.608,
    0.6064,
    0.6031,
    0.6006,
    0.5931,
    0.606,
    0.6011,
    0.6029,
    0.6034,
    0.6049,
    0.6067,
    0.6069,
    0.6031,
    0.6013,
    0.6047,
    0.604,
    0.5984,
    0.6112,
    0.6081,
    0.6067,
    0.6082,
    0.6048,
    0.6104,
    0.6062,
    0.6067,
    0.6068,
    0.6037,
    0.6108,
    0.6076,
    0.6098,
    0.6105,
    0.61,
    0.6099,
    0.613,
    0.6042,
    0.6099,
    0.6091,
    0.6086,
    0.6138,
    0.6049,
    0.614,
    0.612,
    0.61,
    0.6067,
    0.6141,
    0.6102,
    0.6133,
    0.6129,
    0.6081,
    0.6034,
    0.6096,
    0.6103,
    0.6107,
    0.6151,
    0.6135,
    0.6173,
    0.6067
  ],
  "participation_rates": [
    0.4,
    0.4,
    0.4,
    0.4,
    0.4,
    0.4,
    0.4,
    0.4,
    0.4,
    0.4,
    0.4,
    0.4,
    0.4,
    0.4,
    0.4,
    0.4,
    0.4,
    0.4,
    0.4,
    0.4,
    0.4,
    0.4,
    0.4,
    0.4,
    0.4,
    0.4,
    0.4,
    0.4,
    0.4,
    0.4,
    0.4,
    0.4,
    0.4,
    0.4,
    0.4,
    0.4,
    0.4,
    0.4,
    0.4,
    0.4,
    0.4,
    0.4,
    0.4,
    0.4,
    0.4,
    0.4,
    0.4,
    0.4,
    0.4,
    0.4,
    0.4,
    0.4,
    0.4,
    0.4,
    0.4,
    0.4,
    0.4,
    0.4,
    0.4,
    0.4,
    0.4,
    0.4,
    0.4,
    0.4,
    0.4,
    0.4,
    0.4,
    0.4,
    0.4,
    0.4,
    0.4,
    0.4,
    0.4,
    0.4,
    0.4,
    0.4,
    0.4,
    0.4,
    0.4,
    0.4,
    0.4,
    0.4,
    0.4,
    0.4,
    0.4,
    0.4,
    0.4,
    0.4,
    0.4,
    0.4,
    0.4,
    0.4,
    0.4,
    0.4,
    0.4,
    0.4,
    0.4,
    0.4,
    0.4,
    0.4
  ],
  "prices": [
    2.2478881722489383,
    2.2478881722489383,
    2.2478881722489383,
    2.2478881722489383,
    2.2478881722489383,
    2.2478881722489383,
    2.2478881722489383,
    2.2478881722489383,
    2.2478881722489383,
    2.2478881722489383,
    2.2478881722489383,
    2.2478881722489383,
    2.2478881722489383,
    2.2478881722489383,
    2.2478881722489383,
    2.2478881722489383,
    2.2478881722489383,
    2.2478881722489383,
    2.2478881722489383,
    2.2478881722489383,
    2.2478881722489383,
    2.2478881722489383,
    2.2478881722489383,
    2.2478881722489383,
    2.2478881722489383,
    2.2478881722489383,
    2.2478881722489383,
    2.2478881722489383,
    2.2478881722489383,
    2.2478881722489383,
    2.2478881722489383,
    2.2478881722489383,
    2.2478881722489383,
    2.2478881722489383,
    2.2478881722489383,
    2.2478881722489383,
    2.2478881722489383,
    2.2478881722489383,
    2.2478881722489383,
    2.2478881722489383,
    2.2478881722489383,
    2.2478881722489383,
    2.2478881722489383,
    2.2478881722489383,
    2.2478881722489383,
    2.2478881722489383,
    2.2478881722489383,
    2.2478881722489383,
    2.2478881722489383,
    2.2478881722489383,
    2.2478881722489383,
    2.2478881722489383,
    2.2478881722489383,
    2.2478881722489383,
    2.2478881722489383,
    2.2478881722489383,
    2.2478881722489383,
    2.2478881722489383,
    2.2478881722489383,
    2.2478881722489383,
    2.2478881722489383,
    2.2478881722489383,
    2.2478881722489383,
    2.2478881722489383,
    2.2478881722489383,
    2.2478881722489383,
    2.2478881722489383,
    2.2478881722489383,
    2.2478881722489383,
    2.2478881722489383,
    2.2478881722489383,
    2.2478881722489383,
    2.2478881722489383,
    2.2478881722489383,
    2.2478881722489383,
    2.2478881722489383,
    2.2478881722489383,
    2.2478881722489383,
    2.2478881722489383,
    2.2478881722489383,
    2.2478881722489383,
    2.2478881722489383,
    2.2478881722489383,
    2.2478881722489383,
    2.2478881722489383,
    2.2478881722489383,
    2.2478881722489383,
    2.2478881722489383,
    2.2478881722489383,
    2.2478881722489383,
    2.2478881722489383,
    2.2478881722489383,
    2.2478881722489383,
    2.2478881722489383,
    2.2478881722489383,
    2.2478881722489383,
    2.2478881722489383,
    2.2478881722489383,
    2.2478881722489383,
    2.2478881722489383
  ],
  "avg_eps": [
    2.6794383411835287,
    2.6794383411835287,
    2.6794383411835287,
    2.6794383411835287,
    2.6794383411835287,
    2.6794383411835287,
    2.6794383411835287,
    2.6794383411835287,
    2.6794383411835287,
    2.6794383411835287,
    2.6794383411835287,
    2.6794383411835287,
    2.6794383411835287,
    2.6794383411835287,
    2.6794383411835287,
    2.6794383411835287,
    2.6794383411835287,
    2.6794383411835287,
    2.6794383411835287,
    2.6794383411835287,
    2.6794383411835287,
    2.6794383411835287,
    2.6794383411835287,
    2.6794383411835287,
    2.6794383411835287,
    2.6794383411835287,
    2.6794383411835287,
    2.6794383411835287,
    2.6794383411835287,
    2.6794383411835287,
    2.6794383411835287,
    2.6794383411835287,
    2.6794383411835287,
    2.6794383411835287,
    2.6794383411835287,
    2.6794383411835287,
    2.6794383411835287,
    2.6794383411835287,
    2.6794383411835287,
    2.6794383411835287,
    2.6794383411835287,
    2.6794383411835287,
    2.6794383411835287,
    2.6794383411835287,
    2.6794383411835287,
    2.6794383411835287,
    2.6794383411835287,
    2.6794383411835287,
    2.6794383411835287,
    2.6794383411835287,
    2.6794383411835287,
    2.6794383411835287,
    2.6794383411835287,
    2.6794383411835287,
    2.6794383411835287,
    2.6794383411835287,
    2.6794383411835287,
    2.6794383411835287,
    2.6794383411835287,
    2.6794383411835287,
    2.6794383411835287,
    2.6794383411835287,
    2.6794383411835287,
    2.6794383411835287,
    2.6794383411835287,
    2.6794383411835287,
    2.6794383411835287,
    2.6794383411835287,
    2.6794383411835287,
    2.6794383411835287,
    2.6794383411835287,
    2.6794383411835287,
    2.6794383411835287,
    2.6794383411835287,
    2.6794383411835287,
    2.6794383411835287,
    2.6794383411835287,
    2.6794383411835287,
    2.6794383411835287,
    2.6794383411835287,
    2.6794383411835287,
    2.6794383411835287,
    2.6794383411835287,
    2.6794383411835287,
    2.6794383411835287,
    2.6794383411835287,
    2.6794383411835287,
    2.6794383411835287,
    2.6794383411835287,
    2.6794383411835287,
    2.6794383411835287,
    2.6794383411835287,
    2.6794383411835287,
    2.6794383411835287,
    2.6794383411835287,
    2.6794383411835287,
    2.6794383411835287,
    2.6794383411835287,
    2.6794383411835287,
    2.6794383411835287
  ],
  "config": {
    "n_devices": 20,
    "gamma": 3,
    "alpha": 0.5,
    "local_epochs": 5,
    "local_lr": 0.01,
    "local_momentum": 0.9,
    "distill_epochs": 1,
    "distill_lr": 0.001,
    "temperature": 3.0,
    "public_samples": 20000,