{
  "label": "expB_n20_g10_s123",
  "phase": 1,
  "exp": "B",
  "method": "PAID-FD",
  "seed": 123,
  "desc": "PAID-FD N=20 \u03b3=10",
  "dataset": "cifar100",
  "summary": {
    "label": "expB_n20_g10_s123",
    "exp": "B",
    "method": "PAID-FD",
    "seed": 123,
    "desc": "PAID-FD N=20 \u03b3=10",
    "final_acc": 0.6154,
    "best_acc": 0.6167,
    "avg_participation": 1.0,
    "avg_price": 4.460274942170133,
    "avg_eps_per_round": 3.216409296727525,
    "cumulative_payment": 22967.644565129864,
    "avg_privacy_spent": 321.64092967275246,
    "max_privacy_spent": 839.7080808196987,
    "time_to_targets": {
      "0.45": 4,
      "0.5": 7,
      "0.55": 15,
      "0.58": 22,
      "0.6": 35
    },
    "elapsed_sec": 11657.309994220734
  },
  "accuracies": [
    0.3806,
    0.4153,
    0.4367,
    0.4313,
    0.477,
    0.4734,
    0.4924,
    0.5067,
    0.5111,
    0.5154,
    0.5268,
    0.5322,
    0.5422,
    0.5459,
    0.5419,
    0.5651,
    0.5643,
    0.5598,
    0.5611,
    0.5684,
    0.5732,
    0.5798,
    0.5815,
    0.5733,
    0.5872,
    0.5812,
    0.5838,
    0.5906,
    0.5822,
    0.5947,
    0.595,
    0.5948,
    0.5902,
    0.5977,
    0.5945,
    0.6003,
    0.5967,
    0.5917,
    0.5991,
    0.5971,
    0.6031,
    0.5952,
    0.5982,
    0.6,
    0.5937,
    0.5935,
    0.6032,
    0.6008,
    0.6002,
    0.5945,
    0.602,
    0.5993,
    0.5997,
    0.6061,
    0.6088,
    0.6056,
    0.6034,
    0.6048,
    0.6056,
    0.6041,
    0.607,
    0.6084,
    0.5979,
    0.6012,
    0.6108,
    0.6095,
    0.6049,
    0.6136,
    0.6095,
    0.6078,
    0.6107,
    0.6095,
    0.6103,
    0.6099,
    0.6116,
    0.6091,
    0.6094,
    0.6081,
    0.6135,
    0.6162,
    0.6101,
    0.6138,
    0.6092,
    0.6155,
    0.6069,
    0.6099,
    0.6077,
    0.6106,
    0.6167,
    0.6131,
    0.6064,
    0.6148,
    0.6151,
    0.616,
    0.6087,
    0.6141,
    0.6139,
    0.6147,
    0.615,
    0.6154
  ],
  "participation_rates": [
    1.0,
    1.0,
    1.0,
    1.0,
    1.0,
    1.0,
    1.0,
    1.0,
    1.0,
    1.0,
    1.0,
    1.0,
    1.0,
    1.0,
    1.0,
    1.0,
    1.0,
    1.0,
    1.0,
    1.0,
    1.0,
    1.0,
    1.0,
    1.0,
    1.0,
    1.0,
    1.0,
    1.0,
    1.0,
    1.0,
    1.0,
    1.0,
    1.0,
    1.0,
    1.0,
    1.0,
    1.0,
    1.0,
    1.0,
    1.0,
    1.0,
    1.0,
    1.0,
    1.0,
    1.0,
    1.0,
    1.0,
    1.0,
    1.0,
    1.0,
    1.0,
    1.0,
    1.0,
    1.0,
    1.0,
    1.0,
    1.0,
    1.0,
    1.0,
    1.0,
    1.0,
    1.0,
    1.0,
    1.0,
    1.0,
    1.0,
    1.0,
    1.0,
    1.0,
    1.0,
    1.0,
    1.0,
    1.0,
    1.0,
    1.0,
    1.0,
    1.0,
    1.0,
    1.0,
    1.0,
    1.0,
    1.0,
    1.0,
    1.0,
    1.0,
    1.0,
    1.0,
    1.0,
    1.0,
    1.0,
    1.0,
    1.0,
    1.0,
    1.0,
    1.0,
    1.0,
    1.0,
    1.0,
    1.0,
    1.0
  ],
  "prices": [
    4.460274942170134,
    4.460274942170134,
    4.460274942170134,
    4.460274942170134,
    4.460274942170134,
    4.460274942170134,
    4.460274942170134,
    4.460274942170134,
    4.460274942170134,
    4.460274942170134,
    4.460274942170134,
    4.460274942170134,
    4.460274942170134,
    4.460274942170134,
    4.460274942170134,
    4.460274942170134,
    4.460274942170134,
    4.460274942170134,
    4.460274942170134,
    4.460274942170134,
    4.460274942170134,
    4.460274942170134,
    4.460274942170134,
    4.460274942170134,
    4.460274942170134,
    4.460274942170134,
    4.460274942170134,
    4.460274942170134,
    4.460274942170134,
    4.460274942170134,
    4.460274942170134,
    4.460274942170134,
    4.460274942170134,
    4.460274942170134,
    4.460274942170134,
    4.460274942170134,
    4.460274942170134,
    4.460274942170134,
    4.460274942170134,
    4.460274942170134,
    4.460274942170134,
    4.460274942170134,
    4.460274942170134,
    4.460274942170134,
    4.460274942170134,
    4.460274942170134,
    4.460274942170134,
    4.460274942170134,
    4.460274942170134,
    4.460274942170134,
    4.460274942170134,
    4.460274942170134,
    4.460274942170134,
    4.460274942170134,
    4.460274942170134,
    4.460274942170134,
    4.460274942170134,
    4.460274942170134,
    4.460274942170134,
    4.460274942170134,
    4.460274942170134,
    4.460274942170134,
    4.460274942170134,
    4.460274942170134,
    4.460274942170134,
    4.460274942170134,
    4.460274942170134,
    4.460274942170134,
    4.460274942170134,
    4.460274942170134,
    4.460274942170134,
    4.460274942170134,
    4.460274942170134,
    4.460274942170134,
    4.460274942170134,
    4.460274942170134,
    4.460274942170134,
    4.460274942170134,
    4.460274942170134,
    4.460274942170134,
    4.460274942170134,
    4.460274942170134,
    4.460274942170134,
    4.460274942170134,
    4.460274942170134,
    4.460274942170134,
    4.460274942170134,
    4.460274942170134,
    4.460274942170134,
    4.460274942170134,
    4.460274942170134,
    4.460274942170134,
    4.460274942170134,
    4.460274942170134,
    4.460274942170134,
    4.460274942170134,
    4.460274942170134,
    4.460274942170134,
    4.460274942170134,
    4.460274942170134
  ],
  "avg_eps": [
    3.2164092967275244,
    3.2164092967275244,
    3.2164092967275244,
    3.2164092967275244,
    3.2164092967275244,
    3.2164092967275244,
    3.2164092967275244,
    3.2164092967275244,
    3.2164092967275244,
    3.2164092967275244,
    3.2164092967275244,
    3.2164092967275244,
    3.2164092967275244,
    3.2164092967275244,
    3.2164092967275244,
    3.2164092967275244,
    3.2164092967275244,
    3.2164092967275244,
    3.2164092967275244,
    3.2164092967275244,
    3.2164092967275244,
    3.2164092967275244,
    3.2164092967275244,
    3.2164092967275244,
    3.2164092967275244,
    3.2164092967275244,
    3.2164092967275244,
    3.2164092967275244,
    3.2164092967275244,
    3.2164092967275244,
    3.2164092967275244,
    3.2164092967275244,
    3.2164092967275244,
    3.2164092967275244,
    3.2164092967275244,
    3.2164092967275244,
    3.2164092967275244,
    3.2164092967275244,
    3.2164092967275244,
    3.2164092967275244,
    3.2164092967275244,
    3.2164092967275244,
    3.2164092967275244,
    3.2164092967275244,
    3.2164092967275244,
    3.2164092967275244,
    3.2164092967275244,
    3.2164092967275244,
    3.2164092967275244,
    3.2164092967275244,
    3.2164092967275244,
    3.2164092967275244,
    3.2164092967275244,
    3.2164092967275244,
    3.2164092967275244,
    3.2164092967275244,
    3.2164092967275244,
    3.2164092967275244,
    3.2164092967275244,
    3.2164092967275244,
    3.2164092967275244,
    3.2164092967275244,
    3.2164092967275244,
    3.2164092967275244,
    3.2164092967275244,
    3.2164092967275244,
    3.2164092967275244,
    3.2164092967275244,
    3.2164092967275244,
    3.2164092967275244,
    3.2164092967275244,
    3.2164092967275244,
    3.2164092967275244,
    3.2164092967275244,
    3.2164092967275244,
    3.2164092967275244,
    3.2164092967275244,
    3.2164092967275244,
    3.2164092967275244,
    3.2164092967275244,
    3.2164092967275244,
    3.2164092967275244,
    3.2164092967275244,
    3.2164092967275244,
    3.2164092967275244,
    3.2164092967275244,
    3.2164092967275244,
    3.2164092967275244,
    3.2164092967275244,
    3.2164092967275244,
    3.2164092967275244,
    3.2164092967275244,
    3.2164092967275244,
    3.2164092967275244,
    3.2164092967275244,
    3.2164092967275244,
    3.2164092967275244,
    3.2164092967275244,
    3.2164092967275244,
    3.2164092967275244
  ],
  "config": {
    "n_devices": 20,
    "gamma": 10,
    "alpha": 0.5,
    "local_epochs": 5,
    "local_lr": 0.01,
    "local_momentum": 0.9,
    "distill_epochs": 1,
    "distill_lr": 0.001,
    "temperature": 3.0,
    "public_samples": 20000,
    "synthetic": false,
    "heterogeneity": {
      "config_file": "config/devices/heterogeneity.yaml",