{
  "label": "expB_n80_g3_s42",
  "phase": 1,
  "exp": "B",
  "method": "PAID-FD",
  "seed": 42,
  "desc": "PAID-FD N=80 \u03b3=3",
  "dataset": "cifar100",
  "summary": {
    "label": "expB_n80_g3_s42",
    "exp": "B",
    "method": "PAID-FD",
    "seed": 42,
    "desc": "PAID-FD N=80 \u03b3=3",
    "final_acc": 0.6134,
    "best_acc": 0.6204,
    "avg_participation": 0.3999999999999999,
    "avg_price": 2.321716390663066,
    "avg_eps_per_round": 2.740399987169429,
    "cumulative_payment": 14937.288361435505,
    "avg_privacy_spent": 274.039998716943,
    "max_privacy_spent": 518.8078513509763,
    "time_to_targets": {
      "0.45": 3,
      "0.5": 7,
      "0.55": 13,
      "0.58": 21,
      "0.6": 33
    },
    "elapsed_sec": 8998.365137577057
  },
  "accuracies": [
    0.408,
    0.4187,
    0.4323,
    0.4594,
    0.4615,
    0.4669,
    0.4911,
    0.5159,
    0.5129,
    0.5148,
    0.5196,
    0.5444,
    0.5416,
    0.5508,
    0.5532,
    0.5466,
    0.5605,
    0.554,
    0.566,
    0.5714,
    0.5679,
    0.5831,
    0.5726,
    0.5771,
    0.5838,
    0.5833,
    0.5889,
    0.5899,
    0.5879,
    0.59,
    0.5936,
    0.5976,
    0.5833,
    0.6045,
    0.5935,
    0.5988,
    0.5958,
    0.5935,
    0.6021,
    0.5943,
    0.5969,
    0.5995,
    0.6068,
    0.6032,
    0.6035,
    0.5984,
    0.5953,
    0.6019,
    0.6081,
    0.6074,
    0.6015,
    0.6031,
    0.6033,
    0.604,
    0.6078,
    0.6118,
    0.6025,
    0.6135,
    0.6071,
    0.6131,
    0.6049,
    0.6141,
    0.604,
    0.603,
    0.6103,
    0.6086,
    0.6128,
    0.6096,
    0.6046,
    0.6153,
    0.6145,
    0.6167,
    0.6106,
    0.6043,
    0.6133,
    0.6042,
    0.616,
    0.6087,
    0.6104,
    0.6154,
    0.6127,
    0.6091,
    0.6143,
    0.6121,
    0.6137,
    0.6148,
    0.6168,
    0.616,
    0.6136,
    0.6133,
    0.6169,
    0.6152,
    0.6076,
    0.6204,
    0.6152,
    0.6177,
    0.6162,
    0.618,
    0.6092,
    0.6134
  ],
  "participation_rates": [
    0.4,
    0.4,
    0.4,
    0.4,
    0.4,
    0.4,
    0.4,
    0.4,
    0.4,
    0.4,
    0.4,
    0.4,
    0.4,
    0.4,
    0.4,
    0.4,
    0.4,
    0.4,
    0.4,
    0.4,
    0.4,
    0.4,
    0.4,
    0.4,
    0.4,
    0.4,
    0.4,
    0.4,
    0.4,
    0.4,
    0.4,
    0.4,
    0.4,
    0.4,
    0.4,
    0.4,
    0.4,
    0.4,
    0.4,
    0.4,
    0.4,
    0.4,
    0.4,
    0.4,
    0.4,
    0.4,
    0.4,
    0.4,
    0.4,
    0.4,
    0.4,
    0.4,
    0.4,
    0.4,
    0.4,
    0.4,
    0.4,
    0.4,
    0.4,
    0.4,
    0.4,
    0.4,
    0.4,
    0.4,
    0.4,
    0.4,
    0.4,
    0.4,
    0.4,
    0.4,
    0.4,
    0.4,
    0.4,
    0.4,
    0.4,
    0.4,
    0.4,
    0.4,
    0.4,
    0.4,
    0.4,
    0.4,
    0.4,
    0.4,
    0.4,
    0.4,
    0.4,
    0.4,
    0.4,
    0.4,
    0.4,
    0.4,
    0.4,
    0.4,
    0.4,
    0.4,
    0.4,
    0.4,
    0.4,
    0.4
  ],
  "prices": [
    2.321716390663066,
    2.321716390663066,
    2.321716390663066,
    2.321716390663066,
    2.321716390663066,
    2.321716390663066,
    2.321716390663066,
    2.321716390663066,
    2.321716390663066,
    2.321716390663066,
    2.321716390663066,
    2.321716390663066,
    2.321716390663066,
    2.321716390663066,
    2.321716390663066,
    2.321716390663066,
    2.321716390663066,
    2.321716390663066,
    2.321716390663066,
    2.321716390663066,
    2.321716390663066,
    2.321716390663066,
    2.321716390663066,
    2.321716390663066,
    2.321716390663066,
    2.321716390663066,
    2.321716390663066,
    2.321716390663066,
    2.321716390663066,
    2.321716390663066,
    2.321716390663066,
    2.321716390663066,
    2.321716390663066,
    2.321716390663066,
    2.321716390663066,
    2.321716390663066,
    2.321716390663066,
    2.321716390663066,
    2.321716390663066,
    2.321716390663066,
    2.321716390663066,
    2.321716390663066,
    2.321716390663066,
    2.321716390663066,
    2.321716390663066,
    2.321716390663066,
    2.321716390663066,
    2.321716390663066,
    2.321716390663066,
    2.321716390663066,
    2.321716390663066,
    2.321716390663066,
    2.321716390663066,
    2.321716390663066,
    2.321716390663066,
    2.321716390663066,
    2.321716390663066,
    2.321716390663066,
    2.321716390663066,
    2.321716390663066,
    2.321716390663066,
    2.321716390663066,
    2.321716390663066,
    2.321716390663066,
    2.321716390663066,
    2.321716390663066,
    2.321716390663066,
    2.321716390663066,
    2.321716390663066,
    2.321716390663066,
    2.321716390663066,
    2.321716390663066,
    2.321716390663066,
    2.321716390663066,
    2.321716390663066,
    2.321716390663066,
    2.321716390663066,
    2.321716390663066,
    2.321716390663066,
    2.321716390663066,
    2.321716390663066,
    2.321716390663066,
    2.321716390663066,
    2.321716390663066,
    2.321716390663066,
    2.321716390663066,
    2.321716390663066,
    2.321716390663066,
    2.321716390663066,
    2.321716390663066,
    2.321716390663066,
    2.321716390663066,
    2.321716390663066,
    2.321716390663066,
    2.321716390663066,
    2.321716390663066,
    2.321716390663066,
    2.321716390663066,
    2.321716390663066,
    2.321716390663066
  ],
  "avg_eps": [
    2.7403999871694285,
    2.7403999871694285,
    2.7403999871694285,
    2.7403999871694285,
    2.7403999871694285,
    2.7403999871694285,
    2.7403999871694285,
    2.7403999871694285,
    2.7403999871694285,
    2.7403999871694285,
    2.7403999871694285,
    2.7403999871694285,
    2.7403999871694285,
    2.7403999871694285,
    2.7403999871694285,
    2.7403999871694285,
    2.7403999871694285,
    2.7403999871694285,
    2.7403999871694285,
    2.7403999871694285,
    2.7403999871694285,
    2.7403999871694285,
    2.7403999871694285,
    2.7403999871694285,
    2.7403999871694285,
    2.7403999871694285,
    2.7403999871694285,
    2.7403999871694285,
    2.7403999871694285,
    2.7403999871694285,
    2.7403999871694285,
    2.7403999871694285,
    2.7403999871694285,
    2.7403999871694285,
    2.7403999871694285,
    2.7403999871694285,
    2.7403999871694285,
    2.7403999871694285,
    2.7403999871694285,
    2.7403999871694285,
    2.7403999871694285,
    2.7403999871694285,
    2.7403999871694285,
    2.7403999871694285,
    2.7403999871694285,
    2.7403999871694285,
    2.7403999871694285,
    2.7403999871694285,
    2.7403999871694285,
    2.7403999871694285,
    2.7403999871694285,
    2.7403999871694285,
    2.7403999871694285,
    2.7403999871694285,
    2.7403999871694285,
    2.7403999871694285,
    2.7403999871694285,
    2.7403999871694285,
    2.7403999871694285,
    2.7403999871694285,
    2.7403999871694285,
    2.7403999871694285,
    2.7403999871694285,
    2.7403999871694285,
    2.7403999871694285,
    2.7403999871694285,
    2.7403999871694285,
    2.7403999871694285,
    2.7403999871694285,
    2.7403999871694285,
    2.7403999871694285,
    2.7403999871694285,
    2.7403999871694285,
    2.7403999871694285,
    2.7403999871694285,
    2.7403999871694285,
    2.7403999871694285,
    2.7403999871694285,
    2.7403999871694285,
    2.7403999871694285,
    2.7403999871694285,
    2.7403999871694285,
    2.7403999871694285,
    2.7403999871694285,
    2.7403999871694285,
    2.7403999871694285,
    2.7403999871694285,
    2.7403999871694285,
    2.7403999871694285,
    2.7403999871694285,
    2.7403999871694285,
    2.7403999871694285,
    2.7403999871694285,
    2.7403999871694285,
    2.7403999871694285,
    2.7403999871694285,
    2.7403999871694285,
    2.7403999871694285,
    2.7403999871694285,
    2.7403999871694285
  ],
  "config": {
    "n_devices": 80,
    "gamma": 3,
    "alpha": 0.5,
    "local_epochs": 5,
    "local_lr": 0.01,
    "local_momentum": 0.9,
    "distill_epochs": 1,
    "distill_lr": 0.001,
    "temperature": 3.0,
    "public_samples": 20000,
    "synthetic": false,
    "heterogeneity": {
      "config_file": "config/devices/heterogeneity.yaml",