{
  "label": "expB_n20_g10_s42",
  "phase": 1,
  "exp": "B",
  "method": "PAID-FD",
  "seed": 42,
  "desc": "PAID-FD N=20 \u03b3=10",
  "dataset": "cifar100",
  "summary": {
    "label": "expB_n20_g10_s42",
    "exp": "B",
    "method": "PAID-FD",
    "seed": 42,
    "desc": "PAID-FD N=20 \u03b3=10",
    "final_acc": 0.6148,
    "best_acc": 0.6176,
    "avg_participation": 1.0,
    "avg_price": 4.243531625220782,
    "avg_eps_per_round": 3.162704690572812,
    "cumulative_payment": 21435.809587286574,
    "avg_privacy_spent": 316.27046905728116,
    "max_privacy_spent": 896.9812620224534,
    "time_to_targets": {
      "0.45": 2,
      "0.5": 6,
      "0.55": 12,
      "0.58": 18,
      "0.6": 41
    },
    "elapsed_sec": 11766.710452795029
  },
  "accuracies": [
    0.3651,
    0.4235,
    0.4537,
    0.4724,
    0.4835,
    0.4749,
    0.5013,
    0.5114,
    0.5102,
    0.5268,
    0.533,
    0.5433,
    0.5512,
    0.5248,
    0.5534,
    0.5569,
    0.5708,
    0.5721,
    0.5804,
    0.5721,
    0.5776,
    0.5742,
    0.5906,
    0.5799,
    0.5653,
    0.5833,
    0.5938,
    0.5863,
    0.5893,
    0.5927,
    0.5904,
    0.597,
    0.5989,
    0.5939,
    0.5894,
    0.5996,
    0.5955,
    0.5945,
    0.5896,
    0.5981,
    0.5943,
    0.6026,
    0.596,
    0.6025,
    0.5997,
    0.5975,
    0.5981,
    0.5993,
    0.609,
    0.6065,
    0.6055,
    0.6056,
    0.6091,
    0.6051,
    0.6101,
    0.6093,
    0.6075,
    0.6022,
    0.6118,
    0.6077,
    0.6045,
    0.6112,
    0.6094,
    0.613,
    0.6094,
    0.6128,
    0.6155,
    0.6107,
    0.6112,
    0.6096,
    0.6174,
    0.6079,
    0.6159,
    0.6073,
    0.6146,
    0.6105,
    0.615,
    0.6176,
    0.6111,
    0.6131,
    0.6101,
    0.6137,
    0.6133,
    0.6164,
    0.6118,
    0.6126,
    0.6175,
    0.6161,
    0.6138,
    0.61,
    0.6136,
    0.614,
    0.6094,
    0.6124,
    0.6126,
    0.6137,
    0.6167,
    0.6176,
    0.6085,
    0.6148
  ],
  "participation_rates": [
    1.0,
    1.0,
    1.0,
    1.0,
    1.0,
    1.0,
    1.0,
    1.0,
    1.0,
    1.0,
    1.0,
    1.0,
    1.0,
    1.0,
    1.0,
    1.0,
    1.0,
    1.0,
    1.0,
    1.0,
    1.0,
    1.0,
    1.0,
    1.0,
    1.0,
    1.0,
    1.0,
    1.0,
    1.0,
    1.0,
    1.0,
    1.0,
    1.0,
    1.0,
    1.0,
    1.0,
    1.0,
    1.0,
    1.0,
    1.0,
    1.0,
    1.0,
    1.0,
    1.0,
    1.0,
    1.0,
    1.0,
    1.0,
    1.0,
    1.0,
    1.0,
    1.0,
    1.0,
    1.0,
    1.0,
    1.0,
    1.0,
    1.0,
    1.0,
    1.0,
    1.0,
    1.0,
    1.0,
    1.0,
    1.0,
    1.0,
    1.0,
    1.0,
    1.0,
    1.0,
    1.0,
    1.0,
    1.0,
    1.0,
    1.0,
    1.0,
    1.0,
    1.0,
    1.0,
    1.0,
    1.0,
    1.0,
    1.0,
    1.0,
    1.0,
    1.0,
    1.0,
    1.0,
    1.0,
    1.0,
    1.0,
    1.0,
    1.0,
    1.0,
    1.0,
    1.0,
    1.0,
    1.0,
    1.0,
    1.0
  ],
  "prices": [
    4.243531625220781,
    4.243531625220781,
    4.243531625220781,
    4.243531625220781,
    4.243531625220781,
    4.243531625220781,
    4.243531625220781,
    4.243531625220781,
    4.243531625220781,
    4.243531625220781,
    4.243531625220781,
    4.243531625220781,
    4.243531625220781,
    4.243531625220781,
    4.243531625220781,
    4.243531625220781,
    4.243531625220781,
    4.243531625220781,
    4.243531625220781,
    4.243531625220781,
    4.243531625220781,
    4.243531625220781,
    4.243531625220781,
    4.243531625220781,
    4.243531625220781,
    4.243531625220781,
    4.243531625220781,
    4.243531625220781,
    4.243531625220781,
    4.243531625220781,
    4.243531625220781,
    4.243531625220781,
    4.243531625220781,
    4.243531625220781,
    4.243531625220781,
    4.243531625220781,
    4.243531625220781,
    4.243531625220781,
    4.243531625220781,
    4.243531625220781,
    4.243531625220781,
    4.243531625220781,
    4.243531625220781,
    4.243531625220781,
    4.243531625220781,
    4.243531625220781,
    4.243531625220781,
    4.243531625220781,
    4.243531625220781,
    4.243531625220781,
    4.243531625220781,
    4.243531625220781,
    4.243531625220781,
    4.243531625220781,
    4.243531625220781,
    4.243531625220781,
    4.243531625220781,
    4.243531625220781,
    4.243531625220781,
    4.243531625220781,
    4.243531625220781,
    4.243531625220781,
    4.243531625220781,
    4.243531625220781,
    4.243531625220781,
    4.243531625220781,
    4.243531625220781,
    4.243531625220781,
    4.243531625220781,
    4.243531625220781,
    4.243531625220781,
    4.243531625220781,
    4.243531625220781,
    4.243531625220781,
    4.243531625220781,
    4.243531625220781,
    4.243531625220781,
    4.243531625220781,
    4.243531625220781,
    4.243531625220781,
    4.243531625220781,
    4.243531625220781,
    4.243531625220781,
    4.243531625220781,
    4.243531625220781,
    4.243531625220781,
    4.243531625220781,
    4.243531625220781,
    4.243531625220781,
    4.243531625220781,
    4.243531625220781,
    4.243531625220781,
    4.243531625220781,
    4.243531625220781,
    4.243531625220781,
    4.243531625220781,
    4.243531625220781,
    4.243531625220781,
    4.243531625220781,
    4.243531625220781
  ],
  "avg_eps": [
    3.162704690572812,
    3.162704690572812,
    3.162704690572812,
    3.162704690572812,
    3.162704690572812,
    3.162704690572812,
    3.162704690572812,
    3.162704690572812,
    3.162704690572812,
    3.162704690572812,
    3.162704690572812,
    3.162704690572812,
    3.162704690572812,
    3.162704690572812,
    3.162704690572812,
    3.162704690572812,
    3.162704690572812,
    3.162704690572812,
    3.162704690572812,
    3.162704690572812,
    3.162704690572812,
    3.162704690572812,
    3.162704690572812,
    3.162704690572812,
    3.162704690572812,
    3.162704690572812,
    3.162704690572812,
    3.162704690572812,
    3.162704690572812,
    3.162704690572812,
    3.162704690572812,
    3.162704690572812,
    3.162704690572812,
    3.162704690572812,
    3.162704690572812,
    3.162704690572812,
    3.162704690572812,
    3.162704690572812,
    3.162704690572812,
    3.162704690572812,
    3.162704690572812,
    3.162704690572812,
    3.162704690572812,
    3.162704690572812,
    3.162704690572812,
    3.162704690572812,
    3.162704690572812,
    3.162704690572812,
    3.162704690572812,
    3.162704690572812,
    3.162704690572812,
    3.162704690572812,
    3.162704690572812,
    3.162704690572812,
    3.162704690572812,
    3.162704690572812,
    3.162704690572812,
    3.162704690572812,
    3.162704690572812,
    3.162704690572812,
    3.162704690572812,
    3.162704690572812,
    3.162704690572812,
    3.162704690572812,
    3.162704690572812,
    3.162704690572812,
    3.162704690572812,
    3.162704690572812,
    3.162704690572812,
    3.162704690572812,
    3.162704690572812,
    3.162704690572812,
    3.162704690572812,
    3.162704690572812,
    3.162704690572812,
    3.162704690572812,
    3.162704690572812,
    3.162704690572812,
    3.162704690572812,
    3.162704690572812,
    3.162704690572812,
    3.162704690572812,
    3.162704690572812,
    3.162704690572812,
    3.162704690572812,
    3.162704690572812,
    3.162704690572812,
    3.162704690572812,
    3.162704690572812,
    3.162704690572812,
    3.162704690572812,
    3.162704690572812,
    3.162704690572812,
    3.162704690572812,
    3.162704690572812,
    3.162704690572812,
    3.162704690572812,
    3.162704690572812,
    3.162704690572812,
    3.162704690572812
  ],
  "config": {
    "n_devices": 20,
    "gamma": 10,
    "alpha": 0.5,
    "local_epochs": 5,
    "local_lr": 0.01,
    "local_momentum": 0.9,
    "distill_epochs": 1,
    "distill_lr": 0.001,
    "temperature": 3.0,
    "public_samples": 20000,
    "synthetic": false,
    "heterogeneity": {
      "config_file": "config/devices/heterogeneity.yaml",
      "overrides": {
        "privacy_sensitivity": {
          "lambda_mult": 1.0
        }
      }
    },