{
  "label": "expC_noblue_s456",
  "phase": 1,
  "exp": "C",
  "method": "PAID-FD",
  "seed": 456,
  "desc": "Ablation: BLUE off (uniform agg)",
  "dataset": "cifar100",
  "summary": {
    "label": "expC_noblue_s456",
    "exp": "C",
    "method": "PAID-FD",
    "seed": 456,
    "desc": "Ablation: BLUE off (uniform agg)",
    "final_acc": 0.6141,
    "best_acc": 0.6182,
    "avg_participation": 0.7999999999999998,
    "avg_price": 3.4639974243334364,
    "avg_eps_per_round": 2.9012010767985794,
    "cumulative_payment": 31987.11465073457,
    "avg_privacy_spent": 290.12010767985777,
    "max_privacy_spent": 745.1000792670026,
    "time_to_targets": {
      "0.45": 3,
      "0.5": 8,
      "0.55": 15,
      "0.58": 26,
      "0.6": 37
    },
    "elapsed_sec": 13258.861331939697
  },
  "accuracies": [
    0.3993,
    0.4213,
    0.4455,
    0.4736,
    0.4412,
    0.4804,
    0.4928,
    0.4962,
    0.5138,
    0.5241,
    0.5297,
    0.5296,
    0.5417,
    0.5194,
    0.5498,
    0.5579,
    0.5565,
    0.563,
    0.572,
    0.5749,
    0.564,
    0.5798,
    0.575,
    0.577,
    0.5787,
    0.5749,
    0.5842,
    0.5817,
    0.5903,
    0.591,
    0.5918,
    0.597,
    0.5964,
    0.5904,
    0.592,
    0.5987,
    0.5956,
    0.6029,
    0.601,
    0.5982,
    0.5981,
    0.593,
    0.5928,
    0.6003,
    0.5995,
    0.5938,
    0.6068,
    0.6115,
    0.6035,
    0.6074,
    0.6077,
    0.6056,
    0.6053,
    0.6062,
    0.6009,
    0.6076,
    0.6011,
    0.6031,
    0.6103,
    0.6092,
    0.6115,
    0.6129,
    0.604,
    0.6135,
    0.605,
    0.6148,
    0.6014,
    0.6138,
    0.6055,
    0.6112,
    0.6057,
    0.6092,
    0.6114,
    0.6122,
    0.6121,
    0.6053,
    0.6094,
    0.6123,
    0.6146,
    0.6084,
    0.6133,
    0.606,
    0.6133,
    0.6104,
    0.6158,
    0.6089,
    0.6136,
    0.6104,
    0.6125,
    0.6116,
    0.6142,
    0.6149,
    0.6124,
    0.6106,
    0.6152,
    0.6159,
    0.6142,
    0.6089,
    0.6182,
    0.6141
  ],
  "participation_rates": [
    0.8,
    0.8,
    0.8,
    0.8,
    0.8,
    0.8,
    0.8,
    0.8,
    0.8,
    0.8,
    0.8,
    0.8,
    0.8,
    0.8,
    0.8,
    0.8,
    0.8,
    0.8,
    0.8,
    0.8,
    0.8,
    0.8,
    0.8,
    0.8,
    0.8,
    0.8,
    0.8,
    0.8,
    0.8,
    0.8,
    0.8,
    0.8,
    0.8,
    0.8,
    0.8,
    0.8,
    0.8,
    0.8,
    0.8,
    0.8,
    0.8,
    0.8,
    0.8,
    0.8,
    0.8,
    0.8,
    0.8,
    0.8,
    0.8,
    0.8,
    0.8,
    0.8,
    0.8,
    0.8,
    0.8,
    0.8,
    0.8,
    0.8,
    0.8,
    0.8,
    0.8,
    0.8,
    0.8,
    0.8,
    0.8,
    0.8,
    0.8,
    0.8,
    0.8,
    0.8,
    0.8,
    0.8,
    0.8,
    0.8,
    0.8,
    0.8,
    0.8,
    0.8,
    0.8,
    0.8,
    0.8,
    0.8,
    0.8,
    0.8,
    0.8,
    0.8,
    0.8,
    0.8,
    0.8,
    0.8,
    0.8,
    0.8,
    0.8,
    0.8,
    0.8,
    0.8,
    0.8,
    0.8,
    0.8,
    0.8
  ],
  "prices": [
    3.463997424333436,
    3.463997424333436,
    3.463997424333436,
    3.463997424333436,
    3.463997424333436,
    3.463997424333436,
    3.463997424333436,
    3.463997424333436,
    3.463997424333436,
    3.463997424333436,
    3.463997424333436,
    3.463997424333436,
    3.463997424333436,
    3.463997424333436,
    3.463997424333436,
    3.463997424333436,
    3.463997424333436,
    3.463997424333436,
    3.463997424333436,
    3.463997424333436,
    3.463997424333436,
    3.463997424333436,
    3.463997424333436,
    3.463997424333436,
    3.463997424333436,
    3.463997424333436,
    3.463997424333436,
    3.463997424333436,
    3.463997424333436,
    3.463997424333436,
    3.463997424333436,
    3.463997424333436,
    3.463997424333436,
    3.463997424333436,
    3.463997424333436,
    3.463997424333436,
    3.463997424333436,
    3.463997424333436,
    3.463997424333436,
    3.463997424333436,
    3.463997424333436,
    3.463997424333436,
    3.463997424333436,
    3.463997424333436,
    3.463997424333436,
    3.463997424333436,
    3.463997424333436,
    3.463997424333436,
    3.463997424333436,
    3.463997424333436,
    3.463997424333436,
    3.463997424333436,
    3.463997424333436,
    3.463997424333436,
    3.463997424333436,
    3.463997424333436,
    3.463997424333436,
    3.463997424333436,
    3.463997424333436,
    3.463997424333436,
    3.463997424333436,
    3.463997424333436,
    3.463997424333436,
    3.463997424333436,
    3.463997424333436,
    3.463997424333436,
    3.463997424333436,
    3.463997424333436,
    3.463997424333436,
    3.463997424333436,
    3.463997424333436,
    3.463997424333436,
    3.463997424333436,
    3.463997424333436,
    3.463997424333436,
    3.463997424333436,
    3.463997424333436,
    3.463997424333436,
    3.463997424333436,
    3.463997424333436,
    3.463997424333436,
    3.463997424333436,
    3.463997424333436,
    3.463997424333436,
    3.463997424333436,
    3.463997424333436,
    3.463997424333436,
    3.463997424333436,
    3.463997424333436,
    3.463997424333436,
    3.463997424333436,
    3.463997424333436,
    3.463997424333436,
    3.463997424333436,
    3.463997424333436,
    3.463997424333436,
    3.463997424333436,
    3.463997424333436,
    3.463997424333436,
    3.463997424333436
  ],
  "avg_eps": [
    2.9012010767985785,
    2.9012010767985785,
    2.9012010767985785,
    2.9012010767985785,
    2.9012010767985785,
    2.9012010767985785,
    2.9012010767985785,
    2.9012010767985785,
    2.9012010767985785,
    2.9012010767985785,
    2.9012010767985785,
    2.9012010767985785,
    2.9012010767985785,
    2.9012010767985785,
    2.9012010767985785,
    2.9012010767985785,
    2.9012010767985785,
    2.9012010767985785,
    2.9012010767985785,
    2.9012010767985785,
    2.9012010767985785,
    2.9012010767985785,
    2.9012010767985785,
    2.9012010767985785,
    2.9012010767985785,
    2.9012010767985785,
    2.9012010767985785,
    2.9012010767985785,
    2.9012010767985785,
    2.9012010767985785,
    2.9012010767985785,
    2.9012010767985785,
    2.9012010767985785,
    2.9012010767985785,
    2.9012010767985785,
    2.9012010767985785,
    2.9012010767985785,
    2.9012010767985785,
    2.9012010767985785,
    2.9012010767985785,
    2.9012010767985785,
    2.9012010767985785,
    2.9012010767985785,
    2.9012010767985785,
    2.9012010767985785,
    2.9012010767985785,
    2.9012010767985785,
    2.9012010767985785,
    2.9012010767985785,
    2.9012010767985785,
    2.9012010767985785,
    2.9012010767985785,
    2.9012010767985785,
    2.9012010767985785,
    2.9012010767985785,
    2.9012010767985785,
    2.9012010767985785,
    2.9012010767985785,
    2.9012010767985785,
    2.9012010767985785,
    2.9012010767985785,
    2.9012010767985785,
    2.9012010767985785,
    2.9012010767985785,
    2.9012010767985785,
    2.9012010767985785,
    2.9012010767985785,
    2.9012010767985785,
    2.9012010767985785,
    2.9012010767985785,
    2.9012010767985785,
    2.9012010767985785,
    2.9012010767985785,
    2.9012010767985785,
    2.9012010767985785,
    2.9012010767985785,
    2.9012010767985785,
    2.9012010767985785,
    2.9012010767985785,
    2.9012010767985785,
    2.9012010767985785,
    2.9012010767985785,
    2.9012010767985785,
    2.9012010767985785,
    2.9012010767985785,
    2.9012010767985785,
    2.9012010767985785,
    2.9012010767985785,
    2.9012010767985785,
    2.9012010767985785,
    2.9012010767985785,
    2.9012010767985785,
    2.9012010767985785,
    2.9012010767985785,
    2.9012010767985785,
    2.9012010767985785,
    2.9012010767985785,
    2.9012010767985785,
    2.9012010767985785,
    2.9012010767985785
  ],
  "config": {
    "n_devices": 50,
    "gamma": 5,
    "alpha": 0.5,
    "local_epochs": 5,
    "local_lr": 0.01,
    "local_momentum": 0.9,
    "distill_epochs": 1,
    "distill_lr": 0.001,
    "temperature": 3.0,
    "public_samples": 20000,
    "synthetic": false,