{
  "label": "expC_noldp_s123",
  "phase": 1,
  "exp": "C",
  "method": "PAID-FD",
  "seed": 123,
  "desc": "Ablation: no LDP (oracle upper bound)",
  "dataset": "cifar100",
  "summary": {
    "label": "expC_noldp_s123",
    "exp": "C",
    "method": "PAID-FD",
    "seed": 123,
    "desc": "Ablation: no LDP (oracle upper bound)",
    "final_acc": 0.6043,
    "best_acc": 0.6154,
    "avg_participation": 0.7600000000000001,
    "avg_price": 3.2672887523767504,
    "avg_eps_per_round": 2.835261154944534,
    "cumulative_payment": 27911.48782385616,
    "avg_privacy_spent": 283.5261154944535,
    "max_privacy_spent": 706.4454937661927,
    "time_to_targets": {
      "0.45": 4,
      "0.5": 8,
      "0.55": 16,
      "0.58": 23,
      "0.6": 37
    },
    "elapsed_sec": 12664.63568687439
  },
  "accuracies": [
    0.3868,
    0.415,
    0.4353,
    0.4491,
    0.4551,
    0.4698,
    0.4784,
    0.4891,
    0.5095,
    0.5127,
    0.5104,
    0.5218,
    0.5471,
    0.542,
    0.5421,
    0.5495,
    0.5594,
    0.5547,
    0.5602,
    0.5708,
    0.5671,
    0.5668,
    0.5789,
    0.5837,
    0.5789,
    0.5888,
    0.5829,
    0.5888,
    0.5826,
    0.5767,
    0.5863,
    0.5902,
    0.5904,
    0.5881,
    0.588,
    0.5945,
    0.5871,
    0.6014,
    0.5924,
    0.6,
    0.5938,
    0.5944,
    0.5945,
    0.5962,
    0.5926,
    0.6034,
    0.6003,
    0.6024,
    0.6011,
    0.6003,
    0.6021,
    0.6002,
    0.5965,
    0.6033,
    0.6008,
    0.5998,
    0.601,
    0.5984,
    0.5996,
    0.6059,
    0.6015,
    0.603,
    0.6003,
    0.6058,
    0.6043,
    0.6098,
    0.6028,
    0.6012,
    0.6092,
    0.603,
    0.6072,
    0.6074,
    0.6061,
    0.5999,
    0.6043,
    0.6055,
    0.6093,
    0.6132,
    0.6029,
    0.6047,
    0.6083,
    0.6092,
    0.6052,
    0.608,
    0.6119,
    0.6073,
    0.6113,
    0.6048,
    0.6112,
    0.6088,
    0.6089,
    0.6102,
    0.6154,
    0.6108,
    0.6052,
    0.6094,
    0.609,
    0.607,
    0.6091,
    0.6043
  ],
  "participation_rates": [
    0.76,
    0.76,
    0.76,
    0.76,
    0.76,
    0.76,
    0.76,
    0.76,
    0.76,
    0.76,
    0.76,
    0.76,
    0.76,
    0.76,
    0.76,
    0.76,
    0.76,
    0.76,
    0.76,
    0.76,
    0.76,
    0.76,
    0.76,
    0.76,
    0.76,
    0.76,
    0.76,
    0.76,
    0.76,
    0.76,
    0.76,
    0.76,
    0.76,
    0.76,
    0.76,
    0.76,
    0.76,
    0.76,
    0.76,
    0.76,
    0.76,
    0.76,
    0.76,
    0.76,
    0.76,
    0.76,
    0.76,
    0.76,
    0.76,
    0.76,
    0.76,
    0.76,
    0.76,
    0.76,
    0.76,
    0.76,
    0.76,
    0.76,
    0.76,
    0.76,
    0.76,
    0.76,
    0.76,
    0.76,
    0.76,
    0.76,
    0.76,
    0.76,
    0.76,
    0.76,
    0.76,
    0.76,
    0.76,
    0.76,
    0.76,
    0.76,
    0.76,
    0.76,
    0.76,
    0.76,
    0.76,
    0.76,
    0.76,
    0.76,
    0.76,
    0.76,
    0.76,
    0.76,
    0.76,
    0.76,
    0.76,
    0.76,
    0.76,
    0.76,
    0.76,
    0.76,
    0.76,
    0.76,
    0.76,
    0.76
  ],
  "prices": [
    3.267288752376749,
    3.267288752376749,
    3.267288752376749,
    3.267288752376749,
    3.267288752376749,
    3.267288752376749,
    3.267288752376749,
    3.267288752376749,
    3.267288752376749,
    3.267288752376749,
    3.267288752376749,
    3.267288752376749,
    3.267288752376749,
    3.267288752376749,
    3.267288752376749,
    3.267288752376749,
    3.267288752376749,
    3.267288752376749,
    3.267288752376749,
    3.267288752376749,
    3.267288752376749,
    3.267288752376749,
    3.267288752376749,
    3.267288752376749,
    3.267288752376749,
    3.267288752376749,
    3.267288752376749,
    3.267288752376749,
    3.267288752376749,
    3.267288752376749,
    3.267288752376749,
    3.267288752376749,
    3.267288752376749,
    3.267288752376749,
    3.267288752376749,
    3.267288752376749,
    3.267288752376749,
    3.267288752376749,
    3.267288752376749,
    3.267288752376749,
    3.267288752376749,
    3.267288752376749,
    3.267288752376749,
    3.267288752376749,
    3.267288752376749,
    3.267288752376749,
    3.267288752376749,
    3.267288752376749,
    3.267288752376749,
    3.267288752376749,
    3.267288752376749,
    3.267288752376749,
    3.267288752376749,
    3.267288752376749,
    3.267288752376749,
    3.267288752376749,
    3.267288752376749,
    3.267288752376749,
    3.267288752376749,
    3.267288752376749,
    3.267288752376749,
    3.267288752376749,
    3.267288752376749,
    3.267288752376749,
    3.267288752376749,
    3.267288752376749,
    3.267288752376749,
    3.267288752376749,
    3.267288752376749,
    3.267288752376749,
    3.267288752376749,
    3.267288752376749,
    3.267288752376749,
    3.267288752376749,
    3.267288752376749,
    3.267288752376749,
    3.267288752376749,
    3.267288752376749,
    3.267288752376749,
    3.267288752376749,
    3.267288752376749,
    3.267288752376749,
    3.267288752376749,
    3.267288752376749,
    3.267288752376749,
    3.267288752376749,
    3.267288752376749,
    3.267288752376749,
    3.267288752376749,
    3.267288752376749,
    3.267288752376749,
    3.267288752376749,
    3.267288752376749,
    3.267288752376749,
    3.267288752376749,
    3.267288752376749,
    3.267288752376749,
    3.267288752376749,
    3.267288752376749,
    3.267288752376749
  ],
  "avg_eps": [
    2.8352611549445346,
    2.8352611549445346,
    2.8352611549445346,
    2.8352611549445346,
    2.8352611549445346,
    2.8352611549445346,
    2.8352611549445346,
    2.8352611549445346,
    2.8352611549445346,
    2.8352611549445346,
    2.8352611549445346,
    2.8352611549445346,
    2.8352611549445346,
    2.8352611549445346,
    2.8352611549445346,
    2.8352611549445346,
    2.8352611549445346,
    2.8352611549445346,
    2.8352611549445346,
    2.8352611549445346,
    2.8352611549445346,
    2.8352611549445346,
    2.8352611549445346,
    2.8352611549445346,
    2.8352611549445346,
    2.8352611549445346,
    2.8352611549445346,
    2.8352611549445346,
    2.8352611549445346,
    2.8352611549445346,
    2.8352611549445346,
    2.8352611549445346,
    2.8352611549445346,
    2.8352611549445346,
    2.8352611549445346,
    2.8352611549445346,
    2.8352611549445346,
    2.8352611549445346,
    2.8352611549445346,
    2.8352611549445346,
    2.8352611549445346,
    2.8352611549445346,
    2.8352611549445346,
    2.8352611549445346,
    2.8352611549445346,
    2.8352611549445346,
    2.8352611549445346,
    2.8352611549445346,
    2.8352611549445346,
    2.8352611549445346,
    2.8352611549445346,
    2.8352611549445346,
    2.8352611549445346,
    2.8352611549445346,
    2.8352611549445346,
    2.8352611549445346,
    2.8352611549445346,
    2.8352611549445346,
    2.8352611549445346,
    2.8352611549445346,
    2.8352611549445346,
    2.8352611549445346,
    2.8352611549445346,
    2.8352611549445346,
    2.8352611549445346,
    2.8352611549445346,
    2.8352611549445346,
    2.8352611549445346,
    2.8352611549445346,
    2.8352611549445346,
    2.8352611549445346,
    2.8352611549445346,
    2.8352611549445346,
    2.8352611549445346,
    2.8352611549445346,
    2.8352611549445346,
    2.8352611549445346,
    2.8352611549445346,
    2.8352611549445346,
    2.8352611549445346,
    2.8352611549445346,
    2.8352611549445346,
    2.8352611549445346,
    2.8352611549445346,
    2.8352611549445346,
    2.8352611549445346,
    2.8352611549445346,
    2.8352611549445346,
    2.8352611549445346,
    2.8352611549445346,
    2.8352611549445346,
    2.8352611549445346,
    2.8352611549445346,
    2.8352611549445346,
    2.8352611549445346,
    2.8352611549445346,
    2.8352611549445346,
    2.8352611549445346,
    2.8352611549445346,
    2.8352611549445346
  ],
  "config": {
    "n_devices": 50,
    "gamma": 5,
    "alpha": 0.5,
    "local_epochs": 5,
    "local_lr": 0.01,
    "local_momentum": 0.9,
    "distill_epochs": 1,
    "distill_lr": 0.001,
    "temperature": 3.0,