{
  "label": "expC_noblue_s123",
  "phase": 1,
  "exp": "C",
  "method": "PAID-FD",
  "seed": 123,
  "desc": "Ablation: BLUE off (uniform agg)",
  "dataset": "cifar100",
  "summary": {
    "label": "expC_noblue_s123",
    "exp": "C",
    "method": "PAID-FD",
    "seed": 123,
    "desc": "Ablation: BLUE off (uniform agg)",
    "final_acc": 0.6061,
    "best_acc": 0.6154,
    "avg_participation": 0.7600000000000001,
    "avg_price": 3.2672887523767504,
    "avg_eps_per_round": 2.835261154944534,
    "cumulative_payment": 27911.48782385616,
    "avg_privacy_spent": 283.5261154944535,
    "max_privacy_spent": 706.4454937661927,
    "time_to_targets": {
      "0.45": 4,
      "0.5": 8,
      "0.55": 16,
      "0.58": 23,
      "0.6": 46
    },
    "elapsed_sec": 12980.726699829102
  },
  "accuracies": [
    0.378,
    0.4069,
    0.4397,
    0.4494,
    0.4563,
    0.466,
    0.4752,
    0.4867,
    0.511,
    0.5089,
    0.509,
    0.5174,
    0.5499,
    0.5429,
    0.537,
    0.5487,
    0.5622,
    0.5579,
    0.5636,
    0.5737,
    0.5682,
    0.5682,
    0.5791,
    0.5815,
    0.5792,
    0.5815,
    0.5846,
    0.593,
    0.5849,
    0.5796,
    0.597,
    0.5837,
    0.5889,
    0.5905,
    0.5869,
    0.5954,
    0.592,
    0.5956,
    0.5877,
    0.5917,
    0.595,
    0.5966,
    0.5944,
    0.5998,
    0.5962,
    0.5998,
    0.6011,
    0.5962,
    0.5954,
    0.5992,
    0.599,
    0.6013,
    0.5985,
    0.6012,
    0.6049,
    0.5997,
    0.6011,
    0.6009,
    0.6015,
    0.6072,
    0.6026,
    0.604,
    0.6064,
    0.6055,
    0.605,
    0.606,
    0.6039,
    0.6033,
    0.606,
    0.6005,
    0.6069,
    0.6137,
    0.6088,
    0.6041,
    0.604,
    0.5991,
    0.6081,
    0.6137,
    0.6026,
    0.6044,
    0.6068,
    0.6086,
    0.6068,
    0.6099,
    0.6137,
    0.6089,
    0.6066,
    0.6083,
    0.6085,
    0.6109,
    0.6108,
    0.6112,
    0.6154,
    0.6101,
    0.6103,
    0.6089,
    0.6074,
    0.6115,
    0.6087,
    0.6061
  ],
  "participation_rates": [
    0.76,
    0.76,
    0.76,
    0.76,
    0.76,
    0.76,
    0.76,
    0.76,
    0.76,
    0.76,
    0.76,
    0.76,
    0.76,
    0.76,
    0.76,
    0.76,
    0.76,
    0.76,
    0.76,
    0.76,
    0.76,
    0.76,
    0.76,
    0.76,
    0.76,
    0.76,
    0.76,
    0.76,
    0.76,
    0.76,
    0.76,
    0.76,
    0.76,
    0.76,
    0.76,
    0.76,
    0.76,
    0.76,
    0.76,
    0.76,
    0.76,
    0.76,
    0.76,
    0.76,
    0.76,
    0.76,
    0.76,
    0.76,
    0.76,
    0.76,
    0.76,
    0.76,
    0.76,
    0.76,
    0.76,
    0.76,
    0.76,
    0.76,
    0.76,
    0.76,
    0.76,
    0.76,
    0.76,
    0.76,
    0.76,
    0.76,
    0.76,
    0.76,
    0.76,
    0.76,
    0.76,
    0.76,
    0.76,
    0.76,
    0.76,
    0.76,
    0.76,
    0.76,
    0.76,
    0.76,
    0.76,
    0.76,
    0.76,
    0.76,
    0.76,
    0.76,
    0.76,
    0.76,
    0.76,
    0.76,
    0.76,
    0.76,
    0.76,
    0.76,
    0.76,
    0.76,
    0.76,
    0.76,
    0.76,
    0.76
  ],
  "prices": [
    3.267288752376749,
    3.267288752376749,
    3.267288752376749,
    3.267288752376749,
    3.267288752376749,
    3.267288752376749,
    3.267288752376749,
    3.267288752376749,
    3.267288752376749,
    3.267288752376749,
    3.267288752376749,
    3.267288752376749,
    3.267288752376749,
    3.267288752376749,
    3.267288752376749,
    3.267288752376749,
    3.267288752376749,
    3.267288752376749,
    3.267288752376749,
    3.267288752376749,
    3.267288752376749,
    3.267288752376749,
    3.267288752376749,
    3.267288752376749,
    3.267288752376749,
    3.267288752376749,
    3.267288752376749,
    3.267288752376749,
    3.267288752376749,
    3.267288752376749,
    3.267288752376749,
    3.267288752376749,
    3.267288752376749,
    3.267288752376749,
    3.267288752376749,
    3.267288752376749,
    3.267288752376749,
    3.267288752376749,
    3.267288752376749,
    3.267288752376749,
    3.267288752376749,
    3.267288752376749,
    3.267288752376749,
    3.267288752376749,
    3.267288752376749,
    3.267288752376749,
    3.267288752376749,
    3.267288752376749,
    3.267288752376749,
    3.267288752376749,
    3.267288752376749,
    3.267288752376749,
    3.267288752376749,
    3.267288752376749,
    3.267288752376749,
    3.267288752376749,
    3.267288752376749,
    3.267288752376749,
    3.267288752376749,
    3.267288752376749,
    3.267288752376749,
    3.267288752376749,
    3.267288752376749,
    3.267288752376749,
    3.267288752376749,
    3.267288752376749,
    3.267288752376749,
    3.267288752376749,
    3.267288752376749,
    3.267288752376749,
    3.267288752376749,
    3.267288752376749,
    3.267288752376749,
    3.267288752376749,
    3.267288752376749,
    3.267288752376749,
    3.267288752376749,
    3.267288752376749,
    3.267288752376749,
    3.267288752376749,
    3.267288752376749,
    3.267288752376749,
    3.267288752376749,
    3.267288752376749,
    3.267288752376749,
    3.267288752376749,
    3.267288752376749,
    3.267288752376749,
    3.267288752376749,
    3.267288752376749,
    3.267288752376749,
    3.267288752376749,
    3.267288752376749,
    3.267288752376749,
    3.267288752376749,
    3.267288752376749,
    3.267288752376749,
    3.267288752376749,
    3.267288752376749,
    3.267288752376749
  ],
  "avg_eps": [
    2.8352611549445346,
    2.8352611549445346,
    2.8352611549445346,
    2.8352611549445346,
    2.8352611549445346,
    2.8352611549445346,
    2.8352611549445346,
    2.8352611549445346,
    2.8352611549445346,
    2.8352611549445346,
    2.8352611549445346,
    2.8352611549445346,
    2.8352611549445346,
    2.8352611549445346,
    2.8352611549445346,
    2.8352611549445346,
    2.8352611549445346,
    2.8352611549445346,
    2.8352611549445346,
    2.8352611549445346,
    2.8352611549445346,
    2.8352611549445346,
    2.8352611549445346,
    2.8352611549445346,
    2.8352611549445346,
    2.8352611549445346,
    2.8352611549445346,
    2.8352611549445346,
    2.8352611549445346,
    2.8352611549445346,
    2.8352611549445346,
    2.8352611549445346,
    2.8352611549445346,
    2.8352611549445346,
    2.8352611549445346,
    2.8352611549445346,
    2.8352611549445346,
    2.8352611549445346,
    2.8352611549445346,
    2.8352611549445346,
    2.8352611549445346,
    2.8352611549445346,
    2.8352611549445346,
    2.8352611549445346,
    2.8352611549445346,
    2.8352611549445346,
    2.8352611549445346,
    2.8352611549445346,
    2.8352611549445346,
    2.8352611549445346,
    2.8352611549445346,
    2.8352611549445346,
    2.8352611549445346,
    2.8352611549445346,
    2.8352611549445346,
    2.8352611549445346,
    2.8352611549445346,
    2.8352611549445346,
    2.8352611549445346,
    2.8352611549445346,
    2.8352611549445346,
    2.8352611549445346,
    2.8352611549445346,
    2.8352611549445346,
    2.8352611549445346,
    2.8352611549445346,
    2.8352611549445346,
    2.8352611549445346,
    2.8352611549445346,
    2.8352611549445346,
    2.8352611549445346,
    2.8352611549445346,
    2.8352611549445346,
    2.8352611549445346,
    2.8352611549445346,
    2.8352611549445346,
    2.8352611549445346,
    2.8352611549445346,
    2.8352611549445346,
    2.8352611549445346,
    2.8352611549445346,
    2.8352611549445346,
    2.8352611549445346,
    2.8352611549445346,
    2.8352611549445346,
    2.8352611549445346,
    2.8352611549445346,
    2.8352611549445346,
    2.8352611549445346,
    2.8352611549445346,
    2.8352611549445346,
    2.8352611549445346,
    2.8352611549445346,
    2.8352611549445346,
    2.8352611549445346,
    2.8352611549445346,
    2.8352611549445346,
    2.8352611549445346,
    2.8352611549445346,
    2.8352611549445346
  ],
  "config": {
    "n_devices": 50,
    "gamma": 5,
    "alpha": 0.5,
    "local_epochs": 5,
    "local_lr": 0.01,
    "local_momentum": 0.9,
    "distill_epochs": 1,
    "distill_lr": 0.001,
    "temperature": 3.0,