{
  "label": "expC_noldp_s456",
  "phase": 1,
  "exp": "C",
  "method": "PAID-FD",
  "seed": 456,
  "desc": "Ablation: no LDP (oracle upper bound)",
  "dataset": "cifar100",
  "summary": {
    "label": "expC_noldp_s456",
    "exp": "C",
    "method": "PAID-FD",
    "seed": 456,
    "desc": "Ablation: no LDP (oracle upper bound)",
    "final_acc": 0.6146,
    "best_acc": 0.6177,
    "avg_participation": 0.7999999999999998,
    "avg_price": 3.4639974243334364,
    "avg_eps_per_round": 2.9012010767985794,
    "cumulative_payment": 31987.11465073457,
    "avg_privacy_spent": 290.12010767985777,
    "max_privacy_spent": 745.1000792670026,
    "time_to_targets": {
      "0.45": 3,
      "0.5": 8,
      "0.55": 14,
      "0.58": 23,
      "0.6": 37
    },
    "elapsed_sec": 13010.053779363632
  },
  "accuracies": [
    0.393,
    0.415,
    0.4449,
    0.4689,
    0.438,
    0.4766,
    0.488,
    0.4964,
    0.5122,
    0.5251,
    0.5274,
    0.532,
    0.5383,
    0.5237,
    0.5548,
    0.5592,
    0.5579,
    0.5654,
    0.5663,
    0.5687,
    0.5579,
    0.5786,
    0.5683,
    0.5841,
    0.5777,
    0.5726,
    0.5811,
    0.5838,
    0.5968,
    0.5883,
    0.5927,
    0.5948,
    0.598,
    0.5879,
    0.5967,
    0.5986,
    0.5945,
    0.6027,
    0.5961,
    0.5935,
    0.5994,
    0.5922,
    0.5932,
    0.5988,
    0.5982,
    0.5959,
    0.5978,
    0.599,
    0.6033,
    0.6,
    0.6002,
    0.6,
    0.6009,
    0.599,
    0.5997,
    0.6013,
    0.596,
    0.6034,
    0.6122,
    0.604,
    0.6059,
    0.6099,
    0.6017,
    0.608,
    0.607,
    0.6066,
    0.6059,
    0.6082,
    0.6076,
    0.6049,
    0.5996,
    0.607,
    0.6075,
    0.6028,
    0.6051,
    0.6077,
    0.6094,
    0.6039,
    0.6087,
    0.6074,
    0.6088,
    0.6008,
    0.6103,
    0.6112,
    0.6132,
    0.6057,
    0.6134,
    0.6148,
    0.6014,
    0.6103,
    0.6123,
    0.6147,
    0.6057,
    0.6114,
    0.6153,
    0.6158,
    0.6135,
    0.6125,
    0.6177,
    0.6146
  ],
  "participation_rates": [
    0.8,
    0.8,
    0.8,
    0.8,
    0.8,
    0.8,
    0.8,
    0.8,
    0.8,
    0.8,
    0.8,
    0.8,
    0.8,
    0.8,
    0.8,
    0.8,
    0.8,
    0.8,
    0.8,
    0.8,
    0.8,
    0.8,
    0.8,
    0.8,
    0.8,
    0.8,
    0.8,
    0.8,
    0.8,
    0.8,
    0.8,
    0.8,
    0.8,
    0.8,
    0.8,
    0.8,
    0.8,
    0.8,
    0.8,
    0.8,
    0.8,
    0.8,
    0.8,
    0.8,
    0.8,
    0.8,
    0.8,
    0.8,
    0.8,
    0.8,
    0.8,
    0.8,
    0.8,
    0.8,
    0.8,
    0.8,
    0.8,
    0.8,
    0.8,
    0.8,
    0.8,
    0.8,
    0.8,
    0.8,
    0.8,
    0.8,
    0.8,
    0.8,
    0.8,
    0.8,
    0.8,
    0.8,
    0.8,
    0.8,
    0.8,
    0.8,
    0.8,
    0.8,
    0.8,
    0.8,
    0.8,
    0.8,
    0.8,
    0.8,
    0.8,
    0.8,
    0.8,
    0.8,
    0.8,
    0.8,
    0.8,
    0.8,
    0.8,
    0.8,
    0.8,
    0.8,
    0.8,
    0.8,
    0.8,
    0.8
  ],
  "prices": [
    3.463997424333436,
    3.463997424333436,
    3.463997424333436,
    3.463997424333436,
    3.463997424333436,
    3.463997424333436,
    3.463997424333436,
    3.463997424333436,
    3.463997424333436,
    3.463997424333436,
    3.463997424333436,
    3.463997424333436,
    3.463997424333436,
    3.463997424333436,
    3.463997424333436,
    3.463997424333436,
    3.463997424333436,
    3.463997424333436,
    3.463997424333436,
    3.463997424333436,
    3.463997424333436,
    3.463997424333436,
    3.463997424333436,
    3.463997424333436,
    3.463997424333436,
    3.463997424333436,
    3.463997424333436,
    3.463997424333436,
    3.463997424333436,
    3.463997424333436,
    3.463997424333436,
    3.463997424333436,
    3.463997424333436,
    3.463997424333436,
    3.463997424333436,
    3.463997424333436,
    3.463997424333436,
    3.463997424333436,
    3.463997424333436,
    3.463997424333436,
    3.463997424333436,
    3.463997424333436,
    3.463997424333436,
    3.463997424333436,
    3.463997424333436,
    3.463997424333436,
    3.463997424333436,
    3.463997424333436,
    3.463997424333436,
    3.463997424333436,
    3.463997424333436,
    3.463997424333436,
    3.463997424333436,
    3.463997424333436,
    3.463997424333436,
    3.463997424333436,
    3.463997424333436,
    3.463997424333436,
    3.463997424333436,
    3.463997424333436,
    3.463997424333436,
    3.463997424333436,
    3.463997424333436,
    3.463997424333436,
    3.463997424333436,
    3.463997424333436,
    3.463997424333436,
    3.463997424333436,
    3.463997424333436,
    3.463997424333436,
    3.463997424333436,
    3.463997424333436,
    3.463997424333436,
    3.463997424333436,
    3.463997424333436,
    3.463997424333436,
    3.463997424333436,
    3.463997424333436,
    3.463997424333436,
    3.463997424333436,
    3.463997424333436,
    3.463997424333436,
    3.463997424333436,
    3.463997424333436,
    3.463997424333436,
    3.463997424333436,
    3.463997424333436,
    3.463997424333436,
    3.463997424333436,
    3.463997424333436,
    3.463997424333436,
    3.463997424333436,
    3.463997424333436,
    3.463997424333436,
    3.463997424333436,
    3.463997424333436,
    3.463997424333436,
    3.463997424333436,
    3.463997424333436,
    3.463997424333436
  ],
  "avg_eps": [
    2.9012010767985785,
    2.9012010767985785,
    2.9012010767985785,
    2.9012010767985785,
    2.9012010767985785,
    2.9012010767985785,
    2.9012010767985785,
    2.9012010767985785,
    2.9012010767985785,
    2.9012010767985785,
    2.9012010767985785,
    2.9012010767985785,
    2.9012010767985785,
    2.9012010767985785,
    2.9012010767985785,
    2.9012010767985785,
    2.9012010767985785,
    2.9012010767985785,
    2.9012010767985785,
    2.9012010767985785,
    2.9012010767985785,
    2.9012010767985785,
    2.9012010767985785,
    2.9012010767985785,
    2.9012010767985785,
    2.9012010767985785,
    2.9012010767985785,
    2.9012010767985785,
    2.9012010767985785,
    2.9012010767985785,
    2.9012010767985785,
    2.9012010767985785,
    2.9012010767985785,
    2.9012010767985785,
    2.9012010767985785,
    2.9012010767985785,
    2.9012010767985785,
    2.9012010767985785,
    2.9012010767985785,
    2.9012010767985785,
    2.9012010767985785,
    2.9012010767985785,
    2.9012010767985785,
    2.9012010767985785,
    2.9012010767985785,
    2.9012010767985785,
    2.9012010767985785,
    2.9012010767985785,
    2.9012010767985785,
    2.9012010767985785,
    2.9012010767985785,
    2.9012010767985785,
    2.9012010767985785,
    2.9012010767985785,
    2.9012010767985785,
    2.9012010767985785,
    2.9012010767985785,
    2.9012010767985785,
    2.9012010767985785,
    2.9012010767985785,
    2.9012010767985785,
    2.9012010767985785,
    2.9012010767985785,
    2.9012010767985785,
    2.9012010767985785,
    2.9012010767985785,
    2.9012010767985785,
    2.9012010767985785,
    2.9012010767985785,
    2.9012010767985785,
    2.9012010767985785,
    2.9012010767985785,
    2.9012010767985785,
    2.9012010767985785,
    2.9012010767985785,
    2.9012010767985785,
    2.9012010767985785,
    2.9012010767985785,
    2.9012010767985785,
    2.9012010767985785,
    2.9012010767985785,
    2.9012010767985785,
    2.9012010767985785,
    2.9012010767985785,
    2.9012010767985785,
    2.9012010767985785,
    2.9012010767985785,
    2.9012010767985785,
    2.9012010767985785,
    2.9012010767985785,
    2.9012010767985785,
    2.9012010767985785,
    2.9012010767985785,
    2.9012010767985785,
    2.9012010767985785,
    2.9012010767985785,
    2.9012010767985785,
    2.9012010767985785,
    2.9012010767985785,
    2.9012010767985785
  ],
  "config": {
    "n_devices": 50,
    "gamma": 5,
    "alpha": 0.5,
    "local_epochs": 5,
    "local_lr": 0.01,
    "local_momentum": 0.9,
    "distill_epochs": 1,
    "distill_lr": 0.001,
    "temperature": 3.0,
    "public_samples": 20000,
    "synthetic": false,