{
  "label": "expC_fullpart_s456",
  "phase": 1,
  "exp": "C",
  "method": "PAID-FD",
  "seed": 456,
  "desc": "Ablation: forced full participation (\u03b3=100)",
  "dataset": "cifar100",
  "summary": {
    "label": "expC_fullpart_s456",
    "exp": "C",
    "method": "PAID-FD",
    "seed": 456,
    "desc": "Ablation: forced full participation (\u03b3=100)",
    "final_acc": 0.6127,
    "best_acc": 0.6127,
    "avg_participation": 1.0,
    "avg_price": 19.959166389689102,
    "avg_eps_per_round": 8.355695100963416,
    "cumulative_payment": 432669.6404909061,
    "avg_privacy_spent": 835.5695100963414,
    "max_privacy_spent": 2211.5204251358787,
    "time_to_targets": {
      "0.45": 3,
      "0.5": 7,
      "0.55": 13,
      "0.58": 23,
      "0.6": 45
    },
    "elapsed_sec": 16458.180245637894
  },
  "accuracies": [
    0.3917,
    0.4065,
    0.4349,
    0.4586,
    0.482,
    0.4789,
    0.4923,
    0.5084,
    0.5164,
    0.5203,
    0.522,
    0.5259,
    0.534,
    0.5581,
    0.5447,
    0.5518,
    0.5484,
    0.5537,
    0.5749,
    0.568,
    0.5706,
    0.5778,
    0.574,
    0.5818,
    0.5783,
    0.589,
    0.5892,
    0.5839,
    0.5886,
    0.5884,
    0.5921,
    0.5846,
    0.5931,
    0.5929,
    0.5909,
    0.5869,
    0.5844,
    0.5972,
    0.5934,
    0.5917,
    0.5923,
    0.5985,
    0.5998,
    0.5979,
    0.597,
    0.6078,
    0.5962,
    0.5977,
    0.5976,
    0.5999,
    0.5989,
    0.5976,
    0.5933,
    0.5989,
    0.6032,
    0.5946,
    0.6028,
    0.5991,
    0.5983,
    0.6013,
    0.6068,
    0.5981,
    0.5979,
    0.603,
    0.6072,
    0.6054,
    0.6094,
    0.6072,
    0.6033,
    0.6082,
    0.6039,
    0.6089,
    0.6086,
    0.605,
    0.6008,
    0.5982,
    0.6068,
    0.607,
    0.6055,
    0.6082,
    0.6055,
    0.6085,
    0.6085,
    0.6112,
    0.6104,
    0.6065,
    0.6065,
    0.6096,
    0.6077,
    0.6073,
    0.6067,
    0.6097,
    0.6094,
    0.6057,
    0.6043,
    0.605,
    0.6084,
    0.6113,
    0.6066,
    0.6127
  ],
  "participation_rates": [
    1.0,
    1.0,
    1.0,
    1.0,
    1.0,
    1.0,
    1.0,
    1.0,
    1.0,
    1.0,
    1.0,
    1.0,
    1.0,
    1.0,
    1.0,
    1.0,
    1.0,
    1.0,
    1.0,
    1.0,
    1.0,
    1.0,
    1.0,
    1.0,
    1.0,
    1.0,
    1.0,
    1.0,
    1.0,
    1.0,
    1.0,
    1.0,
    1.0,
    1.0,
    1.0,
    1.0,
    1.0,
    1.0,
    1.0,
    1.0,
    1.0,
    1.0,
    1.0,
    1.0,
    1.0,
    1.0,
    1.0,
    1.0,
    1.0,
    1.0,
    1.0,
    1.0,
    1.0,
    1.0,
    1.0,
    1.0,
    1.0,
    1.0,
    1.0,
    1.0,
    1.0,
    1.0,
    1.0,
    1.0,
    1.0,
    1.0,
    1.0,
    1.0,
    1.0,
    1.0,
    1.0,
    1.0,
    1.0,
    1.0,
    1.0,
    1.0,
    1.0,
    1.0,
    1.0,
    1.0,
    1.0,
    1.0,
    1.0,
    1.0,
    1.0,
    1.0,
    1.0,
    1.0,
    1.0,
    1.0,
    1.0,
    1.0,
    1.0,
    1.0,
    1.0,
    1.0,
    1.0,
    1.0,
    1.0,
    1.0
  ],
  "prices": [
    19.95916638968911,
    19.95916638968911,
    19.95916638968911,
    19.95916638968911,
    19.95916638968911,
    19.95916638968911,
    19.95916638968911,
    19.95916638968911,
    19.95916638968911,
    19.95916638968911,
    19.95916638968911,
    19.95916638968911,
    19.95916638968911,
    19.95916638968911,
    19.95916638968911,
    19.95916638968911,
    19.95916638968911,
    19.95916638968911,
    19.95916638968911,
    19.95916638968911,
    19.95916638968911,
    19.95916638968911,
    19.95916638968911,
    19.95916638968911,
    19.95916638968911,
    19.95916638968911,
    19.95916638968911,
    19.95916638968911,
    19.95916638968911,
    19.95916638968911,
    19.95916638968911,
    19.95916638968911,
    19.95916638968911,
    19.95916638968911,
    19.95916638968911,
    19.95916638968911,
    19.95916638968911,
    19.95916638968911,
    19.95916638968911,
    19.95916638968911,
    19.95916638968911,
    19.95916638968911,
    19.95916638968911,
    19.95916638968911,
    19.95916638968911,
    19.95916638968911,
    19.95916638968911,
    19.95916638968911,
    19.95916638968911,
    19.95916638968911,
    19.95916638968911,
    19.95916638968911,
    19.95916638968911,
    19.95916638968911,
    19.95916638968911,
    19.95916638968911,
    19.95916638968911,
    19.95916638968911,
    19.95916638968911,
    19.95916638968911,
    19.95916638968911,
    19.95916638968911,
    19.95916638968911,
    19.95916638968911,
    19.95916638968911,
    19.95916638968911,
    19.95916638968911,
    19.95916638968911,
    19.95916638968911,
    19.95916638968911,
    19.95916638968911,
    19.95916638968911,
    19.95916638968911,
    19.95916638968911,
    19.95916638968911,
    19.95916638968911,
    19.95916638968911,
    19.95916638968911,
    19.95916638968911,
    19.95916638968911,
    19.95916638968911,
    19.95916638968911,
    19.95916638968911,
    19.95916638968911,
    19.95916638968911,
    19.95916638968911,
    19.95916638968911,
    19.95916638968911,
    19.95916638968911,
    19.95916638968911,
    19.95916638968911,
    19.95916638968911,
    19.95916638968911,
    19.95916638968911,
    19.95916638968911,
    19.95916638968911,
    19.95916638968911,
    19.95916638968911,
    19.95916638968911,
    19.95916638968911
  ],
  "avg_eps": [
    8.355695100963414,
    8.355695100963414,
    8.355695100963414,
    8.355695100963414,
    8.355695100963414,
    8.355695100963414,
    8.355695100963414,
    8.355695100963414,
    8.355695100963414,
    8.355695100963414,
    8.355695100963414,
    8.355695100963414,
    8.355695100963414,
    8.355695100963414,
    8.355695100963414,
    8.355695100963414,
    8.355695100963414,
    8.355695100963414,
    8.355695100963414,
    8.355695100963414,
    8.355695100963414,
    8.355695100963414,
    8.355695100963414,
    8.355695100963414,
    8.355695100963414,
    8.355695100963414,
    8.355695100963414,
    8.355695100963414,
    8.355695100963414,
    8.355695100963414,
    8.355695100963414,
    8.355695100963414,
    8.355695100963414,
    8.355695100963414,
    8.355695100963414,
    8.355695100963414,
    8.355695100963414,
    8.355695100963414,
    8.355695100963414,
    8.355695100963414,
    8.355695100963414,
    8.355695100963414,
    8.355695100963414,
    8.355695100963414,
    8.355695100963414,
    8.355695100963414,
    8.355695100963414,
    8.355695100963414,
    8.355695100963414,
    8.355695100963414,
    8.355695100963414,
    8.355695100963414,
    8.355695100963414,
    8.355695100963414,
    8.355695100963414,
    8.355695100963414,
    8.355695100963414,
    8.355695100963414,
    8.355695100963414,
    8.355695100963414,
    8.355695100963414,
    8.355695100963414,
    8.355695100963414,
    8.355695100963414,
    8.355695100963414,
    8.355695100963414,
    8.355695100963414,
    8.355695100963414,
    8.355695100963414,
    8.355695100963414,
    8.355695100963414,
    8.355695100963414,
    8.355695100963414,
    8.355695100963414,
    8.355695100963414,
    8.355695100963414,
    8.355695100963414,
    8.355695100963414,
    8.355695100963414,
    8.355695100963414,
    8.355695100963414,
    8.355695100963414,
    8.355695100963414,
    8.355695100963414,
    8.355695100963414,
    8.355695100963414,
    8.355695100963414,
    8.355695100963414,
    8.355695100963414,
    8.355695100963414,
    8.355695100963414,
    8.355695100963414,
    8.355695100963414,
    8.355695100963414,
    8.355695100963414,
    8.355695100963414,
    8.355695100963414,
    8.355695100963414,
    8.355695100963414,
    8.355695100963414
  ],
  "config": {
    "n_devices": 50,
    "gamma": 100,
    "alpha": 0.5,
    "local_epochs": 5,
    "local_lr": 0.01,
    "local_momentum": 0.9,
    "distill_epochs": 1,
    "distill_lr": 0.001,
    "temperature": 3.0,
    "public_samples": 20000,
    "synthetic": false,
    "heterogeneity": {
      "config_file": "config/devices/heterogeneity.yaml",