{
  "label": "expC_noldp_s42",
  "phase": 1,
  "exp": "C",
  "method": "PAID-FD",
  "seed": 42,
  "desc": "Ablation: no LDP (oracle upper bound)",
  "dataset": "cifar100",
  "summary": {
    "label": "expC_noldp_s42",
    "exp": "C",
    "method": "PAID-FD",
    "seed": 42,
    "desc": "Ablation: no LDP (oracle upper bound)",
    "final_acc": 0.6154,
    "best_acc": 0.62,
    "avg_participation": 0.8199999999999998,
    "avg_price": 3.3373437746861145,
    "avg_eps_per_round": 2.7792384981356686,
    "cumulative_payment": 30635.97521400297,
    "avg_privacy_spent": 277.92384981356685,
    "max_privacy_spent": 739.4161011510307,
    "time_to_targets": {
      "0.45": 3,
      "0.5": 8,
      "0.55": 16,
      "0.58": 22,
      "0.6": 40
    },
    "elapsed_sec": 13138.84956407547
  },
  "accuracies": [
    0.41,
    0.4202,
    0.4373,
    0.4544,
    0.4864,
    0.4829,
    0.4891,
    0.4997,
    0.5108,
    0.5196,
    0.5255,
    0.5449,
    0.534,
    0.5459,
    0.5449,
    0.5497,
    0.5621,
    0.5764,
    0.5645,
    0.5776,
    0.5747,
    0.5605,
    0.5801,
    0.5883,
    0.5862,
    0.5943,
    0.5741,
    0.5811,
    0.5871,
    0.5889,
    0.5863,
    0.5915,
    0.5939,
    0.5929,
    0.5949,
    0.5996,
    0.5915,
    0.5978,
    0.5985,
    0.5951,
    0.6004,
    0.5997,
    0.592,
    0.6005,
    0.6012,
    0.6028,
    0.6093,
    0.6044,
    0.6044,
    0.6029,
    0.6,
    0.6029,
    0.6004,
    0.603,
    0.6008,
    0.6057,
    0.6058,
    0.6068,
    0.6001,
    0.604,
    0.6099,
    0.6071,
    0.6065,
    0.6052,
    0.6067,
    0.6086,
    0.6123,
    0.6152,
    0.608,
    0.6063,
    0.6041,
    0.6082,
    0.6066,
    0.612,
    0.6111,
    0.6142,
    0.6108,
    0.6073,
    0.6147,
    0.6136,
    0.6116,
    0.6165,
    0.6166,
    0.6175,
    0.6148,
    0.6121,
    0.6109,
    0.6157,
    0.6094,
    0.6066,
    0.6135,
    0.6131,
    0.62,
    0.6193,
    0.6129,
    0.6143,
    0.6108,
    0.6137,
    0.6153,
    0.6154
  ],
  "participation_rates": [
    0.82,
    0.82,
    0.82,
    0.82,
    0.82,
    0.82,
    0.82,
    0.82,
    0.82,
    0.82,
    0.82,
    0.82,
    0.82,
    0.82,
    0.82,
    0.82,
    0.82,
    0.82,
    0.82,
    0.82,
    0.82,
    0.82,
    0.82,
    0.82,
    0.82,
    0.82,
    0.82,
    0.82,
    0.82,
    0.82,
    0.82,
    0.82,
    0.82,
    0.82,
    0.82,
    0.82,
    0.82,
    0.82,
    0.82,
    0.82,
    0.82,
    0.82,
    0.82,
    0.82,
    0.82,
    0.82,
    0.82,
    0.82,
    0.82,
    0.82,
    0.82,
    0.82,
    0.82,
    0.82,
    0.82,
    0.82,
    0.82,
    0.82,
    0.82,
    0.82,
    0.82,
    0.82,
    0.82,
    0.82,
    0.82,
    0.82,
    0.82,
    0.82,
    0.82,
    0.82,
    0.82,
    0.82,
    0.82,
    0.82,
    0.82,
    0.82,
    0.82,
    0.82,
    0.82,
    0.82,
    0.82,
    0.82,
    0.82,
    0.82,
    0.82,
    0.82,
    0.82,
    0.82,
    0.82,
    0.82,
    0.82,
    0.82,
    0.82,
    0.82,
    0.82,
    0.82,
    0.82,
    0.82,
    0.82,
    0.82
  ],
  "prices": [
    3.337343774686114,
    3.337343774686114,
    3.337343774686114,
    3.337343774686114,
    3.337343774686114,
    3.337343774686114,
    3.337343774686114,
    3.337343774686114,
    3.337343774686114,
    3.337343774686114,
    3.337343774686114,
    3.337343774686114,
    3.337343774686114,
    3.337343774686114,
    3.337343774686114,
    3.337343774686114,
    3.337343774686114,
    3.337343774686114,
    3.337343774686114,
    3.337343774686114,
    3.337343774686114,
    3.337343774686114,
    3.337343774686114,
    3.337343774686114,
    3.337343774686114,
    3.337343774686114,
    3.337343774686114,
    3.337343774686114,
    3.337343774686114,
    3.337343774686114,
    3.337343774686114,
    3.337343774686114,
    3.337343774686114,
    3.337343774686114,
    3.337343774686114,
    3.337343774686114,
    3.337343774686114,
    3.337343774686114,
    3.337343774686114,
    3.337343774686114,
    3.337343774686114,
    3.337343774686114,
    3.337343774686114,
    3.337343774686114,
    3.337343774686114,
    3.337343774686114,
    3.337343774686114,
    3.337343774686114,
    3.337343774686114,
    3.337343774686114,
    3.337343774686114,
    3.337343774686114,
    3.337343774686114,
    3.337343774686114,
    3.337343774686114,
    3.337343774686114,
    3.337343774686114,
    3.337343774686114,
    3.337343774686114,
    3.337343774686114,
    3.337343774686114,
    3.337343774686114,
    3.337343774686114,
    3.337343774686114,
    3.337343774686114,
    3.337343774686114,
    3.337343774686114,
    3.337343774686114,
    3.337343774686114,
    3.337343774686114,
    3.337343774686114,
    3.337343774686114,
    3.337343774686114,
    3.337343774686114,
    3.337343774686114,
    3.337343774686114,
    3.337343774686114,
    3.337343774686114,
    3.337343774686114,
    3.337343774686114,
    3.337343774686114,
    3.337343774686114,
    3.337343774686114,
    3.337343774686114,
    3.337343774686114,
    3.337343774686114,
    3.337343774686114,
    3.337343774686114,
    3.337343774686114,
    3.337343774686114,
    3.337343774686114,
    3.337343774686114,
    3.337343774686114,
    3.337343774686114,
    3.337343774686114,
    3.337343774686114,
    3.337343774686114,
    3.337343774686114,
    3.337343774686114,
    3.337343774686114
  ],
  "avg_eps": [
    2.779238498135668,
    2.779238498135668,
    2.779238498135668,
    2.779238498135668,
    2.779238498135668,
    2.779238498135668,
    2.779238498135668,
    2.779238498135668,
    2.779238498135668,
    2.779238498135668,
    2.779238498135668,
    2.779238498135668,
    2.779238498135668,
    2.779238498135668,
    2.779238498135668,
    2.779238498135668,
    2.779238498135668,
    2.779238498135668,
    2.779238498135668,
    2.779238498135668,
    2.779238498135668,
    2.779238498135668,
    2.779238498135668,
    2.779238498135668,
    2.779238498135668,
    2.779238498135668,
    2.779238498135668,
    2.779238498135668,
    2.779238498135668,
    2.779238498135668,
    2.779238498135668,
    2.779238498135668,
    2.779238498135668,
    2.779238498135668,
    2.779238498135668,
    2.779238498135668,
    2.779238498135668,
    2.779238498135668,
    2.779238498135668,
    2.779238498135668,
    2.779238498135668,
    2.779238498135668,
    2.779238498135668,
    2.779238498135668,
    2.779238498135668,
    2.779238498135668,
    2.779238498135668,
    2.779238498135668,
    2.779238498135668,
    2.779238498135668,
    2.779238498135668,
    2.779238498135668,
    2.779238498135668,
    2.779238498135668,
    2.779238498135668,
    2.779238498135668,
    2.779238498135668,
    2.779238498135668,
    2.779238498135668,
    2.779238498135668,
    2.779238498135668,
    2.779238498135668,
    2.779238498135668,
    2.779238498135668,
    2.779238498135668,
    2.779238498135668,
    2.779238498135668,
    2.779238498135668,
    2.779238498135668,
    2.779238498135668,
    2.779238498135668,
    2.779238498135668,
    2.779238498135668,
    2.779238498135668,
    2.779238498135668,
    2.779238498135668,
    2.779238498135668,
    2.779238498135668,
    2.779238498135668,
    2.779238498135668,
    2.779238498135668,
    2.779238498135668,
    2.779238498135668,
    2.779238498135668,
    2.779238498135668,
    2.779238498135668,
    2.779238498135668,
    2.779238498135668,
    2.779238498135668,
    2.779238498135668,
    2.779238498135668,
    2.779238498135668,
    2.779238498135668,
    2.779238498135668,
    2.779238498135668,
    2.779238498135668,
    2.779238498135668,
    2.779238498135668,
    2.779238498135668,
    2.779238498135668
  ],
  "config": {
    "n_devices": 50,
    "gamma": 5,
    "alpha": 0.5,
    "local_epochs": 5,
    "local_lr": 0.01,
    "local_momentum": 0.9,
    "distill_epochs": 1,
    "distill_lr": 0.001,
    "temperature": 3.0,
    "public_samples": 20000,
    "synthetic": false,