{
  "label": "expC_fullpart_s123",
  "phase": 1,
  "exp": "C",
  "method": "PAID-FD",
  "seed": 123,
  "desc": "Ablation: forced full participation (\u03b3=100)",
  "dataset": "cifar100",
  "summary": {
    "label": "expC_fullpart_s123",
    "exp": "C",
    "method": "PAID-FD",
    "seed": 123,
    "desc": "Ablation: forced full participation (\u03b3=100)",
    "final_acc": 0.6156,
    "best_acc": 0.6182,
    "avg_participation": 1.0,
    "avg_price": 19.999046727321854,
    "avg_eps_per_round": 8.427130201923191,
    "cumulative_payment": 431651.55294529354,
    "avg_privacy_spent": 842.713020192319,
    "max_privacy_spent": 2204.3737518458533,
    "time_to_targets": {
      "0.45": 4,
      "0.5": 9,
      "0.55": 15,
      "0.58": 22,
      "0.6": 38
    },
    "elapsed_sec": 16345.24974822998
  },
  "accuracies": [
    0.3863,
    0.4128,
    0.4341,
    0.4436,
    0.4668,
    0.4749,
    0.484,
    0.4931,
    0.4997,
    0.5235,
    0.5224,
    0.5257,
    0.5245,
    0.5433,
    0.5499,
    0.554,
    0.5488,
    0.5446,
    0.5652,
    0.5654,
    0.577,
    0.5751,
    0.5835,
    0.583,
    0.587,
    0.5857,
    0.583,
    0.5847,
    0.5921,
    0.5904,
    0.5912,
    0.5933,
    0.586,
    0.5938,
    0.5863,
    0.5955,
    0.5915,
    0.5996,
    0.6006,
    0.5947,
    0.5999,
    0.5948,
    0.599,
    0.6036,
    0.5967,
    0.5976,
    0.5958,
    0.6001,
    0.6046,
    0.6084,
    0.603,
    0.5979,
    0.6031,
    0.6065,
    0.6041,
    0.6016,
    0.6076,
    0.6083,
    0.6042,
    0.6053,
    0.5981,
    0.6023,
    0.6073,
    0.6061,
    0.6074,
    0.6105,
    0.6104,
    0.6083,
    0.6122,
    0.6115,
    0.6182,
    0.6097,
    0.6104,
    0.6065,
    0.6101,
    0.6025,
    0.6095,
    0.607,
    0.6084,
    0.6111,
    0.6052,
    0.6118,
    0.6055,
    0.6123,
    0.6137,
    0.6114,
    0.6127,
    0.6143,
    0.617,
    0.6121,
    0.6129,
    0.6118,
    0.6151,
    0.6093,
    0.6161,
    0.6124,
    0.6152,
    0.6025,
    0.6163,
    0.6156
  ],
  "participation_rates": [
    1.0,
    1.0,
    1.0,
    1.0,
    1.0,
    1.0,
    1.0,
    1.0,
    1.0,
    1.0,
    1.0,
    1.0,
    1.0,
    1.0,
    1.0,
    1.0,
    1.0,
    1.0,
    1.0,
    1.0,
    1.0,
    1.0,
    1.0,
    1.0,
    1.0,
    1.0,
    1.0,
    1.0,
    1.0,
    1.0,
    1.0,
    1.0,
    1.0,
    1.0,
    1.0,
    1.0,
    1.0,
    1.0,
    1.0,
    1.0,
    1.0,
    1.0,
    1.0,
    1.0,
    1.0,
    1.0,
    1.0,
    1.0,
    1.0,
    1.0,
    1.0,
    1.0,
    1.0,
    1.0,
    1.0,
    1.0,
    1.0,
    1.0,
    1.0,
    1.0,
    1.0,
    1.0,
    1.0,
    1.0,
    1.0,
    1.0,
    1.0,
    1.0,
    1.0,
    1.0,
    1.0,
    1.0,
    1.0,
    1.0,
    1.0,
    1.0,
    1.0,
    1.0,
    1.0,
    1.0,
    1.0,
    1.0,
    1.0,
    1.0,
    1.0,
    1.0,
    1.0,
    1.0,
    1.0,
    1.0,
    1.0,
    1.0,
    1.0,
    1.0,
    1.0,
    1.0,
    1.0,
    1.0,
    1.0,
    1.0
  ],
  "prices": [
    19.999046727321847,
    19.999046727321847,
    19.999046727321847,
    19.999046727321847,
    19.999046727321847,
    19.999046727321847,
    19.999046727321847,
    19.999046727321847,
    19.999046727321847,
    19.999046727321847,
    19.999046727321847,
    19.999046727321847,
    19.999046727321847,
    19.999046727321847,
    19.999046727321847,
    19.999046727321847,
    19.999046727321847,
    19.999046727321847,
    19.999046727321847,
    19.999046727321847,
    19.999046727321847,
    19.999046727321847,
    19.999046727321847,
    19.999046727321847,
    19.999046727321847,
    19.999046727321847,
    19.999046727321847,
    19.999046727321847,
    19.999046727321847,
    19.999046727321847,
    19.999046727321847,
    19.999046727321847,
    19.999046727321847,
    19.999046727321847,
    19.999046727321847,
    19.999046727321847,
    19.999046727321847,
    19.999046727321847,
    19.999046727321847,
    19.999046727321847,
    19.999046727321847,
    19.999046727321847,
    19.999046727321847,
    19.999046727321847,
    19.999046727321847,
    19.999046727321847,
    19.999046727321847,
    19.999046727321847,
    19.999046727321847,
    19.999046727321847,
    19.999046727321847,
    19.999046727321847,
    19.999046727321847,
    19.999046727321847,
    19.999046727321847,
    19.999046727321847,
    19.999046727321847,
    19.999046727321847,
    19.999046727321847,
    19.999046727321847,
    19.999046727321847,
    19.999046727321847,
    19.999046727321847,
    19.999046727321847,
    19.999046727321847,
    19.999046727321847,
    19.999046727321847,
    19.999046727321847,
    19.999046727321847,
    19.999046727321847,
    19.999046727321847,
    19.999046727321847,
    19.999046727321847,
    19.999046727321847,
    19.999046727321847,
    19.999046727321847,
    19.999046727321847,
    19.999046727321847,
    19.999046727321847,
    19.999046727321847,
    19.999046727321847,
    19.999046727321847,
    19.999046727321847,
    19.999046727321847,
    19.999046727321847,
    19.999046727321847,
    19.999046727321847,
    19.999046727321847,
    19.999046727321847,
    19.999046727321847,
    19.999046727321847,
    19.999046727321847,
    19.999046727321847,
    19.999046727321847,
    19.999046727321847,
    19.999046727321847,
    19.999046727321847,
    19.999046727321847,
    19.999046727321847,
    19.999046727321847
  ],
  "avg_eps": [
    8.427130201923191,
    8.427130201923191,
    8.427130201923191,
    8.427130201923191,
    8.427130201923191,
    8.427130201923191,
    8.427130201923191,
    8.427130201923191,
    8.427130201923191,
    8.427130201923191,
    8.427130201923191,
    8.427130201923191,
    8.427130201923191,
    8.427130201923191,
    8.427130201923191,
    8.427130201923191,
    8.427130201923191,
    8.427130201923191,
    8.427130201923191,
    8.427130201923191,
    8.427130201923191,
    8.427130201923191,
    8.427130201923191,
    8.427130201923191,
    8.427130201923191,
    8.427130201923191,
    8.427130201923191,
    8.427130201923191,
    8.427130201923191,
    8.427130201923191,
    8.427130201923191,
    8.427130201923191,
    8.427130201923191,
    8.427130201923191,
    8.427130201923191,
    8.427130201923191,
    8.427130201923191,
    8.427130201923191,
    8.427130201923191,
    8.427130201923191,
    8.427130201923191,
    8.427130201923191,
    8.427130201923191,
    8.427130201923191,
    8.427130201923191,
    8.427130201923191,
    8.427130201923191,
    8.427130201923191,
    8.427130201923191,
    8.427130201923191,
    8.427130201923191,
    8.427130201923191,
    8.427130201923191,
    8.427130201923191,
    8.427130201923191,
    8.427130201923191,
    8.427130201923191,
    8.427130201923191,
    8.427130201923191,
    8.427130201923191,
    8.427130201923191,
    8.427130201923191,
    8.427130201923191,
    8.427130201923191,
    8.427130201923191,
    8.427130201923191,
    8.427130201923191,
    8.427130201923191,
    8.427130201923191,
    8.427130201923191,
    8.427130201923191,
    8.427130201923191,
    8.427130201923191,
    8.427130201923191,
    8.427130201923191,
    8.427130201923191,
    8.427130201923191,
    8.427130201923191,
    8.427130201923191,
    8.427130201923191,
    8.427130201923191,
    8.427130201923191,
    8.427130201923191,
    8.427130201923191,
    8.427130201923191,
    8.427130201923191,
    8.427130201923191,
    8.427130201923191,
    8.427130201923191,
    8.427130201923191,
    8.427130201923191,
    8.427130201923191,
    8.427130201923191,
    8.427130201923191,
    8.427130201923191,
    8.427130201923191,
    8.427130201923191,
    8.427130201923191,
    8.427130201923191,
    8.427130201923191
  ],
  "config": {
    "n_devices": 50,
    "gamma": 100,
    "alpha": 0.5,
    "local_epochs": 5,
    "local_lr": 0.01,
    "local_momentum": 0.9,
    "distill_epochs": 1,
    "distill_lr": 0.001,
    "temperature": 3.0,
    "public_samples": 20000,
    "synthetic": false,