{
  "label": "expC_fullpart_s42",
  "phase": 1,
  "exp": "C",
  "method": "PAID-FD",
  "seed": 42,
  "desc": "Ablation: forced full participation (\u03b3=100)",
  "dataset": "cifar100",
  "summary": {
    "label": "expC_fullpart_s42",
    "exp": "C",
    "method": "PAID-FD",
    "seed": 42,
    "desc": "Ablation: forced full participation (\u03b3=100)",
    "final_acc": 0.612,
    "best_acc": 0.6209,
    "avg_participation": 1.0,
    "avg_price": 20.058288690478502,
    "avg_eps_per_round": 8.493366367855659,
    "cumulative_payment": 431687.8903709007,
    "avg_privacy_spent": 849.336636785566,
    "max_privacy_spent": 2265.5497278431244,
    "time_to_targets": {
      "0.45": 2,
      "0.5": 6,
      "0.55": 13,
      "0.58": 21,
      "0.6": 37
    },
    "elapsed_sec": 16725.13152527809
  },
  "accuracies": [
    0.3861,
    0.3789,
    0.4502,
    0.4684,
    0.4793,
    0.4871,
    0.5089,
    0.5062,
    0.5159,
    0.5243,
    0.5287,
    0.5305,
    0.5464,
    0.5527,
    0.5582,
    0.5646,
    0.545,
    0.5741,
    0.5644,
    0.5722,
    0.5641,
    0.5811,
    0.5706,
    0.588,
    0.5878,
    0.5868,
    0.5778,
    0.586,
    0.5927,
    0.5872,
    0.5959,
    0.5928,
    0.5983,
    0.5952,
    0.5908,
    0.5983,
    0.598,
    0.6056,
    0.5994,
    0.5986,
    0.603,
    0.6045,
    0.5981,
    0.5996,
    0.5893,
    0.6041,
    0.6036,
    0.6037,
    0.6034,
    0.6031,
    0.5977,
    0.6013,
    0.6093,
    0.6087,
    0.6063,
    0.6039,
    0.6101,
    0.6095,
    0.6065,
    0.6063,
    0.6109,
    0.5963,
    0.6055,
    0.613,
    0.6089,
    0.609,
    0.6134,
    0.6102,
    0.6113,
    0.6162,
    0.6099,
    0.609,
    0.6162,
    0.6062,
    0.6142,
    0.61,
    0.6114,
    0.6083,
    0.6116,
    0.6172,
    0.6116,
    0.6121,
    0.6194,
    0.6157,
    0.618,
    0.6209,
    0.6083,
    0.618,
    0.6195,
    0.6148,
    0.615,
    0.614,
    0.6096,
    0.6168,
    0.6169,
    0.6141,
    0.6131,
    0.615,
    0.6171,
    0.612
  ],
  "participation_rates": [
    1.0,
    1.0,
    1.0,
    1.0,
    1.0,
    1.0,
    1.0,
    1.0,
    1.0,
    1.0,
    1.0,
    1.0,
    1.0,
    1.0,
    1.0,
    1.0,
    1.0,
    1.0,
    1.0,
    1.0,
    1.0,
    1.0,
    1.0,
    1.0,
    1.0,
    1.0,
    1.0,
    1.0,
    1.0,
    1.0,
    1.0,
    1.0,
    1.0,
    1.0,
    1.0,
    1.0,
    1.0,
    1.0,
    1.0,
    1.0,
    1.0,
    1.0,
    1.0,
    1.0,
    1.0,
    1.0,
    1.0,
    1.0,
    1.0,
    1.0,
    1.0,
    1.0,
    1.0,
    1.0,
    1.0,
    1.0,
    1.0,
    1.0,
    1.0,
    1.0,
    1.0,
    1.0,
    1.0,
    1.0,
    1.0,
    1.0,
    1.0,
    1.0,
    1.0,
    1.0,
    1.0,
    1.0,
    1.0,
    1.0,
    1.0,
    1.0,
    1.0,
    1.0,
    1.0,
    1.0,
    1.0,
    1.0,
    1.0,
    1.0,
    1.0,
    1.0,
    1.0,
    1.0,
    1.0,
    1.0,
    1.0,
    1.0,
    1.0,
    1.0,
    1.0,
    1.0,
    1.0,
    1.0,
    1.0,
    1.0
  ],
  "prices": [
    20.058288690478506,
    20.058288690478506,
    20.058288690478506,
    20.058288690478506,
    20.058288690478506,
    20.058288690478506,
    20.058288690478506,
    20.058288690478506,
    20.058288690478506,
    20.058288690478506,
    20.058288690478506,
    20.058288690478506,
    20.058288690478506,
    20.058288690478506,
    20.058288690478506,
    20.058288690478506,
    20.058288690478506,
    20.058288690478506,
    20.058288690478506,
    20.058288690478506,
    20.058288690478506,
    20.058288690478506,
    20.058288690478506,
    20.058288690478506,
    20.058288690478506,
    20.058288690478506,
    20.058288690478506,
    20.058288690478506,
    20.058288690478506,
    20.058288690478506,
    20.058288690478506,
    20.058288690478506,
    20.058288690478506,
    20.058288690478506,
    20.058288690478506,
    20.058288690478506,
    20.058288690478506,
    20.058288690478506,
    20.058288690478506,
    20.058288690478506,
    20.058288690478506,
    20.058288690478506,
    20.058288690478506,
    20.058288690478506,
    20.058288690478506,
    20.058288690478506,
    20.058288690478506,
    20.058288690478506,
    20.058288690478506,
    20.058288690478506,
    20.058288690478506,
    20.058288690478506,
    20.058288690478506,
    20.058288690478506,
    20.058288690478506,
    20.058288690478506,
    20.058288690478506,
    20.058288690478506,
    20.058288690478506,
    20.058288690478506,
    20.058288690478506,
    20.058288690478506,
    20.058288690478506,
    20.058288690478506,
    20.058288690478506,
    20.058288690478506,
    20.058288690478506,
    20.058288690478506,
    20.058288690478506,
    20.058288690478506,
    20.058288690478506,
    20.058288690478506,
    20.058288690478506,
    20.058288690478506,
    20.058288690478506,
    20.058288690478506,
    20.058288690478506,
    20.058288690478506,
    20.058288690478506,
    20.058288690478506,
    20.058288690478506,
    20.058288690478506,
    20.058288690478506,
    20.058288690478506,
    20.058288690478506,
    20.058288690478506,
    20.058288690478506,
    20.058288690478506,
    20.058288690478506,
    20.058288690478506,
    20.058288690478506,
    20.058288690478506,
    20.058288690478506,
    20.058288690478506,
    20.058288690478506,
    20.058288690478506,
    20.058288690478506,
    20.058288690478506,
    20.058288690478506,
    20.058288690478506
  ],
  "avg_eps": [
    8.493366367855662,
    8.493366367855662,
    8.493366367855662,
    8.493366367855662,
    8.493366367855662,
    8.493366367855662,
    8.493366367855662,
    8.493366367855662,
    8.493366367855662,
    8.493366367855662,
    8.493366367855662,
    8.493366367855662,
    8.493366367855662,
    8.493366367855662,
    8.493366367855662,
    8.493366367855662,
    8.493366367855662,
    8.493366367855662,
    8.493366367855662,
    8.493366367855662,
    8.493366367855662,
    8.493366367855662,
    8.493366367855662,
    8.493366367855662,
    8.493366367855662,
    8.493366367855662,
    8.493366367855662,
    8.493366367855662,
    8.493366367855662,
    8.493366367855662,
    8.493366367855662,
    8.493366367855662,
    8.493366367855662,
    8.493366367855662,
    8.493366367855662,
    8.493366367855662,
    8.493366367855662,
    8.493366367855662,
    8.493366367855662,
    8.493366367855662,
    8.493366367855662,
    8.493366367855662,
    8.493366367855662,
    8.493366367855662,
    8.493366367855662,
    8.493366367855662,
    8.493366367855662,
    8.493366367855662,
    8.493366367855662,
    8.493366367855662,
    8.493366367855662,
    8.493366367855662,
    8.493366367855662,
    8.493366367855662,
    8.493366367855662,
    8.493366367855662,
    8.493366367855662,
    8.493366367855662,
    8.493366367855662,
    8.493366367855662,
    8.493366367855662,
    8.493366367855662,
    8.493366367855662,
    8.493366367855662,
    8.493366367855662,
    8.493366367855662,
    8.493366367855662,
    8.493366367855662,
    8.493366367855662,
    8.493366367855662,
    8.493366367855662,
    8.493366367855662,
    8.493366367855662,
    8.493366367855662,
    8.493366367855662,
    8.493366367855662,
    8.493366367855662,
    8.493366367855662,
    8.493366367855662,
    8.493366367855662,
    8.493366367855662,
    8.493366367855662,
    8.493366367855662,
    8.493366367855662,
    8.493366367855662,
    8.493366367855662,
    8.493366367855662,
    8.493366367855662,
    8.493366367855662,
    8.493366367855662,
    8.493366367855662,
    8.493366367855662,
    8.493366367855662,
    8.493366367855662,
    8.493366367855662,
    8.493366367855662,
    8.493366367855662,
    8.493366367855662,
    8.493366367855662,
    8.493366367855662
  ],
  "config": {
    "n_devices": 50,
    "gamma": 100,
    "alpha": 0.5,
    "local_epochs": 5,
    "local_lr": 0.01,
    "local_momentum": 0.9,
    "distill_epochs": 1,
    "distill_lr": 0.001,
    "temperature": 3.0,
    "public_samples": 20000,
    "synthetic": false,