{
  "label": "expD_paidfd_cifar10_s42",
  "phase": 2,
  "exp": "D",
  "method": "PAID-FD",
  "seed": 42,
  "desc": "PAID-FD on CIFAR-10",
  "dataset": "cifar10",
  "summary": {
    "label": "expD_paidfd_cifar10_s42",
    "exp": "D",
    "method": "PAID-FD",
    "seed": 42,
    "desc": "PAID-FD on CIFAR-10",
    "final_acc": 0.846,
    "best_acc": 0.8561,
    "avg_participation": 0.8199999999999998,
    "avg_price": 3.3373437746861145,
    "avg_eps_per_round": 2.7792384981356686,
    "cumulative_payment": 30635.97521400297,
    "avg_privacy_spent": 277.92384981356685,
    "max_privacy_spent": 739.4161011510307,
    "time_to_targets": {
      "0.45": 0,
      "0.5": 0,
      "0.55": 0,
      "0.58": 0,
      "0.6": 0
    },
    "elapsed_sec": 9254.584610939026
  },
  "accuracies": [
    0.6836,
    0.6899,
    0.7238,
    0.7144,
    0.7228,
    0.7477,
    0.7483,
    0.7562,
    0.773,
    0.7779,
    0.7749,
    0.769,
    0.7872,
    0.795,
    0.7992,
    0.7914,
    0.8041,
    0.803,
    0.8027,
    0.7969,
    0.8121,
    0.8164,
    0.8156,
    0.8164,
    0.8053,
    0.8211,
    0.8137,
    0.8159,
    0.8132,
    0.8276,
    0.8308,
    0.8277,
    0.8284,
    0.823,
    0.8164,
    0.8269,
    0.8232,
    0.8327,
    0.8325,
    0.832,
    0.8316,
    0.8266,
    0.8424,
    0.8377,
    0.8323,
    0.8373,
    0.841,
    0.8333,
    0.8324,
    0.8362,
    0.8409,
    0.8338,
    0.8344,
    0.8385,
    0.8357,
    0.8382,
    0.8404,
    0.8176,
    0.8395,
    0.844,
    0.8446,
    0.8464,
    0.8473,
    0.8448,
    0.8402,
    0.842,
    0.8506,
    0.8394,
    0.8373,
    0.8417,
    0.8434,
    0.8316,
    0.8396,
    0.8489,
    0.8459,
    0.8478,
    0.85,
    0.8475,
    0.8427,
    0.8457,
    0.8445,
    0.8466,
    0.837,
    0.8457,
    0.8519,
    0.8475,
    0.8496,
    0.8539,
    0.8508,
    0.8533,
    0.8499,
    0.8561,
    0.8507,
    0.8511,
    0.8553,
    0.8537,
    0.8504,
    0.8542,
    0.852,
    0.846
  ],
  "participation_rates": [
    0.82,
    0.82,
    0.82,
    0.82,
    0.82,
    0.82,
    0.82,
    0.82,
    0.82,
    0.82,
    0.82,
    0.82,
    0.82,
    0.82,
    0.82,
    0.82,
    0.82,
    0.82,
    0.82,
    0.82,
    0.82,
    0.82,
    0.82,
    0.82,
    0.82,
    0.82,
    0.82,
    0.82,
    0.82,
    0.82,
    0.82,
    0.82,
    0.82,
    0.82,
    0.82,
    0.82,
    0.82,
    0.82,
    0.82,
    0.82,
    0.82,
    0.82,
    0.82,
    0.82,
    0.82,
    0.82,
    0.82,
    0.82,
    0.82,
    0.82,
    0.82,
    0.82,
    0.82,
    0.82,
    0.82,
    0.82,
    0.82,
    0.82,
    0.82,
    0.82,
    0.82,
    0.82,
    0.82,
    0.82,
    0.82,
    0.82,
    0.82,
    0.82,
    0.82,
    0.82,
    0.82,
    0.82,
    0.82,
    0.82,
    0.82,
    0.82,
    0.82,
    0.82,
    0.82,
    0.82,
    0.82,
    0.82,
    0.82,
    0.82,
    0.82,
    0.82,
    0.82,
    0.82,
    0.82,
    0.82,
    0.82,
    0.82,
    0.82,
    0.82,
    0.82,
    0.82,
    0.82,
    0.82,
    0.82,
    0.82
  ],
  "prices": [
    3.337343774686114,
    3.337343774686114,
    3.337343774686114,
    3.337343774686114,
    3.337343774686114,
    3.337343774686114,
    3.337343774686114,
    3.337343774686114,
    3.337343774686114,
    3.337343774686114,
    3.337343774686114,
    3.337343774686114,
    3.337343774686114,
    3.337343774686114,
    3.337343774686114,
    3.337343774686114,
    3.337343774686114,
    3.337343774686114,
    3.337343774686114,
    3.337343774686114,
    3.337343774686114,
    3.337343774686114,
    3.337343774686114,
    3.337343774686114,
    3.337343774686114,
    3.337343774686114,
    3.337343774686114,
    3.337343774686114,
    3.337343774686114,
    3.337343774686114,
    3.337343774686114,
    3.337343774686114,
    3.337343774686114,
    3.337343774686114,
    3.337343774686114,
    3.337343774686114,
    3.337343774686114,
    3.337343774686114,
    3.337343774686114,
    3.337343774686114,
    3.337343774686114,
    3.337343774686114,
    3.337343774686114,
    3.337343774686114,
    3.337343774686114,
    3.337343774686114,
    3.337343774686114,
    3.337343774686114,
    3.337343774686114,
    3.337343774686114,
    3.337343774686114,
    3.337343774686114,
    3.337343774686114,
    3.337343774686114,
    3.337343774686114,
    3.337343774686114,
    3.337343774686114,
    3.337343774686114,
    3.337343774686114,
    3.337343774686114,
    3.337343774686114,
    3.337343774686114,
    3.337343774686114,
    3.337343774686114,
    3.337343774686114,
    3.337343774686114,
    3.337343774686114,
    3.337343774686114,
    3.337343774686114,
    3.337343774686114,
    3.337343774686114,
    3.337343774686114,
    3.337343774686114,
    3.337343774686114,
    3.337343774686114,
    3.337343774686114,
    3.337343774686114,
    3.337343774686114,
    3.337343774686114,
    3.337343774686114,
    3.337343774686114,
    3.337343774686114,
    3.337343774686114,
    3.337343774686114,
    3.337343774686114,
    3.337343774686114,
    3.337343774686114,
    3.337343774686114,
    3.337343774686114,
    3.337343774686114,
    3.337343774686114,
    3.337343774686114,
    3.337343774686114,
    3.337343774686114,
    3.337343774686114,
    3.337343774686114,
    3.337343774686114,
    3.337343774686114,
    3.337343774686114,
    3.337343774686114
  ],
  "avg_eps": [
    2.779238498135668,
    2.779238498135668,
    2.779238498135668,
    2.779238498135668,
    2.779238498135668,
    2.779238498135668,
    2.779238498135668,
    2.779238498135668,
    2.779238498135668,
    2.779238498135668,
    2.779238498135668,
    2.779238498135668,
    2.779238498135668,
    2.779238498135668,
    2.779238498135668,
    2.779238498135668,
    2.779238498135668,
    2.779238498135668,
    2.779238498135668,
    2.779238498135668,
    2.779238498135668,
    2.779238498135668,
    2.779238498135668,
    2.779238498135668,
    2.779238498135668,
    2.779238498135668,
    2.779238498135668,
    2.779238498135668,
    2.779238498135668,
    2.779238498135668,
    2.779238498135668,
    2.779238498135668,
    2.779238498135668,
    2.779238498135668,
    2.779238498135668,
    2.779238498135668,
    2.779238498135668,
    2.779238498135668,
    2.779238498135668,
    2.779238498135668,
    2.779238498135668,
    2.779238498135668,
    2.779238498135668,
    2.779238498135668,
    2.779238498135668,
    2.779238498135668,
    2.779238498135668,
    2.779238498135668,
    2.779238498135668,
    2.779238498135668,
    2.779238498135668,
    2.779238498135668,
    2.779238498135668,
    2.779238498135668,
    2.779238498135668,
    2.779238498135668,
    2.779238498135668,
    2.779238498135668,
    2.779238498135668,
    2.779238498135668,
    2.779238498135668,
    2.779238498135668,
    2.779238498135668,
    2.779238498135668,
    2.779238498135668,
    2.779238498135668,
    2.779238498135668,
    2.779238498135668,
    2.779238498135668,
    2.779238498135668,
    2.779238498135668,
    2.779238498135668,
    2.779238498135668,
    2.779238498135668,
    2.779238498135668,
    2.779238498135668,
    2.779238498135668,
    2.779238498135668,
    2.779238498135668,
    2.779238498135668,
    2.779238498135668,
    2.779238498135668,
    2.779238498135668,
    2.779238498135668,
    2.779238498135668,
    2.779238498135668,
    2.779238498135668,
    2.779238498135668,
    2.779238498135668,
    2.779238498135668,
    2.779238498135668,
    2.779238498135668,
    2.779238498135668,
    2.779238498135668,
    2.779238498135668,
    2.779238498135668,
    2.779238498135668,
    2.779238498135668,
    2.779238498135668,
    2.779238498135668
  ],
  "config": {
    "n_devices": 50,
    "gamma": 5,
    "alpha": 0.5,
    "local_epochs": 5,
    "local_lr": 0.01,
    "local_momentum": 0.9,
    "distill_epochs": 1,
    "distill_lr": 0.001,
    "temperature": 3.0,
    "public_samples": 20000,
    "synthetic": false,
    "heterogeneity": {
      "config_file": "config/devices/heterogeneity.yaml",