{
  "label": "expD_paidfd_cifar10_s456",
  "phase": 2,
  "exp": "D",
  "method": "PAID-FD",
  "seed": 456,
  "desc": "PAID-FD on CIFAR-10",
  "dataset": "cifar10",
  "summary": {
    "label": "expD_paidfd_cifar10_s456",
    "exp": "D",
    "method": "PAID-FD",
    "seed": 456,
    "desc": "PAID-FD on CIFAR-10",
    "final_acc": 0.8453,
    "best_acc": 0.851,
    "avg_participation": 0.7999999999999998,
    "avg_price": 3.4639974243334364,
    "avg_eps_per_round": 2.9012010767985794,
    "cumulative_payment": 31987.11465073457,
    "avg_privacy_spent": 290.12010767985777,
    "max_privacy_spent": 745.1000792670026,
    "time_to_targets": {
      "0.45": 0,
      "0.5": 0,
      "0.55": 0,
      "0.58": 0,
      "0.6": 0
    },
    "elapsed_sec": 8658.208272218704
  },
  "accuracies": [
    0.6319,
    0.6726,
    0.6836,
    0.7,
    0.7029,
    0.7041,
    0.7214,
    0.7332,
    0.7192,
    0.7285,
    0.7244,
    0.7294,
    0.7401,
    0.7594,
    0.7356,
    0.7775,
    0.7686,
    0.7733,
    0.7696,
    0.7665,
    0.7891,
    0.7831,
    0.7724,
    0.7934,
    0.7916,
    0.7946,
    0.8055,
    0.8066,
    0.7949,
    0.8129,
    0.785,
    0.7918,
    0.8191,
    0.8201,
    0.8213,
    0.8138,
    0.8163,
    0.8195,
    0.8209,
    0.8099,
    0.8061,
    0.8339,
    0.8149,
    0.8219,
    0.8264,
    0.8178,
    0.8249,
    0.8248,
    0.8349,
    0.8213,
    0.8224,
    0.8294,
    0.8357,
    0.8275,
    0.8261,
    0.838,
    0.8428,
    0.8343,
    0.8306,
    0.8388,
    0.8306,
    0.8192,
    0.8426,
    0.8295,
    0.8362,
    0.8312,
    0.8305,
    0.8399,
    0.8392,
    0.8388,
    0.8403,
    0.842,
    0.8345,
    0.8459,
    0.8399,
    0.8433,
    0.8345,
    0.8425,
    0.8439,
    0.8412,
    0.835,
    0.8343,
    0.8348,
    0.829,
    0.8346,
    0.8362,
    0.8419,
    0.8424,
    0.8453,
    0.845,
    0.8441,
    0.8431,
    0.8472,
    0.8471,
    0.8431,
    0.8395,
    0.851,
    0.8475,
    0.8372,
    0.8453
  ],
  "participation_rates": [
    0.8,
    0.8,
    0.8,
    0.8,
    0.8,
    0.8,
    0.8,
    0.8,
    0.8,
    0.8,
    0.8,
    0.8,
    0.8,
    0.8,
    0.8,
    0.8,
    0.8,
    0.8,
    0.8,
    0.8,
    0.8,
    0.8,
    0.8,
    0.8,
    0.8,
    0.8,
    0.8,
    0.8,
    0.8,
    0.8,
    0.8,
    0.8,
    0.8,
    0.8,
    0.8,
    0.8,
    0.8,
    0.8,
    0.8,
    0.8,
    0.8,
    0.8,
    0.8,
    0.8,
    0.8,
    0.8,
    0.8,
    0.8,
    0.8,
    0.8,
    0.8,
    0.8,
    0.8,
    0.8,
    0.8,
    0.8,
    0.8,
    0.8,
    0.8,
    0.8,
    0.8,
    0.8,
    0.8,
    0.8,
    0.8,
    0.8,
    0.8,
    0.8,
    0.8,
    0.8,
    0.8,
    0.8,
    0.8,
    0.8,
    0.8,
    0.8,
    0.8,
    0.8,
    0.8,
    0.8,
    0.8,
    0.8,
    0.8,
    0.8,
    0.8,
    0.8,
    0.8,
    0.8,
    0.8,
    0.8,
    0.8,
    0.8,
    0.8,
    0.8,
    0.8,
    0.8,
    0.8,
    0.8,
    0.8,
    0.8
  ],
  "prices": [
    3.463997424333436,
    3.463997424333436,
    3.463997424333436,
    3.463997424333436,
    3.463997424333436,
    3.463997424333436,
    3.463997424333436,
    3.463997424333436,
    3.463997424333436,
    3.463997424333436,
    3.463997424333436,
    3.463997424333436,
    3.463997424333436,
    3.463997424333436,
    3.463997424333436,
    3.463997424333436,
    3.463997424333436,
    3.463997424333436,
    3.463997424333436,
    3.463997424333436,
    3.463997424333436,
    3.463997424333436,
    3.463997424333436,
    3.463997424333436,
    3.463997424333436,
    3.463997424333436,
    3.463997424333436,
    3.463997424333436,
    3.463997424333436,
    3.463997424333436,
    3.463997424333436,
    3.463997424333436,
    3.463997424333436,
    3.463997424333436,
    3.463997424333436,
    3.463997424333436,
    3.463997424333436,
    3.463997424333436,
    3.463997424333436,
    3.463997424333436,
    3.463997424333436,
    3.463997424333436,
    3.463997424333436,
    3.463997424333436,
    3.463997424333436,
    3.463997424333436,
    3.463997424333436,
    3.463997424333436,
    3.463997424333436,
    3.463997424333436,
    3.463997424333436,
    3.463997424333436,
    3.463997424333436,
    3.463997424333436,
    3.463997424333436,
    3.463997424333436,
    3.463997424333436,
    3.463997424333436,
    3.463997424333436,
    3.463997424333436,
    3.463997424333436,
    3.463997424333436,
    3.463997424333436,
    3.463997424333436,
    3.463997424333436,
    3.463997424333436,
    3.463997424333436,
    3.463997424333436,
    3.463997424333436,
    3.463997424333436,
    3.463997424333436,
    3.463997424333436,
    3.463997424333436,
    3.463997424333436,
    3.463997424333436,
    3.463997424333436,
    3.463997424333436,
    3.463997424333436,
    3.463997424333436,
    3.463997424333436,
    3.463997424333436,
    3.463997424333436,
    3.463997424333436,
    3.463997424333436,
    3.463997424333436,
    3.463997424333436,
    3.463997424333436,
    3.463997424333436,
    3.463997424333436,
    3.463997424333436,
    3.463997424333436,
    3.463997424333436,
    3.463997424333436,
    3.463997424333436,
    3.463997424333436,
    3.463997424333436,
    3.463997424333436,
    3.463997424333436,
    3.463997424333436,
    3.463997424333436
  ],
  "avg_eps": [
    2.9012010767985785,
    2.9012010767985785,
    2.9012010767985785,
    2.9012010767985785,
    2.9012010767985785,
    2.9012010767985785,
    2.9012010767985785,
    2.9012010767985785,
    2.9012010767985785,
    2.9012010767985785,
    2.9012010767985785,
    2.9012010767985785,
    2.9012010767985785,
    2.9012010767985785,
    2.9012010767985785,
    2.9012010767985785,
    2.9012010767985785,
    2.9012010767985785,
    2.9012010767985785,
    2.9012010767985785,
    2.9012010767985785,
    2.9012010767985785,
    2.9012010767985785,
    2.9012010767985785,
    2.9012010767985785,
    2.9012010767985785,
    2.9012010767985785,
    2.9012010767985785,
    2.9012010767985785,
    2.9012010767985785,
    2.9012010767985785,
    2.9012010767985785,
    2.9012010767985785,
    2.9012010767985785,
    2.9012010767985785,
    2.9012010767985785,
    2.9012010767985785,
    2.9012010767985785,
    2.9012010767985785,
    2.9012010767985785,
    2.9012010767985785,
    2.9012010767985785,
    2.9012010767985785,
    2.9012010767985785,
    2.9012010767985785,
    2.9012010767985785,
    2.9012010767985785,
    2.9012010767985785,
    2.9012010767985785,
    2.9012010767985785,
    2.9012010767985785,
    2.9012010767985785,
    2.9012010767985785,
    2.9012010767985785,
    2.9012010767985785,
    2.9012010767985785,
    2.9012010767985785,
    2.9012010767985785,
    2.9012010767985785,
    2.9012010767985785,
    2.9012010767985785,
    2.9012010767985785,
    2.9012010767985785,
    2.9012010767985785,
    2.9012010767985785,
    2.9012010767985785,
    2.9012010767985785,
    2.9012010767985785,
    2.9012010767985785,
    2.9012010767985785,
    2.9012010767985785,
    2.9012010767985785,
    2.9012010767985785,
    2.9012010767985785,
    2.9012010767985785,
    2.9012010767985785,
    2.9012010767985785,
    2.9012010767985785,
    2.9012010767985785,
    2.9012010767985785,
    2.9012010767985785,
    2.9012010767985785,
    2.9012010767985785,
    2.9012010767985785,
    2.9012010767985785,
    2.9012010767985785,
    2.9012010767985785,
    2.9012010767985785,
    2.9012010767985785,
    2.9012010767985785,
    2.9012010767985785,
    2.9012010767985785,
    2.9012010767985785,
    2.9012010767985785,
    2.9012010767985785,
    2.9012010767985785,
    2.9012010767985785,
    2.9012010767985785,
    2.9012010767985785,
    2.9012010767985785
  ],
  "config": {
    "n_devices": 50,
    "gamma": 5,
    "alpha": 0.5,
    "local_epochs": 5,
    "local_lr": 0.01,
    "local_momentum": 0.9,
    "distill_epochs": 1,
    "distill_lr": 0.001,
    "temperature": 3.0,
    "public_samples": 20000,
    "synthetic": false,