{
  "label": "expD_paidfd_cifar10_s123",
  "phase": 2,
  "exp": "D",
  "method": "PAID-FD",
  "seed": 123,
  "desc": "PAID-FD on CIFAR-10",
  "dataset": "cifar10",
  "summary": {
    "label": "expD_paidfd_cifar10_s123",
    "exp": "D",
    "method": "PAID-FD",
    "seed": 123,
    "desc": "PAID-FD on CIFAR-10",
    "final_acc": 0.8364,
    "best_acc": 0.8403,
    "avg_participation": 0.7600000000000001,
    "avg_price": 3.2672887523767504,
    "avg_eps_per_round": 2.835261154944534,
    "cumulative_payment": 27911.48782385616,
    "avg_privacy_spent": 283.5261154944535,
    "max_privacy_spent": 706.4454937661927,
    "time_to_targets": {
      "0.45": 0,
      "0.5": 0,
      "0.55": 0,
      "0.58": 0,
      "0.6": 0
    },
    "elapsed_sec": 8351.712513685226
  },
  "accuracies": [
    0.6199,
    0.6458,
    0.6595,
    0.6665,
    0.6807,
    0.6817,
    0.689,
    0.7074,
    0.6983,
    0.6975,
    0.7231,
    0.7353,
    0.7362,
    0.7359,
    0.75,
    0.7483,
    0.7454,
    0.7603,
    0.7478,
    0.7733,
    0.7789,
    0.7737,
    0.7846,
    0.791,
    0.7902,
    0.7822,
    0.794,
    0.7972,
    0.8086,
    0.8047,
    0.8087,
    0.8057,
    0.786,
    0.8121,
    0.8132,
    0.7945,
    0.8146,
    0.8136,
    0.8076,
    0.8074,
    0.8151,
    0.8256,
    0.813,
    0.8153,
    0.8136,
    0.8178,
    0.8231,
    0.8278,
    0.8228,
    0.8226,
    0.8158,
    0.8243,
    0.8309,
    0.8313,
    0.8236,
    0.8238,
    0.8204,
    0.8293,
    0.8252,
    0.8326,
    0.8219,
    0.8318,
    0.8319,
    0.827,
    0.8287,
    0.8122,
    0.8305,
    0.8296,
    0.833,
    0.8315,
    0.8377,
    0.8342,
    0.8266,
    0.8375,
    0.8366,
    0.8401,
    0.8369,
    0.839,
    0.8363,
    0.8378,
    0.832,
    0.8282,
    0.8362,
    0.8353,
    0.838,
    0.8385,
    0.8336,
    0.8356,
    0.8358,
    0.8378,
    0.8355,
    0.8306,
    0.8337,
    0.835,
    0.8352,
    0.8395,
    0.8403,
    0.8351,
    0.8369,
    0.8364
  ],
  "participation_rates": [
    0.76,
    0.76,
    0.76,
    0.76,
    0.76,
    0.76,
    0.76,
    0.76,
    0.76,
    0.76,
    0.76,
    0.76,
    0.76,
    0.76,
    0.76,
    0.76,
    0.76,
    0.76,
    0.76,
    0.76,
    0.76,
    0.76,
    0.76,
    0.76,
    0.76,
    0.76,
    0.76,
    0.76,
    0.76,
    0.76,
    0.76,
    0.76,
    0.76,
    0.76,
    0.76,
    0.76,
    0.76,
    0.76,
    0.76,
    0.76,
    0.76,
    0.76,
    0.76,
    0.76,
    0.76,
    0.76,
    0.76,
    0.76,
    0.76,
    0.76,
    0.76,
    0.76,
    0.76,
    0.76,
    0.76,
    0.76,
    0.76,
    0.76,
    0.76,
    0.76,
    0.76,
    0.76,
    0.76,
    0.76,
    0.76,
    0.76,
    0.76,
    0.76,
    0.76,
    0.76,
    0.76,
    0.76,
    0.76,
    0.76,
    0.76,
    0.76,
    0.76,
    0.76,
    0.76,
    0.76,
    0.76,
    0.76,
    0.76,
    0.76,
    0.76,
    0.76,
    0.76,
    0.76,
    0.76,
    0.76,
    0.76,
    0.76,
    0.76,
    0.76,
    0.76,
    0.76,
    0.76,
    0.76,
    0.76,
    0.76
  ],
  "prices": [
    3.267288752376749,
    3.267288752376749,
    3.267288752376749,
    3.267288752376749,
    3.267288752376749,
    3.267288752376749,
    3.267288752376749,
    3.267288752376749,
    3.267288752376749,
    3.267288752376749,
    3.267288752376749,
    3.267288752376749,
    3.267288752376749,
    3.267288752376749,
    3.267288752376749,
    3.267288752376749,
    3.267288752376749,
    3.267288752376749,
    3.267288752376749,
    3.267288752376749,
    3.267288752376749,
    3.267288752376749,
    3.267288752376749,
    3.267288752376749,
    3.267288752376749,
    3.267288752376749,
    3.267288752376749,
    3.267288752376749,
    3.267288752376749,
    3.267288752376749,
    3.267288752376749,
    3.267288752376749,
    3.267288752376749,
    3.267288752376749,
    3.267288752376749,
    3.267288752376749,
    3.267288752376749,
    3.267288752376749,
    3.267288752376749,
    3.267288752376749,
    3.267288752376749,
    3.267288752376749,
    3.267288752376749,
    3.267288752376749,
    3.267288752376749,
    3.267288752376749,
    3.267288752376749,
    3.267288752376749,
    3.267288752376749,
    3.267288752376749,
    3.267288752376749,
    3.267288752376749,
    3.267288752376749,
    3.267288752376749,
    3.267288752376749,
    3.267288752376749,
    3.267288752376749,
    3.267288752376749,
    3.267288752376749,
    3.267288752376749,
    3.267288752376749,
    3.267288752376749,
    3.267288752376749,
    3.267288752376749,
    3.267288752376749,
    3.267288752376749,
    3.267288752376749,
    3.267288752376749,
    3.267288752376749,
    3.267288752376749,
    3.267288752376749,
    3.267288752376749,
    3.267288752376749,
    3.267288752376749,
    3.267288752376749,
    3.267288752376749,
    3.267288752376749,
    3.267288752376749,
    3.267288752376749,
    3.267288752376749,
    3.267288752376749,
    3.267288752376749,
    3.267288752376749,
    3.267288752376749,
    3.267288752376749,
    3.267288752376749,
    3.267288752376749,
    3.267288752376749,
    3.267288752376749,
    3.267288752376749,
    3.267288752376749,
    3.267288752376749,
    3.267288752376749,
    3.267288752376749,
    3.267288752376749,
    3.267288752376749,
    3.267288752376749,
    3.267288752376749,
    3.267288752376749,
    3.267288752376749
  ],
  "avg_eps": [
    2.8352611549445346,
    2.8352611549445346,
    2.8352611549445346,
    2.8352611549445346,
    2.8352611549445346,
    2.8352611549445346,
    2.8352611549445346,
    2.8352611549445346,
    2.8352611549445346,
    2.8352611549445346,
    2.8352611549445346,
    2.8352611549445346,
    2.8352611549445346,
    2.8352611549445346,
    2.8352611549445346,
    2.8352611549445346,
    2.8352611549445346,
    2.8352611549445346,
    2.8352611549445346,
    2.8352611549445346,
    2.8352611549445346,
    2.8352611549445346,
    2.8352611549445346,
    2.8352611549445346,
    2.8352611549445346,
    2.8352611549445346,
    2.8352611549445346,
    2.8352611549445346,
    2.8352611549445346,
    2.8352611549445346,
    2.8352611549445346,
    2.8352611549445346,
    2.8352611549445346,
    2.8352611549445346,
    2.8352611549445346,
    2.8352611549445346,
    2.8352611549445346,
    2.8352611549445346,
    2.8352611549445346,
    2.8352611549445346,
    2.8352611549445346,
    2.8352611549445346,
    2.8352611549445346,
    2.8352611549445346,
    2.8352611549445346,
    2.8352611549445346,
    2.8352611549445346,
    2.8352611549445346,
    2.8352611549445346,
    2.8352611549445346,
    2.8352611549445346,
    2.8352611549445346,
    2.8352611549445346,
    2.8352611549445346,
    2.8352611549445346,
    2.8352611549445346,
    2.8352611549445346,
    2.8352611549445346,
    2.8352611549445346,
    2.8352611549445346,
    2.8352611549445346,
    2.8352611549445346,
    2.8352611549445346,
    2.8352611549445346,
    2.8352611549445346,
    2.8352611549445346,
    2.8352611549445346,
    2.8352611549445346,
    2.8352611549445346,
    2.8352611549445346,
    2.8352611549445346,
    2.8352611549445346,
    2.8352611549445346,
    2.8352611549445346,
    2.8352611549445346,
    2.8352611549445346,
    2.8352611549445346,
    2.8352611549445346,
    2.8352611549445346,
    2.8352611549445346,
    2.8352611549445346,
    2.8352611549445346,
    2.8352611549445346,
    2.8352611549445346,
    2.8352611549445346,
    2.8352611549445346,
    2.8352611549445346,
    2.8352611549445346,
    2.8352611549445346,
    2.8352611549445346,
    2.8352611549445346,
    2.8352611549445346,
    2.8352611549445346,
    2.8352611549445346,
    2.8352611549445346,
    2.8352611549445346,
    2.8352611549445346,
    2.8352611549445346,
    2.8352611549445346,
    2.8352611549445346
  ],
  "config": {
    "n_devices": 50,
    "gamma": 5,
    "alpha": 0.5,
    "local_epochs": 5,
    "local_lr": 0.01,
    "local_momentum": 0.9,
    "distill_epochs": 1,
    "distill_lr": 0.001,
    "temperature": 3.0,
    "public_samples": 20000,