{
  "label": "expE_a10_g3_s456",
  "phase": 3,
  "exp": "E",
  "method": "PAID-FD",
  "seed": 456,
  "desc": "PAID-FD \u03b1=1.0 \u03b3=3",
  "dataset": "cifar100",
  "summary": {
    "label": "expE_a10_g3_s456",
    "exp": "E",
    "method": "PAID-FD",
    "seed": 456,
    "desc": "PAID-FD \u03b1=1.0 \u03b3=3",
    "final_acc": 0.6047,
    "best_acc": 0.6075,
    "avg_participation": 0.38000000000000006,
    "avg_price": 2.345800778414691,
    "avg_eps_per_round": 2.768385082174799,
    "cumulative_payment": 8798.812237409697,
    "avg_privacy_spent": 276.8385082174798,
    "max_privacy_spent": 509.64716946391627,
    "time_to_targets": {
      "0.45": 2,
      "0.5": 8,
      "0.55": 16,
      "0.58": 26,
      "0.6": 54
    },
    "elapsed_sec": 4571.812125682831
  },
  "accuracies": [
    0.372,
    0.4215,
    0.4501,
    0.4469,
    0.4641,
    0.4814,
    0.4918,
    0.4984,
    0.5072,
    0.5046,
    0.522,
    0.5173,
    0.5458,
    0.5416,
    0.5409,
    0.5436,
    0.5501,
    0.5552,
    0.5633,
    0.5598,
    0.5641,
    0.5749,
    0.5661,
    0.5739,
    0.578,
    0.5765,
    0.5804,
    0.5815,
    0.5833,
    0.5857,
    0.5967,
    0.5907,
    0.583,
    0.5861,
    0.5848,
    0.5867,
    0.593,
    0.5957,
    0.5842,
    0.5836,
    0.5975,
    0.5866,
    0.579,
    0.5985,
    0.5858,
    0.5938,
    0.5967,
    0.5904,
    0.5977,
    0.5942,
    0.5838,
    0.5931,
    0.5934,
    0.5958,
    0.6057,
    0.5941,
    0.5949,
    0.5938,
    0.6011,
    0.5998,
    0.602,
    0.5973,
    0.5966,
    0.5903,
    0.5958,
    0.5922,
    0.6075,
    0.5956,
    0.6033,
    0.5997,
    0.6058,
    0.6007,
    0.6005,
    0.6005,
    0.6054,
    0.6038,
    0.5968,
    0.6018,
    0.6003,
    0.6058,
    0.6017,
    0.6003,
    0.6066,
    0.6036,
    0.6004,
    0.5945,
    0.6012,
    0.6031,
    0.6065,
    0.603,
    0.6023,
    0.6018,
    0.6038,
    0.6022,
    0.6017,
    0.6011,
    0.6032,
    0.6022,
    0.605,
    0.6047
  ],
  "participation_rates": [
    0.38,
    0.38,
    0.38,
    0.38,
    0.38,
    0.38,
    0.38,
    0.38,
    0.38,
    0.38,
    0.38,
    0.38,
    0.38,
    0.38,
    0.38,
    0.38,
    0.38,
    0.38,
    0.38,
    0.38,
    0.38,
    0.38,
    0.38,
    0.38,
    0.38,
    0.38,
    0.38,
    0.38,
    0.38,
    0.38,
    0.38,
    0.38,
    0.38,
    0.38,
    0.38,
    0.38,
    0.38,
    0.38,
    0.38,
    0.38,
    0.38,
    0.38,
    0.38,
    0.38,
    0.38,
    0.38,
    0.38,
    0.38,
    0.38,
    0.38,
    0.38,
    0.38,
    0.38,
    0.38,
    0.38,
    0.38,
    0.38,
    0.38,
    0.38,
    0.38,
    0.38,
    0.38,
    0.38,
    0.38,
    0.38,
    0.38,
    0.38,
    0.38,
    0.38,
    0.38,
    0.38,
    0.38,
    0.38,
    0.38,
    0.38,
    0.38,
    0.38,
    0.38,
    0.38,
    0.38,
    0.38,
    0.38,
    0.38,
    0.38,
    0.38,
    0.38,
    0.38,
    0.38,
    0.38,
    0.38,
    0.38,
    0.38,
    0.38,
    0.38,
    0.38,
    0.38,
    0.38,
    0.38,
    0.38,
    0.38
  ],
  "prices": [
    2.3458007784146906,
    2.3458007784146906,
    2.3458007784146906,
    2.3458007784146906,
    2.3458007784146906,
    2.3458007784146906,
    2.3458007784146906,
    2.3458007784146906,
    2.3458007784146906,
    2.3458007784146906,
    2.3458007784146906,
    2.3458007784146906,
    2.3458007784146906,
    2.3458007784146906,
    2.3458007784146906,
    2.3458007784146906,
    2.3458007784146906,
    2.3458007784146906,
    2.3458007784146906,
    2.3458007784146906,
    2.3458007784146906,
    2.3458007784146906,
    2.3458007784146906,
    2.3458007784146906,
    2.3458007784146906,
    2.3458007784146906,
    2.3458007784146906,
    2.3458007784146906,
    2.3458007784146906,
    2.3458007784146906,
    2.3458007784146906,
    2.3458007784146906,
    2.3458007784146906,
    2.3458007784146906,
    2.3458007784146906,
    2.3458007784146906,
    2.3458007784146906,
    2.3458007784146906,
    2.3458007784146906,
    2.3458007784146906,
    2.3458007784146906,
    2.3458007784146906,
    2.3458007784146906,
    2.3458007784146906,
    2.3458007784146906,
    2.3458007784146906,
    2.3458007784146906,
    2.3458007784146906,
    2.3458007784146906,
    2.3458007784146906,
    2.3458007784146906,
    2.3458007784146906,
    2.3458007784146906,
    2.3458007784146906,
    2.3458007784146906,
    2.3458007784146906,
    2.3458007784146906,
    2.3458007784146906,
    2.3458007784146906,
    2.3458007784146906,
    2.3458007784146906,
    2.3458007784146906,
    2.3458007784146906,
    2.3458007784146906,
    2.3458007784146906,
    2.3458007784146906,
    2.3458007784146906,
    2.3458007784146906,
    2.3458007784146906,
    2.3458007784146906,
    2.3458007784146906,
    2.3458007784146906,
    2.3458007784146906,
    2.3458007784146906,
    2.3458007784146906,
    2.3458007784146906,
    2.3458007784146906,
    2.3458007784146906,
    2.3458007784146906,
    2.3458007784146906,
    2.3458007784146906,
    2.3458007784146906,
    2.3458007784146906,
    2.3458007784146906,
    2.3458007784146906,
    2.3458007784146906,
    2.3458007784146906,
    2.3458007784146906,
    2.3458007784146906,
    2.3458007784146906,
    2.3458007784146906,
    2.3458007784146906,
    2.3458007784146906,
    2.3458007784146906,
    2.3458007784146906,
    2.3458007784146906,
    2.3458007784146906,
    2.3458007784146906,
    2.3458007784146906,
    2.3458007784146906
  ],
  "avg_eps": [
    2.768385082174799,
    2.768385082174799,
    2.768385082174799,
    2.768385082174799,
    2.768385082174799,
    2.768385082174799,
    2.768385082174799,
    2.768385082174799,
    2.768385082174799,
    2.768385082174799,
    2.768385082174799,
    2.768385082174799,
    2.768385082174799,
    2.768385082174799,
    2.768385082174799,
    2.768385082174799,
    2.768385082174799,
    2.768385082174799,
    2.768385082174799,
    2.768385082174799,
    2.768385082174799,
    2.768385082174799,
    2.768385082174799,
    2.768385082174799,
    2.768385082174799,
    2.768385082174799,
    2.768385082174799,
    2.768385082174799,
    2.768385082174799,
    2.768385082174799,
    2.768385082174799,
    2.768385082174799,
    2.768385082174799,
    2.768385082174799,
    2.768385082174799,
    2.768385082174799,
    2.768385082174799,
    2.768385082174799,
    2.768385082174799,
    2.768385082174799,
    2.768385082174799,
    2.768385082174799,
    2.768385082174799,
    2.768385082174799,
    2.768385082174799,
    2.768385082174799,
    2.768385082174799,
    2.768385082174799,
    2.768385082174799,
    2.768385082174799,
    2.768385082174799,
    2.768385082174799,
    2.768385082174799,
    2.768385082174799,
    2.768385082174799,
    2.768385082174799,
    2.768385082174799,
    2.768385082174799,
    2.768385082174799,
    2.768385082174799,
    2.768385082174799,
    2.768385082174799,
    2.768385082174799,
    2.768385082174799,
    2.768385082174799,
    2.768385082174799,
    2.768385082174799,
    2.768385082174799,
    2.768385082174799,
    2.768385082174799,
    2.768385082174799,
    2.768385082174799,
    2.768385082174799,
    2.768385082174799,
    2.768385082174799,
    2.768385082174799,
    2.768385082174799,
    2.768385082174799,
    2.768385082174799,
    2.768385082174799,
    2.768385082174799,
    2.768385082174799,
    2.768385082174799,
    2.768385082174799,
    2.768385082174799,
    2.768385082174799,
    2.768385082174799,
    2.768385082174799,
    2.768385082174799,
    2.768385082174799,
    2.768385082174799,
    2.768385082174799,
    2.768385082174799,
    2.768385082174799,
    2.768385082174799,
    2.768385082174799,
    2.768385082174799,
    2.768385082174799,
    2.768385082174799,
    2.768385082174799
  ],
  "config": {
    "n_devices": 50,
    "gamma": 3,
    "alpha": 1.0,
    "local_epochs": 5,
    "local_lr": 0.01,
    "local_momentum": 0.9,
    "distill_epochs": 1,
    "distill_lr": 0.001,
    "temperature": 3.0,