{
  "label": "expE_a01_g10_s42",
  "phase": 3,
  "exp": "E",
  "method": "PAID-FD",
  "seed": 42,
  "desc": "PAID-FD \u03b1=0.1 \u03b3=10",
  "dataset": "cifar100",
  "summary": {
    "label": "expE_a01_g10_s42",
    "exp": "E",
    "method": "PAID-FD",
    "seed": 42,
    "desc": "PAID-FD \u03b1=0.1 \u03b3=10",
    "final_acc": 0.607,
    "best_acc": 0.6097,
    "avg_participation": 1.0,
    "avg_price": 4.414915690765131,
    "avg_eps_per_round": 3.1480725332428854,
    "cumulative_payment": 56090.51039210734,
    "avg_privacy_spent": 314.8072533242884,
    "max_privacy_spent": 916.5747139974338,
    "time_to_targets": {
      "0.45": 5,
      "0.5": 9,
      "0.55": 15,
      "0.58": 25,
      "0.6": 46
    },
    "elapsed_sec": 11055.670388936996
  },
  "accuracies": [
    0.3724,
    0.3789,
    0.4361,
    0.4372,
    0.4452,
    0.4675,
    0.4914,
    0.497,
    0.4887,
    0.5053,
    0.5209,
    0.5207,
    0.5382,
    0.5396,
    0.549,
    0.5566,
    0.5543,
    0.5627,
    0.5581,
    0.567,
    0.5647,
    0.5697,
    0.5789,
    0.561,
    0.569,
    0.5808,
    0.5771,
    0.5789,
    0.5779,
    0.579,
    0.5878,
    0.5878,
    0.5901,
    0.5881,
    0.5865,
    0.5932,
    0.5935,
    0.5937,
    0.5972,
    0.5933,
    0.5998,
    0.5993,
    0.5877,
    0.5946,
    0.5947,
    0.5921,
    0.6012,
    0.5954,
    0.5948,
    0.5915,
    0.5982,
    0.5941,
    0.5929,
    0.5948,
    0.598,
    0.5924,
    0.5939,
    0.5974,
    0.6039,
    0.5995,
    0.5965,
    0.591,
    0.6017,
    0.604,
    0.6032,
    0.5967,
    0.6032,
    0.5963,
    0.6014,
    0.6042,
    0.5965,
    0.603,
    0.5971,
    0.6048,
    0.5999,
    0.5985,
    0.6008,
    0.5997,
    0.6038,
    0.5989,
    0.6066,
    0.6044,
    0.6067,
    0.6031,
    0.6081,
    0.6044,
    0.6063,
    0.6035,
    0.6089,
    0.6044,
    0.6092,
    0.6012,
    0.6097,
    0.6041,
    0.6081,
    0.6073,
    0.6046,
    0.609,
    0.6091,
    0.607
  ],
  "participation_rates": [
    1.0,
    1.0,
    1.0,
    1.0,
    1.0,
    1.0,
    1.0,
    1.0,
    1.0,
    1.0,
    1.0,
    1.0,
    1.0,
    1.0,
    1.0,
    1.0,
    1.0,
    1.0,
    1.0,
    1.0,
    1.0,
    1.0,
    1.0,
    1.0,
    1.0,
    1.0,
    1.0,
    1.0,
    1.0,
    1.0,
    1.0,
    1.0,
    1.0,
    1.0,
    1.0,
    1.0,
    1.0,
    1.0,
    1.0,
    1.0,
    1.0,
    1.0,
    1.0,
    1.0,
    1.0,
    1.0,
    1.0,
    1.0,
    1.0,
    1.0,
    1.0,
    1.0,
    1.0,
    1.0,
    1.0,
    1.0,
    1.0,
    1.0,
    1.0,
    1.0,
    1.0,
    1.0,
    1.0,
    1.0,
    1.0,
    1.0,
    1.0,
    1.0,
    1.0,
    1.0,
    1.0,
    1.0,
    1.0,
    1.0,
    1.0,
    1.0,
    1.0,
    1.0,
    1.0,
    1.0,
    1.0,
    1.0,
    1.0,
    1.0,
    1.0,
    1.0,
    1.0,
    1.0,
    1.0,
    1.0,
    1.0,
    1.0,
    1.0,
    1.0,
    1.0,
    1.0,
    1.0,
    1.0,
    1.0,
    1.0
  ],
  "prices": [
    4.414915690765131,
    4.414915690765131,
    4.414915690765131,
    4.414915690765131,
    4.414915690765131,
    4.414915690765131,
    4.414915690765131,
    4.414915690765131,
    4.414915690765131,
    4.414915690765131,
    4.414915690765131,
    4.414915690765131,
    4.414915690765131,
    4.414915690765131,
    4.414915690765131,
    4.414915690765131,
    4.414915690765131,
    4.414915690765131,
    4.414915690765131,
    4.414915690765131,
    4.414915690765131,
    4.414915690765131,
    4.414915690765131,
    4.414915690765131,
    4.414915690765131,
    4.414915690765131,
    4.414915690765131,
    4.414915690765131,
    4.414915690765131,
    4.414915690765131,
    4.414915690765131,
    4.414915690765131,
    4.414915690765131,
    4.414915690765131,
    4.414915690765131,
    4.414915690765131,
    4.414915690765131,
    4.414915690765131,
    4.414915690765131,
    4.414915690765131,
    4.414915690765131,
    4.414915690765131,
    4.414915690765131,
    4.414915690765131,
    4.414915690765131,
    4.414915690765131,
    4.414915690765131,
    4.414915690765131,
    4.414915690765131,
    4.414915690765131,
    4.414915690765131,
    4.414915690765131,
    4.414915690765131,
    4.414915690765131,
    4.414915690765131,
    4.414915690765131,
    4.414915690765131,
    4.414915690765131,
    4.414915690765131,
    4.414915690765131,
    4.414915690765131,
    4.414915690765131,
    4.414915690765131,
    4.414915690765131,
    4.414915690765131,
    4.414915690765131,
    4.414915690765131,
    4.414915690765131,
    4.414915690765131,
    4.414915690765131,
    4.414915690765131,
    4.414915690765131,
    4.414915690765131,
    4.414915690765131,
    4.414915690765131,
    4.414915690765131,
    4.414915690765131,
    4.414915690765131,
    4.414915690765131,
    4.414915690765131,
    4.414915690765131,
    4.414915690765131,
    4.414915690765131,
    4.414915690765131,
    4.414915690765131,
    4.414915690765131,
    4.414915690765131,
    4.414915690765131,
    4.414915690765131,
    4.414915690765131,
    4.414915690765131,
    4.414915690765131,
    4.414915690765131,
    4.414915690765131,
    4.414915690765131,
    4.414915690765131,
    4.414915690765131,
    4.414915690765131,
    4.414915690765131,
    4.414915690765131
  ],
  "avg_eps": [
    3.1480725332428845,
    3.1480725332428845,
    3.1480725332428845,
    3.1480725332428845,
    3.1480725332428845,
    3.1480725332428845,
    3.1480725332428845,
    3.1480725332428845,
    3.1480725332428845,
    3.1480725332428845,
    3.1480725332428845,
    3.1480725332428845,
    3.1480725332428845,
    3.1480725332428845,
    3.1480725332428845,
    3.1480725332428845,
    3.1480725332428845,
    3.1480725332428845,
    3.1480725332428845,
    3.1480725332428845,
    3.1480725332428845,
    3.1480725332428845,
    3.1480725332428845,
    3.1480725332428845,
    3.1480725332428845,
    3.1480725332428845,
    3.1480725332428845,
    3.1480725332428845,
    3.1480725332428845,
    3.1480725332428845,
    3.1480725332428845,
    3.1480725332428845,
    3.1480725332428845,
    3.1480725332428845,
    3.1480725332428845,
    3.1480725332428845,
    3.1480725332428845,
    3.1480725332428845,
    3.1480725332428845,
    3.1480725332428845,
    3.1480725332428845,
    3.1480725332428845,
    3.1480725332428845,
    3.1480725332428845,
    3.1480725332428845,
    3.1480725332428845,
    3.1480725332428845,
    3.1480725332428845,
    3.1480725332428845,
    3.1480725332428845,
    3.1480725332428845,
    3.1480725332428845,
    3.1480725332428845,
    3.1480725332428845,
    3.1480725332428845,
    3.1480725332428845,
    3.1480725332428845,
    3.1480725332428845,
    3.1480725332428845,
    3.1480725332428845,
    3.1480725332428845,
    3.1480725332428845,
    3.1480725332428845,
    3.1480725332428845,
    3.1480725332428845,
    3.1480725332428845,
    3.1480725332428845,
    3.1480725332428845,
    3.1480725332428845,
    3.1480725332428845,
    3.1480725332428845,
    3.1480725332428845,
    3.1480725332428845,
    3.1480725332428845,
    3.1480725332428845,
    3.1480725332428845,
    3.1480725332428845,
    3.1480725332428845,
    3.1480725332428845,
    3.1480725332428845,
    3.1480725332428845,
    3.1480725332428845,
    3.1480725332428845,
    3.1480725332428845,
    3.1480725332428845,
    3.1480725332428845,
    3.1480725332428845,
    3.1480725332428845,
    3.1480725332428845,
    3.1480725332428845,
    3.1480725332428845,
    3.1480725332428845,
    3.1480725332428845,
    3.1480725332428845,
    3.1480725332428845,
    3.1480725332428845,
    3.1480725332428845,
    3.1480725332428845,
    3.1480725332428845,
    3.1480725332428845
  ],
  "config": {
    "n_devices": 50,
    "gamma": 10,
    "alpha": 0.1,
    "local_epochs": 5,
    "local_lr": 0.01,
    "local_momentum": 0.9,
    "distill_epochs": 1,
    "distill_lr": 0.001,
    "temperature": 3.0,
    "public_samples": 20000,
    "synthetic": false,
    "heterogeneity": {
      "config_file": "config/devices/heterogeneity.yaml",