{
  "label": "expE_a10_g10_s123",
  "phase": 3,
  "exp": "E",
  "method": "PAID-FD",
  "seed": 123,
  "desc": "PAID-FD \u03b1=1.0 \u03b3=10",
  "dataset": "cifar100",
  "summary": {
    "label": "expE_a10_g10_s123",
    "exp": "E",
    "method": "PAID-FD",
    "seed": 123,
    "desc": "PAID-FD \u03b1=1.0 \u03b3=10",
    "final_acc": 0.6137,
    "best_acc": 0.6214,
    "avg_participation": 1.0,
    "avg_price": 4.2977339151776235,
    "avg_eps_per_round": 3.054202261382373,
    "cumulative_payment": 54323.20773414026,
    "avg_privacy_spent": 305.42022613823724,
    "max_privacy_spent": 875.0321143096098,
    "time_to_targets": {
      "0.45": 4,
      "0.5": 8,
      "0.55": 14,
      "0.58": 21,
      "0.6": 34
    },
    "elapsed_sec": 11045.153218507767
  },
  "accuracies": [
    0.375,
    0.4292,
    0.439,
    0.4439,
    0.456,
    0.467,
    0.4898,
    0.4962,
    0.5086,
    0.5235,
    0.5295,
    0.529,
    0.5452,
    0.5474,
    0.5621,
    0.5502,
    0.5662,
    0.5475,
    0.5723,
    0.5613,
    0.5735,
    0.5821,
    0.5841,
    0.5942,
    0.5773,
    0.5862,
    0.5958,
    0.5884,
    0.5911,
    0.5923,
    0.5875,
    0.5891,
    0.5903,
    0.5983,
    0.6008,
    0.6015,
    0.5995,
    0.6003,
    0.6021,
    0.5979,
    0.6,
    0.5982,
    0.6029,
    0.6069,
    0.603,
    0.5973,
    0.6016,
    0.6048,
    0.6057,
    0.6091,
    0.6059,
    0.6114,
    0.6027,
    0.6054,
    0.6044,
    0.6083,
    0.6056,
    0.599,
    0.6086,
    0.6141,
    0.6081,
    0.6129,
    0.608,
    0.6028,
    0.6093,
    0.6139,
    0.6105,
    0.6116,
    0.6151,
    0.6064,
    0.6117,
    0.6072,
    0.611,
    0.6139,
    0.6151,
    0.6139,
    0.6108,
    0.6109,
    0.6129,
    0.6097,
    0.6145,
    0.6163,
    0.6123,
    0.6155,
    0.6101,
    0.6153,
    0.6128,
    0.6104,
    0.6167,
    0.6126,
    0.6161,
    0.6179,
    0.6153,
    0.6157,
    0.6184,
    0.6138,
    0.616,
    0.6214,
    0.6198,
    0.6137
  ],
  "participation_rates": [
    1.0,
    1.0,
    1.0,
    1.0,
    1.0,
    1.0,
    1.0,
    1.0,
    1.0,
    1.0,
    1.0,
    1.0,
    1.0,
    1.0,
    1.0,
    1.0,
    1.0,
    1.0,
    1.0,
    1.0,
    1.0,
    1.0,
    1.0,
    1.0,
    1.0,
    1.0,
    1.0,
    1.0,
    1.0,
    1.0,
    1.0,
    1.0,
    1.0,
    1.0,
    1.0,
    1.0,
    1.0,
    1.0,
    1.0,
    1.0,
    1.0,
    1.0,
    1.0,
    1.0,
    1.0,
    1.0,
    1.0,
    1.0,
    1.0,
    1.0,
    1.0,
    1.0,
    1.0,
    1.0,
    1.0,
    1.0,
    1.0,
    1.0,
    1.0,
    1.0,
    1.0,
    1.0,
    1.0,
    1.0,
    1.0,
    1.0,
    1.0,
    1.0,
    1.0,
    1.0,
    1.0,
    1.0,
    1.0,
    1.0,
    1.0,
    1.0,
    1.0,
    1.0,
    1.0,
    1.0,
    1.0,
    1.0,
    1.0,
    1.0,
    1.0,
    1.0,
    1.0,
    1.0,
    1.0,
    1.0,
    1.0,
    1.0,
    1.0,
    1.0,
    1.0,
    1.0,
    1.0,
    1.0,
    1.0,
    1.0
  ],
  "prices": [
    4.297733915177625,
    4.297733915177625,
    4.297733915177625,
    4.297733915177625,
    4.297733915177625,
    4.297733915177625,
    4.297733915177625,
    4.297733915177625,
    4.297733915177625,
    4.297733915177625,
    4.297733915177625,
    4.297733915177625,
    4.297733915177625,
    4.297733915177625,
    4.297733915177625,
    4.297733915177625,
    4.297733915177625,
    4.297733915177625,
    4.297733915177625,
    4.297733915177625,
    4.297733915177625,
    4.297733915177625,
    4.297733915177625,
    4.297733915177625,
    4.297733915177625,
    4.297733915177625,
    4.297733915177625,
    4.297733915177625,
    4.297733915177625,
    4.297733915177625,
    4.297733915177625,
    4.297733915177625,
    4.297733915177625,
    4.297733915177625,
    4.297733915177625,
    4.297733915177625,
    4.297733915177625,
    4.297733915177625,
    4.297733915177625,
    4.297733915177625,
    4.297733915177625,
    4.297733915177625,
    4.297733915177625,
    4.297733915177625,
    4.297733915177625,
    4.297733915177625,
    4.297733915177625,
    4.297733915177625,
    4.297733915177625,
    4.297733915177625,
    4.297733915177625,
    4.297733915177625,
    4.297733915177625,
    4.297733915177625,
    4.297733915177625,
    4.297733915177625,
    4.297733915177625,
    4.297733915177625,
    4.297733915177625,
    4.297733915177625,
    4.297733915177625,
    4.297733915177625,
    4.297733915177625,
    4.297733915177625,
    4.297733915177625,
    4.297733915177625,
    4.297733915177625,
    4.297733915177625,
    4.297733915177625,
    4.297733915177625,
    4.297733915177625,
    4.297733915177625,
    4.297733915177625,
    4.297733915177625,
    4.297733915177625,
    4.297733915177625,
    4.297733915177625,
    4.297733915177625,
    4.297733915177625,
    4.297733915177625,
    4.297733915177625,
    4.297733915177625,
    4.297733915177625,
    4.297733915177625,
    4.297733915177625,
    4.297733915177625,
    4.297733915177625,
    4.297733915177625,
    4.297733915177625,
    4.297733915177625,
    4.297733915177625,
    4.297733915177625,
    4.297733915177625,
    4.297733915177625,
    4.297733915177625,
    4.297733915177625,
    4.297733915177625,
    4.297733915177625,
    4.297733915177625,
    4.297733915177625
  ],
  "avg_eps": [
    3.0542022613823723,
    3.0542022613823723,
    3.0542022613823723,
    3.0542022613823723,
    3.0542022613823723,
    3.0542022613823723,
    3.0542022613823723,
    3.0542022613823723,
    3.0542022613823723,
    3.0542022613823723,
    3.0542022613823723,
    3.0542022613823723,
    3.0542022613823723,
    3.0542022613823723,
    3.0542022613823723,
    3.0542022613823723,
    3.0542022613823723,
    3.0542022613823723,
    3.0542022613823723,
    3.0542022613823723,
    3.0542022613823723,
    3.0542022613823723,
    3.0542022613823723,
    3.0542022613823723,
    3.0542022613823723,
    3.0542022613823723,
    3.0542022613823723,
    3.0542022613823723,
    3.0542022613823723,
    3.0542022613823723,
    3.0542022613823723,
    3.0542022613823723,
    3.0542022613823723,
    3.0542022613823723,
    3.0542022613823723,
    3.0542022613823723,
    3.0542022613823723,
    3.0542022613823723,
    3.0542022613823723,
    3.0542022613823723,
    3.0542022613823723,
    3.0542022613823723,
    3.0542022613823723,
    3.0542022613823723,
    3.0542022613823723,
    3.0542022613823723,
    3.0542022613823723,
    3.0542022613823723,
    3.0542022613823723,
    3.0542022613823723,
    3.0542022613823723,
    3.0542022613823723,
    3.0542022613823723,
    3.0542022613823723,
    3.0542022613823723,
    3.0542022613823723,
    3.0542022613823723,
    3.0542022613823723,
    3.0542022613823723,
    3.0542022613823723,
    3.0542022613823723,
    3.0542022613823723,
    3.0542022613823723,
    3.0542022613823723,
    3.0542022613823723,
    3.0542022613823723,
    3.0542022613823723,
    3.0542022613823723,
    3.0542022613823723,
    3.0542022613823723,
    3.0542022613823723,
    3.0542022613823723,
    3.0542022613823723,
    3.0542022613823723,
    3.0542022613823723,
    3.0542022613823723,
    3.0542022613823723,
    3.0542022613823723,
    3.0542022613823723,
    3.0542022613823723,
    3.0542022613823723,
    3.0542022613823723,
    3.0542022613823723,
    3.0542022613823723,
    3.0542022613823723,
    3.0542022613823723,
    3.0542022613823723,
    3.0542022613823723,
    3.0542022613823723,
    3.0542022613823723,
    3.0542022613823723,
    3.0542022613823723,
    3.0542022613823723,
    3.0542022613823723,
    3.0542022613823723,
    3.0542022613823723,
    3.0542022613823723,
    3.0542022613823723,
    3.0542022613823723,
    3.0542022613823723
  ],
  "config": {
    "n_devices": 50,
    "gamma": 10,
    "alpha": 1.0,
    "local_epochs": 5,
    "local_lr": 0.01,
    "local_momentum": 0.9,
    "distill_epochs": 1,
    "distill_lr": 0.001,
    "temperature": 3.0,
    "public_samples": 20000,
    "synthetic": false,
    "heterogeneity": {
      "config_file": "config/devices/heterogeneity.yaml",