{
  "label": "expE_a10_g3_s123",
  "phase": 3,
  "exp": "E",
  "method": "PAID-FD",
  "seed": 123,
  "desc": "PAID-FD \u03b1=1.0 \u03b3=3",
  "dataset": "cifar100",
  "summary": {
    "label": "expE_a10_g3_s123",
    "exp": "E",
    "method": "PAID-FD",
    "seed": 123,
    "desc": "PAID-FD \u03b1=1.0 \u03b3=3",
    "final_acc": 0.6171,
    "best_acc": 0.6213,
    "avg_participation": 0.38000000000000006,
    "avg_price": 2.3303293505212617,
    "avg_eps_per_round": 2.7175805756089524,
    "cumulative_payment": 8863.078840396336,
    "avg_privacy_spent": 271.7580575608953,
    "max_privacy_spent": 502.9457621851534,
    "time_to_targets": {
      "0.45": 3,
      "0.5": 8,
      "0.55": 15,
      "0.58": 24,
      "0.6": 35
    },
    "elapsed_sec": 4607.77085018158
  },
  "accuracies": [
    0.3781,
    0.4239,
    0.4249,
    0.4534,
    0.4577,
    0.4806,
    0.4828,
    0.4987,
    0.5054,
    0.5168,
    0.5271,
    0.5288,
    0.5338,
    0.5404,
    0.5473,
    0.5595,
    0.5536,
    0.5494,
    0.5596,
    0.5743,
    0.5762,
    0.5777,
    0.5777,
    0.5792,
    0.5835,
    0.5921,
    0.5783,
    0.5841,
    0.5912,
    0.5933,
    0.5964,
    0.5932,
    0.5933,
    0.599,
    0.5967,
    0.6002,
    0.5968,
    0.5978,
    0.6028,
    0.5972,
    0.6032,
    0.6093,
    0.5991,
    0.5985,
    0.5988,
    0.6076,
    0.5983,
    0.6042,
    0.6103,
    0.6082,
    0.6068,
    0.6059,
    0.6084,
    0.6067,
    0.6045,
    0.6098,
    0.6086,
    0.6121,
    0.6124,
    0.6032,
    0.6042,
    0.6145,
    0.6138,
    0.6089,
    0.6064,
    0.6056,
    0.603,
    0.6115,
    0.6155,
    0.6058,
    0.6076,
    0.6126,
    0.6082,
    0.606,
    0.6055,
    0.6158,
    0.6133,
    0.6097,
    0.6094,
    0.6122,
    0.609,
    0.6078,
    0.6102,
    0.6159,
    0.6108,
    0.6113,
    0.6123,
    0.616,
    0.6144,
    0.6213,
    0.6155,
    0.616,
    0.621,
    0.6152,
    0.6201,
    0.6181,
    0.612,
    0.6168,
    0.6176,
    0.6171
  ],
  "participation_rates": [
    0.38,
    0.38,
    0.38,
    0.38,
    0.38,
    0.38,
    0.38,
    0.38,
    0.38,
    0.38,
    0.38,
    0.38,
    0.38,
    0.38,
    0.38,
    0.38,
    0.38,
    0.38,
    0.38,
    0.38,
    0.38,
    0.38,
    0.38,
    0.38,
    0.38,
    0.38,
    0.38,
    0.38,
    0.38,
    0.38,
    0.38,
    0.38,
    0.38,
    0.38,
    0.38,
    0.38,
    0.38,
    0.38,
    0.38,
    0.38,
    0.38,
    0.38,
    0.38,
    0.38,
    0.38,
    0.38,
    0.38,
    0.38,
    0.38,
    0.38,
    0.38,
    0.38,
    0.38,
    0.38,
    0.38,
    0.38,
    0.38,
    0.38,
    0.38,
    0.38,
    0.38,
    0.38,
    0.38,
    0.38,
    0.38,
    0.38,
    0.38,
    0.38,
    0.38,
    0.38,
    0.38,
    0.38,
    0.38,
    0.38,
    0.38,
    0.38,
    0.38,
    0.38,
    0.38,
    0.38,
    0.38,
    0.38,
    0.38,
    0.38,
    0.38,
    0.38,
    0.38,
    0.38,
    0.38,
    0.38,
    0.38,
    0.38,
    0.38,
    0.38,
    0.38,
    0.38,
    0.38,
    0.38,
    0.38,
    0.38
  ],
  "prices": [
    2.3303293505212626,
    2.3303293505212626,
    2.3303293505212626,
    2.3303293505212626,
    2.3303293505212626,
    2.3303293505212626,
    2.3303293505212626,
    2.3303293505212626,
    2.3303293505212626,
    2.3303293505212626,
    2.3303293505212626,
    2.3303293505212626,
    2.3303293505212626,
    2.3303293505212626,
    2.3303293505212626,
    2.3303293505212626,
    2.3303293505212626,
    2.3303293505212626,
    2.3303293505212626,
    2.3303293505212626,
    2.3303293505212626,
    2.3303293505212626,
    2.3303293505212626,
    2.3303293505212626,
    2.3303293505212626,
    2.3303293505212626,
    2.3303293505212626,
    2.3303293505212626,
    2.3303293505212626,
    2.3303293505212626,
    2.3303293505212626,
    2.3303293505212626,
    2.3303293505212626,
    2.3303293505212626,
    2.3303293505212626,
    2.3303293505212626,
    2.3303293505212626,
    2.3303293505212626,
    2.3303293505212626,
    2.3303293505212626,
    2.3303293505212626,
    2.3303293505212626,
    2.3303293505212626,
    2.3303293505212626,
    2.3303293505212626,
    2.3303293505212626,
    2.3303293505212626,
    2.3303293505212626,
    2.3303293505212626,
    2.3303293505212626,
    2.3303293505212626,
    2.3303293505212626,
    2.3303293505212626,
    2.3303293505212626,
    2.3303293505212626,
    2.3303293505212626,
    2.3303293505212626,
    2.3303293505212626,
    2.3303293505212626,
    2.3303293505212626,
    2.3303293505212626,
    2.3303293505212626,
    2.3303293505212626,
    2.3303293505212626,
    2.3303293505212626,
    2.3303293505212626,
    2.3303293505212626,
    2.3303293505212626,
    2.3303293505212626,
    2.3303293505212626,
    2.3303293505212626,
    2.3303293505212626,
    2.3303293505212626,
    2.3303293505212626,
    2.3303293505212626,
    2.3303293505212626,
    2.3303293505212626,
    2.3303293505212626,
    2.3303293505212626,
    2.3303293505212626,
    2.3303293505212626,
    2.3303293505212626,
    2.3303293505212626,
    2.3303293505212626,
    2.3303293505212626,
    2.3303293505212626,
    2.3303293505212626,
    2.3303293505212626,
    2.3303293505212626,
    2.3303293505212626,
    2.3303293505212626,
    2.3303293505212626,
    2.3303293505212626,
    2.3303293505212626,
    2.3303293505212626,
    2.3303293505212626,
    2.3303293505212626,
    2.3303293505212626,
    2.3303293505212626,
    2.3303293505212626
  ],
  "avg_eps": [
    2.717580575608952,
    2.717580575608952,
    2.717580575608952,
    2.717580575608952,
    2.717580575608952,
    2.717580575608952,
    2.717580575608952,
    2.717580575608952,
    2.717580575608952,
    2.717580575608952,
    2.717580575608952,
    2.717580575608952,
    2.717580575608952,
    2.717580575608952,
    2.717580575608952,
    2.717580575608952,
    2.717580575608952,
    2.717580575608952,
    2.717580575608952,
    2.717580575608952,
    2.717580575608952,
    2.717580575608952,
    2.717580575608952,
    2.717580575608952,
    2.717580575608952,
    2.717580575608952,
    2.717580575608952,
    2.717580575608952,
    2.717580575608952,
    2.717580575608952,
    2.717580575608952,
    2.717580575608952,
    2.717580575608952,
    2.717580575608952,
    2.717580575608952,
    2.717580575608952,
    2.717580575608952,
    2.717580575608952,
    2.717580575608952,
    2.717580575608952,
    2.717580575608952,
    2.717580575608952,
    2.717580575608952,
    2.717580575608952,
    2.717580575608952,
    2.717580575608952,
    2.717580575608952,
    2.717580575608952,
    2.717580575608952,
    2.717580575608952,
    2.717580575608952,
    2.717580575608952,
    2.717580575608952,
    2.717580575608952,
    2.717580575608952,
    2.717580575608952,
    2.717580575608952,
    2.717580575608952,
    2.717580575608952,
    2.717580575608952,
    2.717580575608952,
    2.717580575608952,
    2.717580575608952,
    2.717580575608952,
    2.717580575608952,
    2.717580575608952,
    2.717580575608952,
    2.717580575608952,
    2.717580575608952,
    2.717580575608952,
    2.717580575608952,
    2.717580575608952,
    2.717580575608952,
    2.717580575608952,
    2.717580575608952,
    2.717580575608952,
    2.717580575608952,
    2.717580575608952,
    2.717580575608952,
    2.717580575608952,
    2.717580575608952,
    2.717580575608952,
    2.717580575608952,
    2.717580575608952,
    2.717580575608952,
    2.717580575608952,
    2.717580575608952,
    2.717580575608952,
    2.717580575608952,
    2.717580575608952,
    2.717580575608952,
    2.717580575608952,
    2.717580575608952,
    2.717580575608952,
    2.717580575608952,
    2.717580575608952,
    2.717580575608952,
    2.717580575608952,
    2.717580575608952,
    2.717580575608952
  ],
  "config": {
    "n_devices": 50,
    "gamma": 3,
    "alpha": 1.0,
    "local_epochs": 5,
    "local_lr": 0.01,
    "local_momentum": 0.9,
    "distill_epochs": 1,
    "distill_lr": 0.001,
    "temperature": 3.0,