{
  "label": "expE_a01_g10_s123",
  "phase": 3,
  "exp": "E",
  "method": "PAID-FD",
  "seed": 123,
  "desc": "PAID-FD \u03b1=0.1 \u03b3=10",
  "dataset": "cifar100",
  "summary": {
    "label": "expE_a01_g10_s123",
    "exp": "E",
    "method": "PAID-FD",
    "seed": 123,
    "desc": "PAID-FD \u03b1=0.1 \u03b3=10",
    "final_acc": 0.6194,
    "best_acc": 0.6218,
    "avg_participation": 1.0,
    "avg_price": 4.2977339151776235,
    "avg_eps_per_round": 3.054202261382373,
    "cumulative_payment": 54323.20773414026,
    "avg_privacy_spent": 305.42022613823724,
    "max_privacy_spent": 875.0321143096098,
    "time_to_targets": {
      "0.45": 4,
      "0.5": 8,
      "0.55": 13,
      "0.58": 21,
      "0.6": 35
    },
    "elapsed_sec": 10917.742059230804
  },
  "accuracies": [
    0.3689,
    0.4291,
    0.436,
    0.4456,
    0.4585,
    0.4683,
    0.4872,
    0.4936,
    0.5074,
    0.5214,
    0.5284,
    0.5252,
    0.5437,
    0.5506,
    0.5644,
    0.5577,
    0.5618,
    0.5429,
    0.5737,
    0.5731,
    0.579,
    0.5803,
    0.5872,
    0.5912,
    0.5821,
    0.5903,
    0.5907,
    0.5854,
    0.5912,
    0.5897,
    0.5835,
    0.5919,
    0.5957,
    0.5937,
    0.5916,
    0.6035,
    0.5944,
    0.5978,
    0.5985,
    0.598,
    0.6049,
    0.5933,
    0.6033,
    0.605,
    0.6059,
    0.5938,
    0.6004,
    0.6062,
    0.606,
    0.6037,
    0.6071,
    0.6091,
    0.6047,
    0.6038,
    0.6075,
    0.6084,
    0.6104,
    0.6098,
    0.6058,
    0.6058,
    0.6134,
    0.6132,
    0.6105,
    0.6098,
    0.6158,
    0.61,
    0.609,
    0.6137,
    0.6147,
    0.6123,
    0.6154,
    0.6107,
    0.6157,
    0.6155,
    0.6139,
    0.6153,
    0.6129,
    0.6118,
    0.6141,
    0.613,
    0.6072,
    0.6129,
    0.6124,
    0.6165,
    0.6158,
    0.6125,
    0.6178,
    0.6149,
    0.618,
    0.609,
    0.6145,
    0.6145,
    0.6172,
    0.6106,
    0.6192,
    0.6184,
    0.6218,
    0.6211,
    0.6168,
    0.6194
  ],
  "participation_rates": [
    1.0,
    1.0,
    1.0,
    1.0,
    1.0,
    1.0,
    1.0,
    1.0,
    1.0,
    1.0,
    1.0,
    1.0,
    1.0,
    1.0,
    1.0,
    1.0,
    1.0,
    1.0,
    1.0,
    1.0,
    1.0,
    1.0,
    1.0,
    1.0,
    1.0,
    1.0,
    1.0,
    1.0,
    1.0,
    1.0,
    1.0,
    1.0,
    1.0,
    1.0,
    1.0,
    1.0,
    1.0,
    1.0,
    1.0,
    1.0,
    1.0,
    1.0,
    1.0,
    1.0,
    1.0,
    1.0,
    1.0,
    1.0,
    1.0,
    1.0,
    1.0,
    1.0,
    1.0,
    1.0,
    1.0,
    1.0,
    1.0,
    1.0,
    1.0,
    1.0,
    1.0,
    1.0,
    1.0,
    1.0,
    1.0,
    1.0,
    1.0,
    1.0,
    1.0,
    1.0,
    1.0,
    1.0,
    1.0,
    1.0,
    1.0,
    1.0,
    1.0,
    1.0,
    1.0,
    1.0,
    1.0,
    1.0,
    1.0,
    1.0,
    1.0,
    1.0,
    1.0,
    1.0,
    1.0,
    1.0,
    1.0,
    1.0,
    1.0,
    1.0,
    1.0,
    1.0,
    1.0,
    1.0,
    1.0,
    1.0
  ],
  "prices": [
    4.297733915177625,
    4.297733915177625,
    4.297733915177625,
    4.297733915177625,
    4.297733915177625,
    4.297733915177625,
    4.297733915177625,
    4.297733915177625,
    4.297733915177625,
    4.297733915177625,
    4.297733915177625,
    4.297733915177625,
    4.297733915177625,
    4.297733915177625,
    4.297733915177625,
    4.297733915177625,
    4.297733915177625,
    4.297733915177625,
    4.297733915177625,
    4.297733915177625,
    4.297733915177625,
    4.297733915177625,
    4.297733915177625,
    4.297733915177625,
    4.297733915177625,
    4.297733915177625,
    4.297733915177625,
    4.297733915177625,
    4.297733915177625,
    4.297733915177625,
    4.297733915177625,
    4.297733915177625,
    4.297733915177625,
    4.297733915177625,
    4.297733915177625,
    4.297733915177625,
    4.297733915177625,
    4.297733915177625,
    4.297733915177625,
    4.297733915177625,
    4.297733915177625,
    4.297733915177625,
    4.297733915177625,
    4.297733915177625,
    4.297733915177625,
    4.297733915177625,
    4.297733915177625,
    4.297733915177625,
    4.297733915177625,
    4.297733915177625,
    4.297733915177625,
    4.297733915177625,
    4.297733915177625,
    4.297733915177625,
    4.297733915177625,
    4.297733915177625,
    4.297733915177625,
    4.297733915177625,
    4.297733915177625,
    4.297733915177625,
    4.297733915177625,
    4.297733915177625,
    4.297733915177625,
    4.297733915177625,
    4.297733915177625,
    4.297733915177625,
    4.297733915177625,
    4.297733915177625,
    4.297733915177625,
    4.297733915177625,
    4.297733915177625,
    4.297733915177625,
    4.297733915177625,
    4.297733915177625,
    4.297733915177625,
    4.297733915177625,
    4.297733915177625,
    4.297733915177625,
    4.297733915177625,
    4.297733915177625,
    4.297733915177625,
    4.297733915177625,
    4.297733915177625,
    4.297733915177625,
    4.297733915177625,
    4.297733915177625,
    4.297733915177625,
    4.297733915177625,
    4.297733915177625,
    4.297733915177625,
    4.297733915177625,
    4.297733915177625,
    4.297733915177625,
    4.297733915177625,
    4.297733915177625,
    4.297733915177625,
    4.297733915177625,
    4.297733915177625,
    4.297733915177625,
    4.297733915177625
  ],
  "avg_eps": [
    3.0542022613823723,
    3.0542022613823723,
    3.0542022613823723,
    3.0542022613823723,
    3.0542022613823723,
    3.0542022613823723,
    3.0542022613823723,
    3.0542022613823723,
    3.0542022613823723,
    3.0542022613823723,
    3.0542022613823723,
    3.0542022613823723,
    3.0542022613823723,
    3.0542022613823723,
    3.0542022613823723,
    3.0542022613823723,
    3.0542022613823723,
    3.0542022613823723,
    3.0542022613823723,
    3.0542022613823723,
    3.0542022613823723,
    3.0542022613823723,
    3.0542022613823723,
    3.0542022613823723,
    3.0542022613823723,
    3.0542022613823723,
    3.0542022613823723,
    3.0542022613823723,
    3.0542022613823723,
    3.0542022613823723,
    3.0542022613823723,
    3.0542022613823723,
    3.0542022613823723,
    3.0542022613823723,
    3.0542022613823723,
    3.0542022613823723,
    3.0542022613823723,
    3.0542022613823723,
    3.0542022613823723,
    3.0542022613823723,
    3.0542022613823723,
    3.0542022613823723,
    3.0542022613823723,
    3.0542022613823723,
    3.0542022613823723,
    3.0542022613823723,
    3.0542022613823723,
    3.0542022613823723,
    3.0542022613823723,
    3.0542022613823723,
    3.0542022613823723,
    3.0542022613823723,
    3.0542022613823723,
    3.0542022613823723,
    3.0542022613823723,
    3.0542022613823723,
    3.0542022613823723,
    3.0542022613823723,
    3.0542022613823723,
    3.0542022613823723,
    3.0542022613823723,
    3.0542022613823723,
    3.0542022613823723,
    3.0542022613823723,
    3.0542022613823723,
    3.0542022613823723,
    3.0542022613823723,
    3.0542022613823723,
    3.0542022613823723,
    3.0542022613823723,
    3.0542022613823723,
    3.0542022613823723,
    3.0542022613823723,
    3.0542022613823723,
    3.0542022613823723,
    3.0542022613823723,
    3.0542022613823723,
    3.0542022613823723,
    3.0542022613823723,
    3.0542022613823723,
    3.0542022613823723,
    3.0542022613823723,
    3.0542022613823723,
    3.0542022613823723,
    3.0542022613823723,
    3.0542022613823723,
    3.0542022613823723,
    3.0542022613823723,
    3.0542022613823723,
    3.0542022613823723,
    3.0542022613823723,
    3.0542022613823723,
    3.0542022613823723,
    3.0542022613823723,
    3.0542022613823723,
    3.0542022613823723,
    3.0542022613823723,
    3.0542022613823723,
    3.0542022613823723,
    3.0542022613823723
  ],
  "config": {
    "n_devices": 50,
    "gamma": 10,
    "alpha": 0.1,
    "local_epochs": 5,
    "local_lr": 0.01,
    "local_momentum": 0.9,
    "distill_epochs": 1,
    "distill_lr": 0.001,
    "temperature": 3.0,
    "public_samples": 20000,
    "synthetic": false,
    "heterogeneity": {
      "config_file": "config/devices/heterogeneity.yaml",