{
  "label": "expE_a10_g10_s456",
  "phase": 3,
  "exp": "E",
  "method": "PAID-FD",
  "seed": 456,
  "desc": "PAID-FD \u03b1=1.0 \u03b3=10",
  "dataset": "cifar100",
  "summary": {
    "label": "expE_a10_g10_s456",
    "exp": "E",
    "method": "PAID-FD",
    "seed": 456,
    "desc": "PAID-FD \u03b1=1.0 \u03b3=10",
    "final_acc": 0.6022,
    "best_acc": 0.6109,
    "avg_participation": 1.0,
    "avg_price": 4.368094088616983,
    "avg_eps_per_round": 3.0699046350680295,
    "cumulative_payment": 55917.167955146535,
    "avg_privacy_spent": 306.99046350680294,
    "max_privacy_spent": 889.3739995362208,
    "time_to_targets": {
      "0.45": 3,
      "0.5": 7,
      "0.55": 13,
      "0.58": 28,
      "0.6": 61
    },
    "elapsed_sec": 10936.809472084045
  },
  "accuracies": [
    0.3931,
    0.4046,
    0.4433,
    0.4506,
    0.4656,
    0.4728,
    0.4956,
    0.5079,
    0.5008,
    0.5108,
    0.5161,
    0.5313,
    0.5341,
    0.5523,
    0.5405,
    0.5491,
    0.5515,
    0.5648,
    0.5684,
    0.5657,
    0.5684,
    0.5715,
    0.5737,
    0.5687,
    0.5789,
    0.5767,
    0.5776,
    0.5732,
    0.5816,
    0.5847,
    0.5947,
    0.5808,
    0.592,
    0.5863,
    0.5889,
    0.5883,
    0.5894,
    0.5964,
    0.5878,
    0.5851,
    0.5908,
    0.5848,
    0.5996,
    0.5956,
    0.5931,
    0.5912,
    0.5892,
    0.5938,
    0.5925,
    0.5902,
    0.5886,
    0.5921,
    0.5903,
    0.5965,
    0.5945,
    0.5963,
    0.5973,
    0.5943,
    0.5979,
    0.5959,
    0.5975,
    0.6015,
    0.596,
    0.5997,
    0.6025,
    0.6,
    0.5979,
    0.6051,
    0.6076,
    0.6028,
    0.6031,
    0.5958,
    0.6044,
    0.6031,
    0.6023,
    0.6046,
    0.6038,
    0.6014,
    0.6076,
    0.6062,
    0.6072,
    0.5987,
    0.6015,
    0.6063,
    0.6066,
    0.603,
    0.5991,
    0.6058,
    0.605,
    0.6109,
    0.6062,
    0.6031,
    0.6103,
    0.6061,
    0.6105,
    0.6013,
    0.6105,
    0.6106,
    0.6003,
    0.6022
  ],
  "participation_rates": [
    1.0,
    1.0,
    1.0,
    1.0,
    1.0,
    1.0,
    1.0,
    1.0,
    1.0,
    1.0,
    1.0,
    1.0,
    1.0,
    1.0,
    1.0,
    1.0,
    1.0,
    1.0,
    1.0,
    1.0,
    1.0,
    1.0,
    1.0,
    1.0,
    1.0,
    1.0,
    1.0,
    1.0,
    1.0,
    1.0,
    1.0,
    1.0,
    1.0,
    1.0,
    1.0,
    1.0,
    1.0,
    1.0,
    1.0,
    1.0,
    1.0,
    1.0,
    1.0,
    1.0,
    1.0,
    1.0,
    1.0,
    1.0,
    1.0,
    1.0,
    1.0,
    1.0,
    1.0,
    1.0,
    1.0,
    1.0,
    1.0,
    1.0,
    1.0,
    1.0,
    1.0,
    1.0,
    1.0,
    1.0,
    1.0,
    1.0,
    1.0,
    1.0,
    1.0,
    1.0,
    1.0,
    1.0,
    1.0,
    1.0,
    1.0,
    1.0,
    1.0,
    1.0,
    1.0,
    1.0,
    1.0,
    1.0,
    1.0,
    1.0,
    1.0,
    1.0,
    1.0,
    1.0,
    1.0,
    1.0,
    1.0,
    1.0,
    1.0,
    1.0,
    1.0,
    1.0,
    1.0,
    1.0,
    1.0,
    1.0
  ],
  "prices": [
    4.3680940886169815,
    4.3680940886169815,
    4.3680940886169815,
    4.3680940886169815,
    4.3680940886169815,
    4.3680940886169815,
    4.3680940886169815,
    4.3680940886169815,
    4.3680940886169815,
    4.3680940886169815,
    4.3680940886169815,
    4.3680940886169815,
    4.3680940886169815,
    4.3680940886169815,
    4.3680940886169815,
    4.3680940886169815,
    4.3680940886169815,
    4.3680940886169815,
    4.3680940886169815,
    4.3680940886169815,
    4.3680940886169815,
    4.3680940886169815,
    4.3680940886169815,
    4.3680940886169815,
    4.3680940886169815,
    4.3680940886169815,
    4.3680940886169815,
    4.3680940886169815,
    4.3680940886169815,
    4.3680940886169815,
    4.3680940886169815,
    4.3680940886169815,
    4.3680940886169815,
    4.3680940886169815,
    4.3680940886169815,
    4.3680940886169815,
    4.3680940886169815,
    4.3680940886169815,
    4.3680940886169815,
    4.3680940886169815,
    4.3680940886169815,
    4.3680940886169815,
    4.3680940886169815,
    4.3680940886169815,
    4.3680940886169815,
    4.3680940886169815,
    4.3680940886169815,
    4.3680940886169815,
    4.3680940886169815,
    4.3680940886169815,
    4.3680940886169815,
    4.3680940886169815,
    4.3680940886169815,
    4.3680940886169815,
    4.3680940886169815,
    4.3680940886169815,
    4.3680940886169815,
    4.3680940886169815,
    4.3680940886169815,
    4.3680940886169815,
    4.3680940886169815,
    4.3680940886169815,
    4.3680940886169815,
    4.3680940886169815,
    4.3680940886169815,
    4.3680940886169815,
    4.3680940886169815,
    4.3680940886169815,
    4.3680940886169815,
    4.3680940886169815,
    4.3680940886169815,
    4.3680940886169815,
    4.3680940886169815,
    4.3680940886169815,
    4.3680940886169815,
    4.3680940886169815,
    4.3680940886169815,
    4.3680940886169815,
    4.3680940886169815,
    4.3680940886169815,
    4.3680940886169815,
    4.3680940886169815,
    4.3680940886169815,
    4.3680940886169815,
    4.3680940886169815,
    4.3680940886169815,
    4.3680940886169815,
    4.3680940886169815,
    4.3680940886169815,
    4.3680940886169815,
    4.3680940886169815,
    4.3680940886169815,
    4.3680940886169815,
    4.3680940886169815,
    4.3680940886169815,
    4.3680940886169815,
    4.3680940886169815,
    4.3680940886169815,
    4.3680940886169815,
    4.3680940886169815
  ],
  "avg_eps": [
    3.0699046350680295,
    3.0699046350680295,
    3.0699046350680295,
    3.0699046350680295,
    3.0699046350680295,
    3.0699046350680295,
    3.0699046350680295,
    3.0699046350680295,
    3.0699046350680295,
    3.0699046350680295,
    3.0699046350680295,
    3.0699046350680295,
    3.0699046350680295,
    3.0699046350680295,
    3.0699046350680295,
    3.0699046350680295,
    3.0699046350680295,
    3.0699046350680295,
    3.0699046350680295,
    3.0699046350680295,
    3.0699046350680295,
    3.0699046350680295,
    3.0699046350680295,
    3.0699046350680295,
    3.0699046350680295,
    3.0699046350680295,
    3.0699046350680295,
    3.0699046350680295,
    3.0699046350680295,
    3.0699046350680295,
    3.0699046350680295,
    3.0699046350680295,
    3.0699046350680295,
    3.0699046350680295,
    3.0699046350680295,
    3.0699046350680295,
    3.0699046350680295,
    3.0699046350680295,
    3.0699046350680295,
    3.0699046350680295,
    3.0699046350680295,
    3.0699046350680295,
    3.0699046350680295,
    3.0699046350680295,
    3.0699046350680295,
    3.0699046350680295,
    3.0699046350680295,
    3.0699046350680295,
    3.0699046350680295,
    3.0699046350680295,
    3.0699046350680295,
    3.0699046350680295,
    3.0699046350680295,
    3.0699046350680295,
    3.0699046350680295,
    3.0699046350680295,
    3.0699046350680295,
    3.0699046350680295,
    3.0699046350680295,
    3.0699046350680295,
    3.0699046350680295,
    3.0699046350680295,
    3.0699046350680295,
    3.0699046350680295,
    3.0699046350680295,
    3.0699046350680295,
    3.0699046350680295,
    3.0699046350680295,
    3.0699046350680295,
    3.0699046350680295,
    3.0699046350680295,
    3.0699046350680295,
    3.0699046350680295,
    3.0699046350680295,
    3.0699046350680295,
    3.0699046350680295,
    3.0699046350680295,
    3.0699046350680295,
    3.0699046350680295,
    3.0699046350680295,
    3.0699046350680295,
    3.0699046350680295,
    3.0699046350680295,
    3.0699046350680295,
    3.0699046350680295,
    3.0699046350680295,
    3.0699046350680295,
    3.0699046350680295,
    3.0699046350680295,
    3.0699046350680295,
    3.0699046350680295,
    3.0699046350680295,
    3.0699046350680295,
    3.0699046350680295,
    3.0699046350680295,
    3.0699046350680295,
    3.0699046350680295,
    3.0699046350680295,
    3.0699046350680295,
    3.0699046350680295
  ],
  "config": {
    "n_devices": 50,
    "gamma": 10,
    "alpha": 1.0,
    "local_epochs": 5,
    "local_lr": 0.01,
    "local_momentum": 0.9,
    "distill_epochs": 1,
    "distill_lr": 0.001,
    "temperature": 3.0,
    "public_samples": 20000,