{
  "label": "expE_a01_g10_s456",
  "phase": 3,
  "exp": "E",
  "method": "PAID-FD",
  "seed": 456,
  "desc": "PAID-FD \u03b1=0.1 \u03b3=10",
  "dataset": "cifar100",
  "summary": {
    "label": "expE_a01_g10_s456",
    "exp": "E",
    "method": "PAID-FD",
    "seed": 456,
    "desc": "PAID-FD \u03b1=0.1 \u03b3=10",
    "final_acc": 0.6125,
    "best_acc": 0.6153,
    "avg_participation": 1.0,
    "avg_price": 4.368094088616983,
    "avg_eps_per_round": 3.0699046350680295,
    "cumulative_payment": 55917.167955146535,
    "avg_privacy_spent": 306.99046350680294,
    "max_privacy_spent": 889.3739995362208,
    "time_to_targets": {
      "0.45": 4,
      "0.5": 7,
      "0.55": 13,
      "0.58": 28,
      "0.6": 51
    },
    "elapsed_sec": 11086.373368740082
  },
  "accuracies": [
    0.3934,
    0.4026,
    0.4447,
    0.4457,
    0.4675,
    0.476,
    0.4951,
    0.5098,
    0.5067,
    0.508,
    0.5127,
    0.5337,
    0.5378,
    0.5523,
    0.5422,
    0.5453,
    0.5422,
    0.563,
    0.5628,
    0.5699,
    0.5664,
    0.569,
    0.5735,
    0.5669,
    0.5765,
    0.5742,
    0.5769,
    0.5692,
    0.584,
    0.5823,
    0.587,
    0.5843,
    0.5909,
    0.5884,
    0.5878,
    0.588,
    0.5895,
    0.5944,
    0.5947,
    0.5918,
    0.5874,
    0.5907,
    0.5965,
    0.5911,
    0.5969,
    0.5985,
    0.593,
    0.5959,
    0.5917,
    0.5962,
    0.5948,
    0.6009,
    0.5998,
    0.5985,
    0.6008,
    0.5982,
    0.606,
    0.6003,
    0.6023,
    0.5979,
    0.6011,
    0.6034,
    0.6016,
    0.6002,
    0.6068,
    0.6008,
    0.6053,
    0.6045,
    0.6012,
    0.6009,
    0.6053,
    0.6011,
    0.6102,
    0.6098,
    0.6051,
    0.6092,
    0.6053,
    0.5992,
    0.6098,
    0.6093,
    0.609,
    0.6054,
    0.6113,
    0.6065,
    0.6086,
    0.6036,
    0.6083,
    0.6153,
    0.605,
    0.6069,
    0.6031,
    0.6083,
    0.6137,
    0.6051,
    0.6089,
    0.6058,
    0.6124,
    0.612,
    0.6084,
    0.6125
  ],
  "participation_rates": [
    1.0,
    1.0,
    1.0,
    1.0,
    1.0,
    1.0,
    1.0,
    1.0,
    1.0,
    1.0,
    1.0,
    1.0,
    1.0,
    1.0,
    1.0,
    1.0,
    1.0,
    1.0,
    1.0,
    1.0,
    1.0,
    1.0,
    1.0,
    1.0,
    1.0,
    1.0,
    1.0,
    1.0,
    1.0,
    1.0,
    1.0,
    1.0,
    1.0,
    1.0,
    1.0,
    1.0,
    1.0,
    1.0,
    1.0,
    1.0,
    1.0,
    1.0,
    1.0,
    1.0,
    1.0,
    1.0,
    1.0,
    1.0,
    1.0,
    1.0,
    1.0,
    1.0,
    1.0,
    1.0,
    1.0,
    1.0,
    1.0,
    1.0,
    1.0,
    1.0,
    1.0,
    1.0,
    1.0,
    1.0,
    1.0,
    1.0,
    1.0,
    1.0,
    1.0,
    1.0,
    1.0,
    1.0,
    1.0,
    1.0,
    1.0,
    1.0,
    1.0,
    1.0,
    1.0,
    1.0,
    1.0,
    1.0,
    1.0,
    1.0,
    1.0,
    1.0,
    1.0,
    1.0,
    1.0,
    1.0,
    1.0,
    1.0,
    1.0,
    1.0,
    1.0,
    1.0,
    1.0,
    1.0,
    1.0,
    1.0
  ],
  "prices": [
    4.3680940886169815,
    4.3680940886169815,
    4.3680940886169815,
    4.3680940886169815,
    4.3680940886169815,
    4.3680940886169815,
    4.3680940886169815,
    4.3680940886169815,
    4.3680940886169815,
    4.3680940886169815,
    4.3680940886169815,
    4.3680940886169815,
    4.3680940886169815,
    4.3680940886169815,
    4.3680940886169815,
    4.3680940886169815,
    4.3680940886169815,
    4.3680940886169815,
    4.3680940886169815,
    4.3680940886169815,
    4.3680940886169815,
    4.3680940886169815,
    4.3680940886169815,
    4.3680940886169815,
    4.3680940886169815,
    4.3680940886169815,
    4.3680940886169815,
    4.3680940886169815,
    4.3680940886169815,
    4.3680940886169815,
    4.3680940886169815,
    4.3680940886169815,
    4.3680940886169815,
    4.3680940886169815,
    4.3680940886169815,
    4.3680940886169815,
    4.3680940886169815,
    4.3680940886169815,
    4.3680940886169815,
    4.3680940886169815,
    4.3680940886169815,
    4.3680940886169815,
    4.3680940886169815,
    4.3680940886169815,
    4.3680940886169815,
    4.3680940886169815,
    4.3680940886169815,
    4.3680940886169815,
    4.3680940886169815,
    4.3680940886169815,
    4.3680940886169815,
    4.3680940886169815,
    4.3680940886169815,
    4.3680940886169815,
    4.3680940886169815,
    4.3680940886169815,
    4.3680940886169815,
    4.3680940886169815,
    4.3680940886169815,
    4.3680940886169815,
    4.3680940886169815,
    4.3680940886169815,
    4.3680940886169815,
    4.3680940886169815,
    4.3680940886169815,
    4.3680940886169815,
    4.3680940886169815,
    4.3680940886169815,
    4.3680940886169815,
    4.3680940886169815,
    4.3680940886169815,
    4.3680940886169815,
    4.3680940886169815,
    4.3680940886169815,
    4.3680940886169815,
    4.3680940886169815,
    4.3680940886169815,
    4.3680940886169815,
    4.3680940886169815,
    4.3680940886169815,
    4.3680940886169815,
    4.3680940886169815,
    4.3680940886169815,
    4.3680940886169815,
    4.3680940886169815,
    4.3680940886169815,
    4.3680940886169815,
    4.3680940886169815,
    4.3680940886169815,
    4.3680940886169815,
    4.3680940886169815,
    4.3680940886169815,
    4.3680940886169815,
    4.3680940886169815,
    4.3680940886169815,
    4.3680940886169815,
    4.3680940886169815,
    4.3680940886169815,
    4.3680940886169815,
    4.3680940886169815
  ],
  "avg_eps": [
    3.0699046350680295,
    3.0699046350680295,
    3.0699046350680295,
    3.0699046350680295,
    3.0699046350680295,
    3.0699046350680295,
    3.0699046350680295,
    3.0699046350680295,
    3.0699046350680295,
    3.0699046350680295,
    3.0699046350680295,
    3.0699046350680295,
    3.0699046350680295,
    3.0699046350680295,
    3.0699046350680295,
    3.0699046350680295,
    3.0699046350680295,
    3.0699046350680295,
    3.0699046350680295,
    3.0699046350680295,
    3.0699046350680295,
    3.0699046350680295,
    3.0699046350680295,
    3.0699046350680295,
    3.0699046350680295,
    3.0699046350680295,
    3.0699046350680295,
    3.0699046350680295,
    3.0699046350680295,
    3.0699046350680295,
    3.0699046350680295,
    3.0699046350680295,
    3.0699046350680295,
    3.0699046350680295,
    3.0699046350680295,
    3.0699046350680295,
    3.0699046350680295,
    3.0699046350680295,
    3.0699046350680295,
    3.0699046350680295,
    3.0699046350680295,
    3.0699046350680295,
    3.0699046350680295,
    3.0699046350680295,
    3.0699046350680295,
    3.0699046350680295,
    3.0699046350680295,
    3.0699046350680295,
    3.0699046350680295,
    3.0699046350680295,
    3.0699046350680295,
    3.0699046350680295,
    3.0699046350680295,
    3.0699046350680295,
    3.0699046350680295,
    3.0699046350680295,
    3.0699046350680295,
    3.0699046350680295,
    3.0699046350680295,
    3.0699046350680295,
    3.0699046350680295,
    3.0699046350680295,
    3.0699046350680295,
    3.0699046350680295,
    3.0699046350680295,
    3.0699046350680295,
    3.0699046350680295,
    3.0699046350680295,
    3.0699046350680295,
    3.0699046350680295,
    3.0699046350680295,
    3.0699046350680295,
    3.0699046350680295,
    3.0699046350680295,
    3.0699046350680295,
    3.0699046350680295,
    3.0699046350680295,
    3.0699046350680295,
    3.0699046350680295,
    3.0699046350680295,
    3.0699046350680295,
    3.0699046350680295,
    3.0699046350680295,
    3.0699046350680295,
    3.0699046350680295,
    3.0699046350680295,
    3.0699046350680295,
    3.0699046350680295,
    3.0699046350680295,
    3.0699046350680295,
    3.0699046350680295,
    3.0699046350680295,
    3.0699046350680295,
    3.0699046350680295,
    3.0699046350680295,
    3.0699046350680295,
    3.0699046350680295,
    3.0699046350680295,
    3.0699046350680295,
    3.0699046350680295
  ],
  "config": {
    "n_devices": 50,
    "gamma": 10,
    "alpha": 0.1,
    "local_epochs": 5,
    "local_lr": 0.01,
    "local_momentum": 0.9,
    "distill_epochs": 1,
    "distill_lr": 0.001,
    "temperature": 3.0,
    "public_samples": 20000,