{
  "label": "expE_a10_g3_s42",
  "phase": 3,
  "exp": "E",
  "method": "PAID-FD",
  "seed": 42,
  "desc": "PAID-FD \u03b1=1.0 \u03b3=3",
  "dataset": "cifar100",
  "summary": {
    "label": "expE_a10_g3_s42",
    "exp": "E",
    "method": "PAID-FD",
    "seed": 42,
    "desc": "PAID-FD \u03b1=1.0 \u03b3=3",
    "final_acc": 0.6014,
    "best_acc": 0.607,
    "avg_participation": 0.38000000000000006,
    "avg_price": 2.3328813386273954,
    "avg_eps_per_round": 2.8311727206063906,
    "cumulative_payment": 8550.323849519278,
    "avg_privacy_spent": 283.11727206063915,
    "max_privacy_spent": 519.1095278799306,
    "time_to_targets": {
      "0.45": 5,
      "0.5": 8,
      "0.55": 16,
      "0.58": 23,
      "0.6": 74
    },
    "elapsed_sec": 4504.526066541672
  },
  "accuracies": [
    0.3857,
    0.3807,
    0.4132,
    0.4223,
    0.4487,
    0.4595,
    0.4862,
    0.481,
    0.5036,
    0.4924,
    0.5149,
    0.5208,
    0.5228,
    0.5333,
    0.5343,
    0.5474,
    0.5594,
    0.5588,
    0.5573,
    0.5583,
    0.5697,
    0.5608,
    0.5666,
    0.5814,
    0.5668,
    0.569,
    0.5801,
    0.579,
    0.5822,
    0.5753,
    0.5797,
    0.5739,
    0.5754,
    0.5846,
    0.5879,
    0.5905,
    0.5928,
    0.5786,
    0.582,
    0.5828,
    0.5867,
    0.5924,
    0.5851,
    0.5895,
    0.5899,
    0.5975,
    0.5874,
    0.5904,
    0.597,
    0.5925,
    0.5952,
    0.5865,
    0.5913,
    0.5914,
    0.5945,
    0.5972,
    0.5995,
    0.5973,
    0.5984,
    0.5946,
    0.5927,
    0.5938,
    0.5938,
    0.5989,
    0.5989,
    0.5981,
    0.5938,
    0.5964,
    0.5985,
    0.5983,
    0.5933,
    0.5938,
    0.597,
    0.5896,
    0.6014,
    0.5943,
    0.5994,
    0.602,
    0.603,
    0.5979,
    0.603,
    0.6042,
    0.598,
    0.5992,
    0.5982,
    0.5977,
    0.6024,
    0.607,
    0.5954,
    0.5964,
    0.6032,
    0.603,
    0.5948,
    0.6033,
    0.599,
    0.5961,
    0.6045,
    0.5991,
    0.6007,
    0.6014
  ],
  "participation_rates": [
    0.38,
    0.38,
    0.38,
    0.38,
    0.38,
    0.38,
    0.38,
    0.38,
    0.38,
    0.38,
    0.38,
    0.38,
    0.38,
    0.38,
    0.38,
    0.38,
    0.38,
    0.38,
    0.38,
    0.38,
    0.38,
    0.38,
    0.38,
    0.38,
    0.38,
    0.38,
    0.38,
    0.38,
    0.38,
    0.38,
    0.38,
    0.38,
    0.38,
    0.38,
    0.38,
    0.38,
    0.38,
    0.38,
    0.38,
    0.38,
    0.38,
    0.38,
    0.38,
    0.38,
    0.38,
    0.38,
    0.38,
    0.38,
    0.38,
    0.38,
    0.38,
    0.38,
    0.38,
    0.38,
    0.38,
    0.38,
    0.38,
    0.38,
    0.38,
    0.38,
    0.38,
    0.38,
    0.38,
    0.38,
    0.38,
    0.38,
    0.38,
    0.38,
    0.38,
    0.38,
    0.38,
    0.38,
    0.38,
    0.38,
    0.38,
    0.38,
    0.38,
    0.38,
    0.38,
    0.38,
    0.38,
    0.38,
    0.38,
    0.38,
    0.38,
    0.38,
    0.38,
    0.38,
    0.38,
    0.38,
    0.38,
    0.38,
    0.38,
    0.38,
    0.38,
    0.38,
    0.38,
    0.38,
    0.38,
    0.38
  ],
  "prices": [
    2.332881338627395,
    2.332881338627395,
    2.332881338627395,
    2.332881338627395,
    2.332881338627395,
    2.332881338627395,
    2.332881338627395,
    2.332881338627395,
    2.332881338627395,
    2.332881338627395,
    2.332881338627395,
    2.332881338627395,
    2.332881338627395,
    2.332881338627395,
    2.332881338627395,
    2.332881338627395,
    2.332881338627395,
    2.332881338627395,
    2.332881338627395,
    2.332881338627395,
    2.332881338627395,
    2.332881338627395,
    2.332881338627395,
    2.332881338627395,
    2.332881338627395,
    2.332881338627395,
    2.332881338627395,
    2.332881338627395,
    2.332881338627395,
    2.332881338627395,
    2.332881338627395,
    2.332881338627395,
    2.332881338627395,
    2.332881338627395,
    2.332881338627395,
    2.332881338627395,
    2.332881338627395,
    2.332881338627395,
    2.332881338627395,
    2.332881338627395,
    2.332881338627395,
    2.332881338627395,
    2.332881338627395,
    2.332881338627395,
    2.332881338627395,
    2.332881338627395,
    2.332881338627395,
    2.332881338627395,
    2.332881338627395,
    2.332881338627395,
    2.332881338627395,
    2.332881338627395,
    2.332881338627395,
    2.332881338627395,
    2.332881338627395,
    2.332881338627395,
    2.332881338627395,
    2.332881338627395,
    2.332881338627395,
    2.332881338627395,
    2.332881338627395,
    2.332881338627395,
    2.332881338627395,
    2.332881338627395,
    2.332881338627395,
    2.332881338627395,
    2.332881338627395,
    2.332881338627395,
    2.332881338627395,
    2.332881338627395,
    2.332881338627395,
    2.332881338627395,
    2.332881338627395,
    2.332881338627395,
    2.332881338627395,
    2.332881338627395,
    2.332881338627395,
    2.332881338627395,
    2.332881338627395,
    2.332881338627395,
    2.332881338627395,
    2.332881338627395,
    2.332881338627395,
    2.332881338627395,
    2.332881338627395,
    2.332881338627395,
    2.332881338627395,
    2.332881338627395,
    2.332881338627395,
    2.332881338627395,
    2.332881338627395,
    2.332881338627395,
    2.332881338627395,
    2.332881338627395,
    2.332881338627395,
    2.332881338627395,
    2.332881338627395,
    2.332881338627395,
    2.332881338627395,
    2.332881338627395
  ],
  "avg_eps": [
    2.831172720606391,
    2.831172720606391,
    2.831172720606391,
    2.831172720606391,
    2.831172720606391,
    2.831172720606391,
    2.831172720606391,
    2.831172720606391,
    2.831172720606391,
    2.831172720606391,
    2.831172720606391,
    2.831172720606391,
    2.831172720606391,
    2.831172720606391,
    2.831172720606391,
    2.831172720606391,
    2.831172720606391,
    2.831172720606391,
    2.831172720606391,
    2.831172720606391,
    2.831172720606391,
    2.831172720606391,
    2.831172720606391,
    2.831172720606391,
    2.831172720606391,
    2.831172720606391,
    2.831172720606391,
    2.831172720606391,
    2.831172720606391,
    2.831172720606391,
    2.831172720606391,
    2.831172720606391,
    2.831172720606391,
    2.831172720606391,
    2.831172720606391,
    2.831172720606391,
    2.831172720606391,
    2.831172720606391,
    2.831172720606391,
    2.831172720606391,
    2.831172720606391,
    2.831172720606391,
    2.831172720606391,
    2.831172720606391,
    2.831172720606391,
    2.831172720606391,
    2.831172720606391,
    2.831172720606391,
    2.831172720606391,
    2.831172720606391,
    2.831172720606391,
    2.831172720606391,
    2.831172720606391,
    2.831172720606391,
    2.831172720606391,
    2.831172720606391,
    2.831172720606391,
    2.831172720606391,
    2.831172720606391,
    2.831172720606391,
    2.831172720606391,
    2.831172720606391,
    2.831172720606391,
    2.831172720606391,
    2.831172720606391,
    2.831172720606391,
    2.831172720606391,
    2.831172720606391,
    2.831172720606391,
    2.831172720606391,
    2.831172720606391,
    2.831172720606391,
    2.831172720606391,
    2.831172720606391,
    2.831172720606391,
    2.831172720606391,
    2.831172720606391,
    2.831172720606391,
    2.831172720606391,
    2.831172720606391,
    2.831172720606391,
    2.831172720606391,
    2.831172720606391,
    2.831172720606391,
    2.831172720606391,
    2.831172720606391,
    2.831172720606391,
    2.831172720606391,
    2.831172720606391,
    2.831172720606391,
    2.831172720606391,
    2.831172720606391,
    2.831172720606391,
    2.831172720606391,
    2.831172720606391,
    2.831172720606391,
    2.831172720606391,
    2.831172720606391,
    2.831172720606391,
    2.831172720606391
  ],
  "config": {
    "n_devices": 50,
    "gamma": 3,
    "alpha": 1.0,
    "local_epochs": 5,
    "local_lr": 0.01,
    "local_momentum": 0.9,
    "distill_epochs": 1,
    "distill_lr": 0.001,
    "temperature": 3.0,
    "public_samples": 20000,
    "synthetic": false,