{
  "label": "expE_a01_g3_s42",
  "phase": 3,
  "exp": "E",
  "method": "PAID-FD",
  "seed": 42,
  "desc": "PAID-FD \u03b1=0.1 \u03b3=3",
  "dataset": "cifar100",
  "summary": {
    "label": "expE_a01_g3_s42",
    "exp": "E",
    "method": "PAID-FD",
    "seed": 42,
    "desc": "PAID-FD \u03b1=0.1 \u03b3=3",
    "final_acc": 0.6,
    "best_acc": 0.6128,
    "avg_participation": 0.38000000000000006,
    "avg_price": 2.3328813386273954,
    "avg_eps_per_round": 2.8311727206063906,
    "cumulative_payment": 8550.323849519278,
    "avg_privacy_spent": 283.11727206063915,
    "max_privacy_spent": 519.1095278799306,
    "time_to_targets": {
      "0.45": 4,
      "0.5": 7,
      "0.55": 17,
      "0.58": 26,
      "0.6": 49
    },
    "elapsed_sec": 4598.261634588242
  },
  "accuracies": [
    0.3693,
    0.3973,
    0.3977,
    0.4428,
    0.4524,
    0.4763,
    0.4775,
    0.5006,
    0.4999,
    0.5135,
    0.5181,
    0.5181,
    0.5261,
    0.5405,
    0.5337,
    0.5415,
    0.5477,
    0.5656,
    0.5577,
    0.569,
    0.5645,
    0.56,
    0.5668,
    0.5724,
    0.5733,
    0.573,
    0.5835,
    0.5834,
    0.5839,
    0.5875,
    0.5797,
    0.5916,
    0.5826,
    0.5866,
    0.5901,
    0.5852,
    0.589,
    0.5871,
    0.5862,
    0.5921,
    0.5963,
    0.5906,
    0.5965,
    0.5981,
    0.5838,
    0.5985,
    0.5901,
    0.5884,
    0.5873,
    0.6018,
    0.5926,
    0.5929,
    0.5986,
    0.5977,
    0.5999,
    0.595,
    0.5989,
    0.5997,
    0.6004,
    0.6006,
    0.5974,
    0.5948,
    0.6008,
    0.5993,
    0.6023,
    0.6042,
    0.6016,
    0.6017,
    0.6008,
    0.6051,
    0.6046,
    0.604,
    0.6017,
    0.6013,
    0.6007,
    0.6079,
    0.6034,
    0.6031,
    0.604,
    0.6067,
    0.5982,
    0.6058,
    0.6042,
    0.6035,
    0.6044,
    0.6067,
    0.6005,
    0.5989,
    0.6029,
    0.6047,
    0.6084,
    0.6061,
    0.6037,
    0.6128,
    0.6057,
    0.6047,
    0.6026,
    0.602,
    0.6056,
    0.6
  ],
  "participation_rates": [
    0.38,
    0.38,
    0.38,
    0.38,
    0.38,
    0.38,
    0.38,
    0.38,
    0.38,
    0.38,
    0.38,
    0.38,
    0.38,
    0.38,
    0.38,
    0.38,
    0.38,
    0.38,
    0.38,
    0.38,
    0.38,
    0.38,
    0.38,
    0.38,
    0.38,
    0.38,
    0.38,
    0.38,
    0.38,
    0.38,
    0.38,
    0.38,
    0.38,
    0.38,
    0.38,
    0.38,
    0.38,
    0.38,
    0.38,
    0.38,
    0.38,
    0.38,
    0.38,
    0.38,
    0.38,
    0.38,
    0.38,
    0.38,
    0.38,
    0.38,
    0.38,
    0.38,
    0.38,
    0.38,
    0.38,
    0.38,
    0.38,
    0.38,
    0.38,
    0.38,
    0.38,
    0.38,
    0.38,
    0.38,
    0.38,
    0.38,
    0.38,
    0.38,
    0.38,
    0.38,
    0.38,
    0.38,
    0.38,
    0.38,
    0.38,
    0.38,
    0.38,
    0.38,
    0.38,
    0.38,
    0.38,
    0.38,
    0.38,
    0.38,
    0.38,
    0.38,
    0.38,
    0.38,
    0.38,
    0.38,
    0.38,
    0.38,
    0.38,
    0.38,
    0.38,
    0.38,
    0.38,
    0.38,
    0.38,
    0.38
  ],
  "prices": [
    2.332881338627395,
    2.332881338627395,
    2.332881338627395,
    2.332881338627395,
    2.332881338627395,
    2.332881338627395,
    2.332881338627395,
    2.332881338627395,
    2.332881338627395,
    2.332881338627395,
    2.332881338627395,
    2.332881338627395,
    2.332881338627395,
    2.332881338627395,
    2.332881338627395,
    2.332881338627395,
    2.332881338627395,
    2.332881338627395,
    2.332881338627395,
    2.332881338627395,
    2.332881338627395,
    2.332881338627395,
    2.332881338627395,
    2.332881338627395,
    2.332881338627395,
    2.332881338627395,
    2.332881338627395,
    2.332881338627395,
    2.332881338627395,
    2.332881338627395,
    2.332881338627395,
    2.332881338627395,
    2.332881338627395,
    2.332881338627395,
    2.332881338627395,
    2.332881338627395,
    2.332881338627395,
    2.332881338627395,
    2.332881338627395,
    2.332881338627395,
    2.332881338627395,
    2.332881338627395,
    2.332881338627395,
    2.332881338627395,
    2.332881338627395,
    2.332881338627395,
    2.332881338627395,
    2.332881338627395,
    2.332881338627395,
    2.332881338627395,
    2.332881338627395,
    2.332881338627395,
    2.332881338627395,
    2.332881338627395,
    2.332881338627395,
    2.332881338627395,
    2.332881338627395,
    2.332881338627395,
    2.332881338627395,
    2.332881338627395,
    2.332881338627395,
    2.332881338627395,
    2.332881338627395,
    2.332881338627395,
    2.332881338627395,
    2.332881338627395,
    2.332881338627395,
    2.332881338627395,
    2.332881338627395,
    2.332881338627395,
    2.332881338627395,
    2.332881338627395,
    2.332881338627395,
    2.332881338627395,
    2.332881338627395,
    2.332881338627395,
    2.332881338627395,
    2.332881338627395,
    2.332881338627395,
    2.332881338627395,
    2.332881338627395,
    2.332881338627395,
    2.332881338627395,
    2.332881338627395,
    2.332881338627395,
    2.332881338627395,
    2.332881338627395,
    2.332881338627395,
    2.332881338627395,
    2.332881338627395,
    2.332881338627395,
    2.332881338627395,
    2.332881338627395,
    2.332881338627395,
    2.332881338627395,
    2.332881338627395,
    2.332881338627395,
    2.332881338627395,
    2.332881338627395,
    2.332881338627395
  ],
  "avg_eps": [
    2.831172720606391,
    2.831172720606391,
    2.831172720606391,
    2.831172720606391,
    2.831172720606391,
    2.831172720606391,
    2.831172720606391,
    2.831172720606391,
    2.831172720606391,
    2.831172720606391,
    2.831172720606391,
    2.831172720606391,
    2.831172720606391,
    2.831172720606391,
    2.831172720606391,
    2.831172720606391,
    2.831172720606391,
    2.831172720606391,
    2.831172720606391,
    2.831172720606391,
    2.831172720606391,
    2.831172720606391,
    2.831172720606391,
    2.831172720606391,
    2.831172720606391,
    2.831172720606391,
    2.831172720606391,
    2.831172720606391,
    2.831172720606391,
    2.831172720606391,
    2.831172720606391,
    2.831172720606391,
    2.831172720606391,
    2.831172720606391,
    2.831172720606391,
    2.831172720606391,
    2.831172720606391,
    2.831172720606391,
    2.831172720606391,
    2.831172720606391,
    2.831172720606391,
    2.831172720606391,
    2.831172720606391,
    2.831172720606391,
    2.831172720606391,
    2.831172720606391,
    2.831172720606391,
    2.831172720606391,
    2.831172720606391,
    2.831172720606391,
    2.831172720606391,
    2.831172720606391,
    2.831172720606391,
    2.831172720606391,
    2.831172720606391,
    2.831172720606391,
    2.831172720606391,
    2.831172720606391,
    2.831172720606391,
    2.831172720606391,
    2.831172720606391,
    2.831172720606391,
    2.831172720606391,
    2.831172720606391,
    2.831172720606391,
    2.831172720606391,
    2.831172720606391,
    2.831172720606391,
    2.831172720606391,
    2.831172720606391,
    2.831172720606391,
    2.831172720606391,
    2.831172720606391,
    2.831172720606391,
    2.831172720606391,
    2.831172720606391,
    2.831172720606391,
    2.831172720606391,
    2.831172720606391,
    2.831172720606391,
    2.831172720606391,
    2.831172720606391,
    2.831172720606391,
    2.831172720606391,
    2.831172720606391,
    2.831172720606391,
    2.831172720606391,
    2.831172720606391,
    2.831172720606391,
    2.831172720606391,
    2.831172720606391,
    2.831172720606391,
    2.831172720606391,
    2.831172720606391,
    2.831172720606391,
    2.831172720606391,
    2.831172720606391,
    2.831172720606391,
    2.831172720606391,
    2.831172720606391
  ],
  "config": {
    "n_devices": 50,
    "gamma": 3,
    "alpha": 0.1,
    "local_epochs": 5,
    "local_lr": 0.01,
    "local_momentum": 0.9,
    "distill_epochs": 1,
    "distill_lr": 0.001,
    "temperature": 3.0,
    "public_samples": 20000,
    "synthetic": false,