{
  "label": "expE_a01_g3_s456",
  "phase": 3,
  "exp": "E",
  "method": "PAID-FD",
  "seed": 456,
  "desc": "PAID-FD \u03b1=0.1 \u03b3=3",
  "dataset": "cifar100",
  "summary": {
    "label": "expE_a01_g3_s456",
    "exp": "E",
    "method": "PAID-FD",
    "seed": 456,
    "desc": "PAID-FD \u03b1=0.1 \u03b3=3",
    "final_acc": 0.6127,
    "best_acc": 0.6183,
    "avg_participation": 0.38000000000000006,
    "avg_price": 2.345800778414691,
    "avg_eps_per_round": 2.768385082174799,
    "cumulative_payment": 8798.812237409697,
    "avg_privacy_spent": 276.8385082174798,
    "max_privacy_spent": 509.64716946391627,
    "time_to_targets": {
      "0.45": 4,
      "0.5": 8,
      "0.55": 15,
      "0.58": 27,
      "0.6": 48
    },
    "elapsed_sec": 4517.370908021927
  },
  "accuracies": [
    0.3938,
    0.4113,
    0.4297,
    0.4438,
    0.4698,
    0.4739,
    0.4974,
    0.4929,
    0.508,
    0.5059,
    0.5282,
    0.5284,
    0.5297,
    0.5437,
    0.5427,
    0.563,
    0.5602,
    0.5528,
    0.557,
    0.5568,
    0.5638,
    0.5686,
    0.5712,
    0.5743,
    0.5674,
    0.5686,
    0.5785,
    0.5919,
    0.5735,
    0.59,
    0.5809,
    0.5908,
    0.5831,
    0.5945,
    0.5929,
    0.5826,
    0.5898,
    0.5904,
    0.5952,
    0.5945,
    0.5919,
    0.5967,
    0.5947,
    0.5922,
    0.5942,
    0.5902,
    0.5864,
    0.5974,
    0.6022,
    0.6031,
    0.5958,
    0.5946,
    0.5992,
    0.6008,
    0.6005,
    0.6019,
    0.6052,
    0.6059,
    0.6079,
    0.6047,
    0.6023,
    0.6044,
    0.6061,
    0.6059,
    0.5999,
    0.6081,
    0.6048,
    0.6033,
    0.6119,
    0.6026,
    0.6006,
    0.6023,
    0.6051,
    0.6027,
    0.6043,
    0.6079,
    0.6048,
    0.6012,
    0.6023,
    0.6025,
    0.5997,
    0.6057,
    0.6041,
    0.6074,
    0.6085,
    0.6102,
    0.6102,
    0.609,
    0.6041,
    0.6019,
    0.6063,
    0.6101,
    0.6112,
    0.6087,
    0.6146,
    0.6108,
    0.6121,
    0.6085,
    0.6183,
    0.6127
  ],
  "participation_rates": [
    0.38,
    0.38,
    0.38,
    0.38,
    0.38,
    0.38,
    0.38,
    0.38,
    0.38,
    0.38,
    0.38,
    0.38,
    0.38,
    0.38,
    0.38,
    0.38,
    0.38,
    0.38,
    0.38,
    0.38,
    0.38,
    0.38,
    0.38,
    0.38,
    0.38,
    0.38,
    0.38,
    0.38,
    0.38,
    0.38,
    0.38,
    0.38,
    0.38,
    0.38,
    0.38,
    0.38,
    0.38,
    0.38,
    0.38,
    0.38,
    0.38,
    0.38,
    0.38,
    0.38,
    0.38,
    0.38,
    0.38,
    0.38,
    0.38,
    0.38,
    0.38,
    0.38,
    0.38,
    0.38,
    0.38,
    0.38,
    0.38,
    0.38,
    0.38,
    0.38,
    0.38,
    0.38,
    0.38,
    0.38,
    0.38,
    0.38,
    0.38,
    0.38,
    0.38,
    0.38,
    0.38,
    0.38,
    0.38,
    0.38,
    0.38,
    0.38,
    0.38,
    0.38,
    0.38,
    0.38,
    0.38,
    0.38,
    0.38,
    0.38,
    0.38,
    0.38,
    0.38,
    0.38,
    0.38,
    0.38,
    0.38,
    0.38,
    0.38,
    0.38,
    0.38,
    0.38,
    0.38,
    0.38,
    0.38,
    0.38
  ],
  "prices": [
    2.3458007784146906,
    2.3458007784146906,
    2.3458007784146906,
    2.3458007784146906,
    2.3458007784146906,
    2.3458007784146906,
    2.3458007784146906,
    2.3458007784146906,
    2.3458007784146906,
    2.3458007784146906,
    2.3458007784146906,
    2.3458007784146906,
    2.3458007784146906,
    2.3458007784146906,
    2.3458007784146906,
    2.3458007784146906,
    2.3458007784146906,
    2.3458007784146906,
    2.3458007784146906,
    2.3458007784146906,
    2.3458007784146906,
    2.3458007784146906,
    2.3458007784146906,
    2.3458007784146906,
    2.3458007784146906,
    2.3458007784146906,
    2.3458007784146906,
    2.3458007784146906,
    2.3458007784146906,
    2.3458007784146906,
    2.3458007784146906,
    2.3458007784146906,
    2.3458007784146906,
    2.3458007784146906,
    2.3458007784146906,
    2.3458007784146906,
    2.3458007784146906,
    2.3458007784146906,
    2.3458007784146906,
    2.3458007784146906,
    2.3458007784146906,
    2.3458007784146906,
    2.3458007784146906,
    2.3458007784146906,
    2.3458007784146906,
    2.3458007784146906,
    2.3458007784146906,
    2.3458007784146906,
    2.3458007784146906,
    2.3458007784146906,
    2.3458007784146906,
    2.3458007784146906,
    2.3458007784146906,
    2.3458007784146906,
    2.3458007784146906,
    2.3458007784146906,
    2.3458007784146906,
    2.3458007784146906,
    2.3458007784146906,
    2.3458007784146906,
    2.3458007784146906,
    2.3458007784146906,
    2.3458007784146906,
    2.3458007784146906,
    2.3458007784146906,
    2.3458007784146906,
    2.3458007784146906,
    2.3458007784146906,
    2.3458007784146906,
    2.3458007784146906,
    2.3458007784146906,
    2.3458007784146906,
    2.3458007784146906,
    2.3458007784146906,
    2.3458007784146906,
    2.3458007784146906,
    2.3458007784146906,
    2.3458007784146906,
    2.3458007784146906,
    2.3458007784146906,
    2.3458007784146906,
    2.3458007784146906,
    2.3458007784146906,
    2.3458007784146906,
    2.3458007784146906,
    2.3458007784146906,
    2.3458007784146906,
    2.3458007784146906,
    2.3458007784146906,
    2.3458007784146906,
    2.3458007784146906,
    2.3458007784146906,
    2.3458007784146906,
    2.3458007784146906,
    2.3458007784146906,
    2.3458007784146906,
    2.3458007784146906,
    2.3458007784146906,
    2.3458007784146906,
    2.3458007784146906
  ],
  "avg_eps": [
    2.768385082174799,
    2.768385082174799,
    2.768385082174799,
    2.768385082174799,
    2.768385082174799,
    2.768385082174799,
    2.768385082174799,
    2.768385082174799,
    2.768385082174799,
    2.768385082174799,
    2.768385082174799,
    2.768385082174799,
    2.768385082174799,
    2.768385082174799,
    2.768385082174799,
    2.768385082174799,
    2.768385082174799,
    2.768385082174799,
    2.768385082174799,
    2.768385082174799,
    2.768385082174799,
    2.768385082174799,
    2.768385082174799,
    2.768385082174799,
    2.768385082174799,
    2.768385082174799,
    2.768385082174799,
    2.768385082174799,
    2.768385082174799,
    2.768385082174799,
    2.768385082174799,
    2.768385082174799,
    2.768385082174799,
    2.768385082174799,
    2.768385082174799,
    2.768385082174799,
    2.768385082174799,
    2.768385082174799,
    2.768385082174799,
    2.768385082174799,
    2.768385082174799,
    2.768385082174799,
    2.768385082174799,
    2.768385082174799,
    2.768385082174799,
    2.768385082174799,
    2.768385082174799,
    2.768385082174799,
    2.768385082174799,
    2.768385082174799,
    2.768385082174799,
    2.768385082174799,
    2.768385082174799,
    2.768385082174799,
    2.768385082174799,
    2.768385082174799,
    2.768385082174799,
    2.768385082174799,
    2.768385082174799,
    2.768385082174799,
    2.768385082174799,
    2.768385082174799,
    2.768385082174799,
    2.768385082174799,
    2.768385082174799,
    2.768385082174799,
    2.768385082174799,
    2.768385082174799,
    2.768385082174799,
    2.768385082174799,
    2.768385082174799,
    2.768385082174799,
    2.768385082174799,
    2.768385082174799,
    2.768385082174799,
    2.768385082174799,
    2.768385082174799,
    2.768385082174799,
    2.768385082174799,
    2.768385082174799,
    2.768385082174799,
    2.768385082174799,
    2.768385082174799,
    2.768385082174799,
    2.768385082174799,
    2.768385082174799,
    2.768385082174799,
    2.768385082174799,
    2.768385082174799,
    2.768385082174799,
    2.768385082174799,
    2.768385082174799,
    2.768385082174799,
    2.768385082174799,
    2.768385082174799,
    2.768385082174799,
    2.768385082174799,
    2.768385082174799,
    2.768385082174799,
    2.768385082174799
  ],
  "config": {
    "n_devices": 50,
    "gamma": 3,
    "alpha": 0.1,
    "local_epochs": 5,
    "local_lr": 0.01,
    "local_momentum": 0.9,
    "distill_epochs": 1,
    "distill_lr": 0.001,
    "temperature": 3.0,