{
  "label": "expE_a10_g10_s42",
  "phase": 3,
  "exp": "E",
  "method": "PAID-FD",
  "seed": 42,
  "desc": "PAID-FD \u03b1=1.0 \u03b3=10",
  "dataset": "cifar100",
  "summary": {
    "label": "expE_a10_g10_s42",
    "exp": "E",
    "method": "PAID-FD",
    "seed": 42,
    "desc": "PAID-FD \u03b1=1.0 \u03b3=10",
    "final_acc": 0.6013,
    "best_acc": 0.6121,
    "avg_participation": 1.0,
    "avg_price": 4.414915690765131,
    "avg_eps_per_round": 3.1480725332428854,
    "cumulative_payment": 56090.51039210734,
    "avg_privacy_spent": 314.8072533242884,
    "max_privacy_spent": 916.5747139974338,
    "time_to_targets": {
      "0.45": 5,
      "0.5": 9,
      "0.55": 14,
      "0.58": 25,
      "0.6": 62
    },
    "elapsed_sec": 10972.749591588974
  },
  "accuracies": [
    0.3738,
    0.3801,
    0.4318,
    0.4354,
    0.4405,
    0.4595,
    0.4862,
    0.4932,
    0.4839,
    0.503,
    0.5156,
    0.5203,
    0.5384,
    0.5447,
    0.5514,
    0.5536,
    0.5546,
    0.5584,
    0.5541,
    0.565,
    0.5621,
    0.5702,
    0.577,
    0.5613,
    0.5693,
    0.5835,
    0.5779,
    0.58,
    0.5764,
    0.5806,
    0.5844,
    0.582,
    0.5916,
    0.5895,
    0.5843,
    0.5908,
    0.5919,
    0.5868,
    0.5938,
    0.5858,
    0.5987,
    0.594,
    0.5875,
    0.5914,
    0.5861,
    0.5893,
    0.5956,
    0.5928,
    0.5973,
    0.5919,
    0.5902,
    0.5951,
    0.5978,
    0.5949,
    0.5961,
    0.5852,
    0.5936,
    0.5916,
    0.5932,
    0.594,
    0.5947,
    0.5815,
    0.6008,
    0.5992,
    0.5946,
    0.601,
    0.6043,
    0.5984,
    0.6044,
    0.5974,
    0.5987,
    0.5998,
    0.5954,
    0.5941,
    0.5964,
    0.5985,
    0.5991,
    0.5969,
    0.5944,
    0.5993,
    0.5977,
    0.5981,
    0.6058,
    0.6019,
    0.6079,
    0.6011,
    0.6002,
    0.5998,
    0.6121,
    0.5982,
    0.6041,
    0.6025,
    0.6001,
    0.599,
    0.6014,
    0.6042,
    0.6008,
    0.606,
    0.6059,
    0.6013
  ],
  "participation_rates": [
    1.0,
    1.0,
    1.0,
    1.0,
    1.0,
    1.0,
    1.0,
    1.0,
    1.0,
    1.0,
    1.0,
    1.0,
    1.0,
    1.0,
    1.0,
    1.0,
    1.0,
    1.0,
    1.0,
    1.0,
    1.0,
    1.0,
    1.0,
    1.0,
    1.0,
    1.0,
    1.0,
    1.0,
    1.0,
    1.0,
    1.0,
    1.0,
    1.0,
    1.0,
    1.0,
    1.0,
    1.0,
    1.0,
    1.0,
    1.0,
    1.0,
    1.0,
    1.0,
    1.0,
    1.0,
    1.0,
    1.0,
    1.0,
    1.0,
    1.0,
    1.0,
    1.0,
    1.0,
    1.0,
    1.0,
    1.0,
    1.0,
    1.0,
    1.0,
    1.0,
    1.0,
    1.0,
    1.0,
    1.0,
    1.0,
    1.0,
    1.0,
    1.0,
    1.0,
    1.0,
    1.0,
    1.0,
    1.0,
    1.0,
    1.0,
    1.0,
    1.0,
    1.0,
    1.0,
    1.0,
    1.0,
    1.0,
    1.0,
    1.0,
    1.0,
    1.0,
    1.0,
    1.0,
    1.0,
    1.0,
    1.0,
    1.0,
    1.0,
    1.0,
    1.0,
    1.0,
    1.0,
    1.0,
    1.0,
    1.0
  ],
  "prices": [
    4.414915690765131,
    4.414915690765131,
    4.414915690765131,
    4.414915690765131,
    4.414915690765131,
    4.414915690765131,
    4.414915690765131,
    4.414915690765131,
    4.414915690765131,
    4.414915690765131,
    4.414915690765131,
    4.414915690765131,
    4.414915690765131,
    4.414915690765131,
    4.414915690765131,
    4.414915690765131,
    4.414915690765131,
    4.414915690765131,
    4.414915690765131,
    4.414915690765131,
    4.414915690765131,
    4.414915690765131,
    4.414915690765131,
    4.414915690765131,
    4.414915690765131,
    4.414915690765131,
    4.414915690765131,
    4.414915690765131,
    4.414915690765131,
    4.414915690765131,
    4.414915690765131,
    4.414915690765131,
    4.414915690765131,
    4.414915690765131,
    4.414915690765131,
    4.414915690765131,
    4.414915690765131,
    4.414915690765131,
    4.414915690765131,
    4.414915690765131,
    4.414915690765131,
    4.414915690765131,
    4.414915690765131,
    4.414915690765131,
    4.414915690765131,
    4.414915690765131,
    4.414915690765131,
    4.414915690765131,
    4.414915690765131,
    4.414915690765131,
    4.414915690765131,
    4.414915690765131,
    4.414915690765131,
    4.414915690765131,
    4.414915690765131,
    4.414915690765131,
    4.414915690765131,
    4.414915690765131,
    4.414915690765131,
    4.414915690765131,
    4.414915690765131,
    4.414915690765131,
    4.414915690765131,
    4.414915690765131,
    4.414915690765131,
    4.414915690765131,
    4.414915690765131,
    4.414915690765131,
    4.414915690765131,
    4.414915690765131,
    4.414915690765131,
    4.414915690765131,
    4.414915690765131,
    4.414915690765131,
    4.414915690765131,
    4.414915690765131,
    4.414915690765131,
    4.414915690765131,
    4.414915690765131,
    4.414915690765131,
    4.414915690765131,
    4.414915690765131,
    4.414915690765131,
    4.414915690765131,
    4.414915690765131,
    4.414915690765131,
    4.414915690765131,
    4.414915690765131,
    4.414915690765131,
    4.414915690765131,
    4.414915690765131,
    4.414915690765131,
    4.414915690765131,
    4.414915690765131,
    4.414915690765131,
    4.414915690765131,
    4.414915690765131,
    4.414915690765131,
    4.414915690765131,
    4.414915690765131
  ],
  "avg_eps": [
    3.1480725332428845,
    3.1480725332428845,
    3.1480725332428845,
    3.1480725332428845,
    3.1480725332428845,
    3.1480725332428845,
    3.1480725332428845,
    3.1480725332428845,
    3.1480725332428845,
    3.1480725332428845,
    3.1480725332428845,
    3.1480725332428845,
    3.1480725332428845,
    3.1480725332428845,
    3.1480725332428845,
    3.1480725332428845,
    3.1480725332428845,
    3.1480725332428845,
    3.1480725332428845,
    3.1480725332428845,
    3.1480725332428845,
    3.1480725332428845,
    3.1480725332428845,
    3.1480725332428845,
    3.1480725332428845,
    3.1480725332428845,
    3.1480725332428845,
    3.1480725332428845,
    3.1480725332428845,
    3.1480725332428845,
    3.1480725332428845,
    3.1480725332428845,
    3.1480725332428845,
    3.1480725332428845,
    3.1480725332428845,
    3.1480725332428845,
    3.1480725332428845,
    3.1480725332428845,
    3.1480725332428845,
    3.1480725332428845,
    3.1480725332428845,
    3.1480725332428845,
    3.1480725332428845,
    3.1480725332428845,
    3.1480725332428845,
    3.1480725332428845,
    3.1480725332428845,
    3.1480725332428845,
    3.1480725332428845,
    3.1480725332428845,
    3.1480725332428845,
    3.1480725332428845,
    3.1480725332428845,
    3.1480725332428845,
    3.1480725332428845,
    3.1480725332428845,
    3.1480725332428845,
    3.1480725332428845,
    3.1480725332428845,
    3.1480725332428845,
    3.1480725332428845,
    3.1480725332428845,
    3.1480725332428845,
    3.1480725332428845,
    3.1480725332428845,
    3.1480725332428845,
    3.1480725332428845,
    3.1480725332428845,
    3.1480725332428845,
    3.1480725332428845,
    3.1480725332428845,
    3.1480725332428845,
    3.1480725332428845,
    3.1480725332428845,
    3.1480725332428845,
    3.1480725332428845,
    3.1480725332428845,
    3.1480725332428845,
    3.1480725332428845,
    3.1480725332428845,
    3.1480725332428845,
    3.1480725332428845,
    3.1480725332428845,
    3.1480725332428845,
    3.1480725332428845,
    3.1480725332428845,
    3.1480725332428845,
    3.1480725332428845,
    3.1480725332428845,
    3.1480725332428845,
    3.1480725332428845,
    3.1480725332428845,
    3.1480725332428845,
    3.1480725332428845,
    3.1480725332428845,
    3.1480725332428845,
    3.1480725332428845,
    3.1480725332428845,
    3.1480725332428845,
    3.1480725332428845
  ],
  "config": {
    "n_devices": 50,
    "gamma": 10,
    "alpha": 1.0,
    "local_epochs": 5,
    "local_lr": 0.01,
    "local_momentum": 0.9,
    "distill_epochs": 1,
    "distill_lr": 0.001,
    "temperature": 3.0,
    "public_samples": 20000,
    "synthetic": false,
    "heterogeneity": {
      "config_file": "config/devices/heterogeneity.yaml",