{
  "label": "expE_a01_g3_s123",
  "phase": 3,
  "exp": "E",
  "method": "PAID-FD",
  "seed": 123,
  "desc": "PAID-FD \u03b1=0.1 \u03b3=3",
  "dataset": "cifar100",
  "summary": {
    "label": "expE_a01_g3_s123",
    "exp": "E",
    "method": "PAID-FD",
    "seed": 123,
    "desc": "PAID-FD \u03b1=0.1 \u03b3=3",
    "final_acc": 0.6161,
    "best_acc": 0.6185,
    "avg_participation": 0.38000000000000006,
    "avg_price": 2.3303293505212617,
    "avg_eps_per_round": 2.7175805756089524,
    "cumulative_payment": 8863.078840396336,
    "avg_privacy_spent": 271.7580575608953,
    "max_privacy_spent": 502.9457621851534,
    "time_to_targets": {
      "0.45": 2,
      "0.5": 9,
      "0.55": 13,
      "0.58": 20,
      "0.6": 34
    },
    "elapsed_sec": 4752.443087816238
  },
  "accuracies": [
    0.3788,
    0.4135,
    0.4515,
    0.4428,
    0.457,
    0.4785,
    0.4979,
    0.4999,
    0.4958,
    0.5204,
    0.5265,
    0.5341,
    0.5412,
    0.55,
    0.5585,
    0.551,
    0.5592,
    0.5593,
    0.5654,
    0.5639,
    0.5804,
    0.5843,
    0.5853,
    0.5827,
    0.5768,
    0.5811,
    0.5811,
    0.584,
    0.5881,
    0.5897,
    0.5877,
    0.582,
    0.5854,
    0.5927,
    0.6027,
    0.5997,
    0.591,
    0.6037,
    0.5992,
    0.5975,
    0.606,
    0.6044,
    0.5976,
    0.5995,
    0.6035,
    0.5934,
    0.6056,
    0.5993,
    0.6026,
    0.6032,
    0.6043,
    0.5996,
    0.6075,
    0.6065,
    0.6038,
    0.6065,
    0.6073,
    0.6069,
    0.608,
    0.611,
    0.6082,
    0.613,
    0.6059,
    0.6108,
    0.6016,
    0.6052,
    0.6077,
    0.6136,
    0.6101,
    0.6166,
    0.613,
    0.6086,
    0.6063,
    0.6002,
    0.6063,
    0.6131,
    0.6112,
    0.6091,
    0.6114,
    0.6161,
    0.6146,
    0.6078,
    0.6122,
    0.6076,
    0.6073,
    0.616,
    0.6149,
    0.6143,
    0.6076,
    0.6081,
    0.6143,
    0.6185,
    0.6177,
    0.6168,
    0.6105,
    0.6139,
    0.6139,
    0.6165,
    0.6139,
    0.6161
  ],
  "participation_rates": [
    0.38,
    0.38,
    0.38,
    0.38,
    0.38,
    0.38,
    0.38,
    0.38,
    0.38,
    0.38,
    0.38,
    0.38,
    0.38,
    0.38,
    0.38,
    0.38,
    0.38,
    0.38,
    0.38,
    0.38,
    0.38,
    0.38,
    0.38,
    0.38,
    0.38,
    0.38,
    0.38,
    0.38,
    0.38,
    0.38,
    0.38,
    0.38,
    0.38,
    0.38,
    0.38,
    0.38,
    0.38,
    0.38,
    0.38,
    0.38,
    0.38,
    0.38,
    0.38,
    0.38,
    0.38,
    0.38,
    0.38,
    0.38,
    0.38,
    0.38,
    0.38,
    0.38,
    0.38,
    0.38,
    0.38,
    0.38,
    0.38,
    0.38,
    0.38,
    0.38,
    0.38,
    0.38,
    0.38,
    0.38,
    0.38,
    0.38,
    0.38,
    0.38,
    0.38,
    0.38,
    0.38,
    0.38,
    0.38,
    0.38,
    0.38,
    0.38,
    0.38,
    0.38,
    0.38,
    0.38,
    0.38,
    0.38,
    0.38,
    0.38,
    0.38,
    0.38,
    0.38,
    0.38,
    0.38,
    0.38,
    0.38,
    0.38,
    0.38,
    0.38,
    0.38,
    0.38,
    0.38,
    0.38,
    0.38,
    0.38
  ],
  "prices": [
    2.3303293505212626,
    2.3303293505212626,
    2.3303293505212626,
    2.3303293505212626,
    2.3303293505212626,
    2.3303293505212626,
    2.3303293505212626,
    2.3303293505212626,
    2.3303293505212626,
    2.3303293505212626,
    2.3303293505212626,
    2.3303293505212626,
    2.3303293505212626,
    2.3303293505212626,
    2.3303293505212626,
    2.3303293505212626,
    2.3303293505212626,
    2.3303293505212626,
    2.3303293505212626,
    2.3303293505212626,
    2.3303293505212626,
    2.3303293505212626,
    2.3303293505212626,
    2.3303293505212626,
    2.3303293505212626,
    2.3303293505212626,
    2.3303293505212626,
    2.3303293505212626,
    2.3303293505212626,
    2.3303293505212626,
    2.3303293505212626,
    2.3303293505212626,
    2.3303293505212626,
    2.3303293505212626,
    2.3303293505212626,
    2.3303293505212626,
    2.3303293505212626,
    2.3303293505212626,
    2.3303293505212626,
    2.3303293505212626,
    2.3303293505212626,
    2.3303293505212626,
    2.3303293505212626,
    2.3303293505212626,
    2.3303293505212626,
    2.3303293505212626,
    2.3303293505212626,
    2.3303293505212626,
    2.3303293505212626,
    2.3303293505212626,
    2.3303293505212626,
    2.3303293505212626,
    2.3303293505212626,
    2.3303293505212626,
    2.3303293505212626,
    2.3303293505212626,
    2.3303293505212626,
    2.3303293505212626,
    2.3303293505212626,
    2.3303293505212626,
    2.3303293505212626,
    2.3303293505212626,
    2.3303293505212626,
    2.3303293505212626,
    2.3303293505212626,
    2.3303293505212626,
    2.3303293505212626,
    2.3303293505212626,
    2.3303293505212626,
    2.3303293505212626,
    2.3303293505212626,
    2.3303293505212626,
    2.3303293505212626,
    2.3303293505212626,
    2.3303293505212626,
    2.3303293505212626,
    2.3303293505212626,
    2.3303293505212626,
    2.3303293505212626,
    2.3303293505212626,
    2.3303293505212626,
    2.3303293505212626,
    2.3303293505212626,
    2.3303293505212626,
    2.3303293505212626,
    2.3303293505212626,
    2.3303293505212626,
    2.3303293505212626,
    2.3303293505212626,
    2.3303293505212626,
    2.3303293505212626,
    2.3303293505212626,
    2.3303293505212626,
    2.3303293505212626,
    2.3303293505212626,
    2.3303293505212626,
    2.3303293505212626,
    2.3303293505212626,
    2.3303293505212626,
    2.3303293505212626
  ],
  "avg_eps": [
    2.717580575608952,
    2.717580575608952,
    2.717580575608952,
    2.717580575608952,
    2.717580575608952,
    2.717580575608952,
    2.717580575608952,
    2.717580575608952,
    2.717580575608952,
    2.717580575608952,
    2.717580575608952,
    2.717580575608952,
    2.717580575608952,
    2.717580575608952,
    2.717580575608952,
    2.717580575608952,
    2.717580575608952,
    2.717580575608952,
    2.717580575608952,
    2.717580575608952,
    2.717580575608952,
    2.717580575608952,
    2.717580575608952,
    2.717580575608952,
    2.717580575608952,
    2.717580575608952,
    2.717580575608952,
    2.717580575608952,
    2.717580575608952,
    2.717580575608952,
    2.717580575608952,
    2.717580575608952,
    2.717580575608952,
    2.717580575608952,
    2.717580575608952,
    2.717580575608952,
    2.717580575608952,
    2.717580575608952,
    2.717580575608952,
    2.717580575608952,
    2.717580575608952,
    2.717580575608952,
    2.717580575608952,
    2.717580575608952,
    2.717580575608952,
    2.717580575608952,
    2.717580575608952,
    2.717580575608952,
    2.717580575608952,
    2.717580575608952,
    2.717580575608952,
    2.717580575608952,
    2.717580575608952,
    2.717580575608952,
    2.717580575608952,
    2.717580575608952,
    2.717580575608952,
    2.717580575608952,
    2.717580575608952,
    2.717580575608952,
    2.717580575608952,
    2.717580575608952,
    2.717580575608952,
    2.717580575608952,
    2.717580575608952,
    2.717580575608952,
    2.717580575608952,
    2.717580575608952,
    2.717580575608952,
    2.717580575608952,
    2.717580575608952,
    2.717580575608952,
    2.717580575608952,
    2.717580575608952,
    2.717580575608952,
    2.717580575608952,
    2.717580575608952,
    2.717580575608952,
    2.717580575608952,
    2.717580575608952,
    2.717580575608952,
    2.717580575608952,
    2.717580575608952,
    2.717580575608952,
    2.717580575608952,
    2.717580575608952,
    2.717580575608952,
    2.717580575608952,
    2.717580575608952,
    2.717580575608952,
    2.717580575608952,
    2.717580575608952,
    2.717580575608952,
    2.717580575608952,
    2.717580575608952,
    2.717580575608952,
    2.717580575608952,
    2.717580575608952,
    2.717580575608952,
    2.717580575608952
  ],
  "config": {
    "n_devices": 50,
    "gamma": 3,
    "alpha": 0.1,
    "local_epochs": 5,
    "local_lr": 0.01,
    "local_momentum": 0.9,
    "distill_epochs": 1,
    "distill_lr": 0.001,
    "temperature": 3.0,