{
  "label": "expH_hetlam_blue_s42",
  "phase": 4,
  "exp": "H",
  "method": "PAID-FD",
  "seed": 42,
  "desc": "Hetero-\u03bb (\u00d75) with BLUE",
  "dataset": "cifar100",
  "summary": {
    "label": "expH_hetlam_blue_s42",
    "exp": "H",
    "method": "PAID-FD",
    "seed": 42,
    "desc": "Hetero-\u03bb (\u00d75) with BLUE",
    "final_acc": 0.6015,
    "best_acc": 0.6073,
    "avg_participation": 0.38000000000000006,
    "avg_price": 3.5468848191712437,
    "avg_eps_per_round": 1.630367613054194,
    "cumulative_payment": 14479.44789167923,
    "avg_privacy_spent": 163.03676130541928,
    "max_privacy_spent": 307.39780836793267,
    "time_to_targets": {
      "0.45": 5,
      "0.5": 8,
      "0.55": 16,
      "0.58": 30,
      "0.6": 55
    },
    "elapsed_sec": 4638.324513435364
  },
  "accuracies": [
    0.3873,
    0.4119,
    0.4248,
    0.4359,
    0.4437,
    0.4519,
    0.4692,
    0.4855,
    0.5074,
    0.5192,
    0.5102,
    0.5105,
    0.5346,
    0.5214,
    0.5227,
    0.5469,
    0.5562,
    0.5616,
    0.5624,
    0.5549,
    0.5628,
    0.5681,
    0.572,
    0.5644,
    0.5716,
    0.5759,
    0.5734,
    0.577,
    0.5678,
    0.5781,
    0.5837,
    0.5805,
    0.5896,
    0.5866,
    0.588,
    0.5872,
    0.5823,
    0.5915,
    0.5838,
    0.5849,
    0.5858,
    0.5847,
    0.5899,
    0.5909,
    0.5845,
    0.5905,
    0.5941,
    0.5992,
    0.5962,
    0.5969,
    0.5859,
    0.5899,
    0.5989,
    0.5919,
    0.5914,
    0.6006,
    0.5985,
    0.5907,
    0.606,
    0.5985,
    0.5889,
    0.5919,
    0.5954,
    0.6009,
    0.5986,
    0.595,
    0.6035,
    0.6044,
    0.5962,
    0.5949,
    0.5967,
    0.5938,
    0.59,
    0.5999,
    0.5978,
    0.5942,
    0.5971,
    0.6002,
    0.5985,
    0.6048,
    0.5937,
    0.6007,
    0.6022,
    0.6004,
    0.5996,
    0.6058,
    0.6019,
    0.599,
    0.6014,
    0.6064,
    0.6039,
    0.6015,
    0.6065,
    0.6036,
    0.6049,
    0.604,
    0.6067,
    0.6049,
    0.6073,
    0.6015
  ],
  "participation_rates": [
    0.38,
    0.38,
    0.38,
    0.38,
    0.38,
    0.38,
    0.38,
    0.38,
    0.38,
    0.38,
    0.38,
    0.38,
    0.38,
    0.38,
    0.38,
    0.38,
    0.38,
    0.38,
    0.38,
    0.38,
    0.38,
    0.38,
    0.38,
    0.38,
    0.38,
    0.38,
    0.38,
    0.38,
    0.38,
    0.38,
    0.38,
    0.38,
    0.38,
    0.38,
    0.38,
    0.38,
    0.38,
    0.38,
    0.38,
    0.38,
    0.38,
    0.38,
    0.38,
    0.38,
    0.38,
    0.38,
    0.38,
    0.38,
    0.38,
    0.38,
    0.38,
    0.38,
    0.38,
    0.38,
    0.38,
    0.38,
    0.38,
    0.38,
    0.38,
    0.38,
    0.38,
    0.38,
    0.38,
    0.38,
    0.38,
    0.38,
    0.38,
    0.38,
    0.38,
    0.38,
    0.38,
    0.38,
    0.38,
    0.38,
    0.38,
    0.38,
    0.38,
    0.38,
    0.38,
    0.38,
    0.38,
    0.38,
    0.38,
    0.38,
    0.38,
    0.38,
    0.38,
    0.38,
    0.38,
    0.38,
    0.38,
    0.38,
    0.38,
    0.38,
    0.38,
    0.38,
    0.38,
    0.38,
    0.38,
    0.38
  ],
  "prices": [
    3.546884819171244,
    3.546884819171244,
    3.546884819171244,
    3.546884819171244,
    3.546884819171244,
    3.546884819171244,
    3.546884819171244,
    3.546884819171244,
    3.546884819171244,
    3.546884819171244,
    3.546884819171244,
    3.546884819171244,
    3.546884819171244,
    3.546884819171244,
    3.546884819171244,
    3.546884819171244,
    3.546884819171244,
    3.546884819171244,
    3.546884819171244,
    3.546884819171244,
    3.546884819171244,
    3.546884819171244,
    3.546884819171244,
    3.546884819171244,
    3.546884819171244,
    3.546884819171244,
    3.546884819171244,
    3.546884819171244,
    3.546884819171244,
    3.546884819171244,
    3.546884819171244,
    3.546884819171244,
    3.546884819171244,
    3.546884819171244,
    3.546884819171244,
    3.546884819171244,
    3.546884819171244,
    3.546884819171244,
    3.546884819171244,
    3.546884819171244,
    3.546884819171244,
    3.546884819171244,
    3.546884819171244,
    3.546884819171244,
    3.546884819171244,
    3.546884819171244,
    3.546884819171244,
    3.546884819171244,
    3.546884819171244,
    3.546884819171244,
    3.546884819171244,
    3.546884819171244,
    3.546884819171244,
    3.546884819171244,
    3.546884819171244,
    3.546884819171244,
    3.546884819171244,
    3.546884819171244,
    3.546884819171244,
    3.546884819171244,
    3.546884819171244,
    3.546884819171244,
    3.546884819171244,
    3.546884819171244,
    3.546884819171244,
    3.546884819171244,
    3.546884819171244,
    3.546884819171244,
    3.546884819171244,
    3.546884819171244,
    3.546884819171244,
    3.546884819171244,
    3.546884819171244,
    3.546884819171244,
    3.546884819171244,
    3.546884819171244,
    3.546884819171244,
    3.546884819171244,
    3.546884819171244,
    3.546884819171244,
    3.546884819171244,
    3.546884819171244,
    3.546884819171244,
    3.546884819171244,
    3.546884819171244,
    3.546884819171244,
    3.546884819171244,
    3.546884819171244,
    3.546884819171244,
    3.546884819171244,
    3.546884819171244,
    3.546884819171244,
    3.546884819171244,
    3.546884819171244,
    3.546884819171244,
    3.546884819171244,
    3.546884819171244,
    3.546884819171244,
    3.546884819171244,
    3.546884819171244
  ],
  "avg_eps": [
    1.6303676130541933,
    1.6303676130541933,
    1.6303676130541933,
    1.6303676130541933,
    1.6303676130541933,
    1.6303676130541933,
    1.6303676130541933,
    1.6303676130541933,
    1.6303676130541933,
    1.6303676130541933,
    1.6303676130541933,
    1.6303676130541933,
    1.6303676130541933,
    1.6303676130541933,
    1.6303676130541933,
    1.6303676130541933,
    1.6303676130541933,
    1.6303676130541933,
    1.6303676130541933,
    1.6303676130541933,
    1.6303676130541933,
    1.6303676130541933,
    1.6303676130541933,
    1.6303676130541933,
    1.6303676130541933,
    1.6303676130541933,
    1.6303676130541933,
    1.6303676130541933,
    1.6303676130541933,
    1.6303676130541933,
    1.6303676130541933,
    1.6303676130541933,
    1.6303676130541933,
    1.6303676130541933,
    1.6303676130541933,
    1.6303676130541933,
    1.6303676130541933,
    1.6303676130541933,
    1.6303676130541933,
    1.6303676130541933,
    1.6303676130541933,
    1.6303676130541933,
    1.6303676130541933,
    1.6303676130541933,
    1.6303676130541933,
    1.6303676130541933,
    1.6303676130541933,
    1.6303676130541933,
    1.6303676130541933,
    1.6303676130541933,
    1.6303676130541933,
    1.6303676130541933,
    1.6303676130541933,
    1.6303676130541933,
    1.6303676130541933,
    1.6303676130541933,
    1.6303676130541933,
    1.6303676130541933,
    1.6303676130541933,
    1.6303676130541933,
    1.6303676130541933,
    1.6303676130541933,
    1.6303676130541933,
    1.6303676130541933,
    1.6303676130541933,
    1.6303676130541933,
    1.6303676130541933,
    1.6303676130541933,
    1.6303676130541933,
    1.6303676130541933,
    1.6303676130541933,
    1.6303676130541933,
    1.6303676130541933,
    1.6303676130541933,
    1.6303676130541933,
    1.6303676130541933,
    1.6303676130541933,
    1.6303676130541933,
    1.6303676130541933,
    1.6303676130541933,
    1.6303676130541933,
    1.6303676130541933,
    1.6303676130541933,
    1.6303676130541933,
    1.6303676130541933,
    1.6303676130541933,
    1.6303676130541933,
    1.6303676130541933,
    1.6303676130541933,
    1.6303676130541933,
    1.6303676130541933,
    1.6303676130541933,
    1.6303676130541933,
    1.6303676130541933,
    1.6303676130541933,
    1.6303676130541933,
    1.6303676130541933,
    1.6303676130541933,
    1.6303676130541933,
    1.6303676130541933
  ],
  "config": {
    "n_devices": 50,
    "gamma": 5,
    "alpha": 0.5,
    "local_epochs": 5,
    "local_lr": 0.01,
    "local_momentum": 0.9,
    "distill_epochs": 1,
    "distill_lr": 0.001,
    "temperature": 3.0,