{
  "label": "expH_homlam_blue_s42",
  "phase": 4,
  "exp": "H",
  "method": "PAID-FD",
  "seed": 42,
  "desc": "Homo-\u03bb (baseline) with BLUE",
  "dataset": "cifar100",
  "summary": {
    "label": "expH_homlam_blue_s42",
    "exp": "H",
    "method": "PAID-FD",
    "seed": 42,
    "desc": "Homo-\u03bb (baseline) with BLUE",
    "final_acc": 0.6052,
    "best_acc": 0.6124,
    "avg_participation": 0.8199999999999998,
    "avg_price": 3.3373437746861145,
    "avg_eps_per_round": 2.7792384981356686,
    "cumulative_payment": 30635.97521400297,
    "avg_privacy_spent": 277.92384981356685,
    "max_privacy_spent": 739.4161011510307,
    "time_to_targets": {
      "0.45": 4,
      "0.5": 10,
      "0.55": 16,
      "0.58": 25,
      "0.6": 51
    },
    "elapsed_sec": 9125.947311162949
  },
  "accuracies": [
    0.3871,
    0.4063,
    0.4119,
    0.4305,
    0.4554,
    0.4705,
    0.4563,
    0.4975,
    0.4995,
    0.4993,
    0.5052,
    0.5266,
    0.5318,
    0.5389,
    0.5335,
    0.5473,
    0.5541,
    0.5602,
    0.5594,
    0.5634,
    0.5672,
    0.5634,
    0.571,
    0.5701,
    0.5739,
    0.5819,
    0.5662,
    0.5715,
    0.5796,
    0.5816,
    0.5816,
    0.5844,
    0.582,
    0.5811,
    0.5793,
    0.5921,
    0.5908,
    0.5932,
    0.5958,
    0.5926,
    0.5925,
    0.5878,
    0.5877,
    0.5907,
    0.5869,
    0.5921,
    0.5973,
    0.5911,
    0.5907,
    0.5978,
    0.5824,
    0.601,
    0.5903,
    0.5929,
    0.5921,
    0.5981,
    0.5973,
    0.5978,
    0.5977,
    0.5956,
    0.5966,
    0.597,
    0.601,
    0.5995,
    0.6016,
    0.6009,
    0.595,
    0.6002,
    0.597,
    0.5969,
    0.6027,
    0.5958,
    0.5923,
    0.6026,
    0.6045,
    0.6023,
    0.5993,
    0.6009,
    0.5992,
    0.5993,
    0.6073,
    0.5991,
    0.6008,
    0.6034,
    0.6036,
    0.6061,
    0.602,
    0.6087,
    0.6044,
    0.6017,
    0.6067,
    0.6026,
    0.6053,
    0.6124,
    0.6011,
    0.6013,
    0.604,
    0.6055,
    0.6051,
    0.6052
  ],
  "participation_rates": [
    0.82,
    0.82,
    0.82,
    0.82,
    0.82,
    0.82,
    0.82,
    0.82,
    0.82,
    0.82,
    0.82,
    0.82,
    0.82,
    0.82,
    0.82,
    0.82,
    0.82,
    0.82,
    0.82,
    0.82,
    0.82,
    0.82,
    0.82,
    0.82,
    0.82,
    0.82,
    0.82,
    0.82,
    0.82,
    0.82,
    0.82,
    0.82,
    0.82,
    0.82,
    0.82,
    0.82,
    0.82,
    0.82,
    0.82,
    0.82,
    0.82,
    0.82,
    0.82,
    0.82,
    0.82,
    0.82,
    0.82,
    0.82,
    0.82,
    0.82,
    0.82,
    0.82,
    0.82,
    0.82,
    0.82,
    0.82,
    0.82,
    0.82,
    0.82,
    0.82,
    0.82,
    0.82,
    0.82,
    0.82,
    0.82,
    0.82,
    0.82,
    0.82,
    0.82,
    0.82,
    0.82,
    0.82,
    0.82,
    0.82,
    0.82,
    0.82,
    0.82,
    0.82,
    0.82,
    0.82,
    0.82,
    0.82,
    0.82,
    0.82,
    0.82,
    0.82,
    0.82,
    0.82,
    0.82,
    0.82,
    0.82,
    0.82,
    0.82,
    0.82,
    0.82,
    0.82,
    0.82,
    0.82,
    0.82,
    0.82
  ],
  "prices": [
    3.337343774686114,
    3.337343774686114,
    3.337343774686114,
    3.337343774686114,
    3.337343774686114,
    3.337343774686114,
    3.337343774686114,
    3.337343774686114,
    3.337343774686114,
    3.337343774686114,
    3.337343774686114,
    3.337343774686114,
    3.337343774686114,
    3.337343774686114,
    3.337343774686114,
    3.337343774686114,
    3.337343774686114,
    3.337343774686114,
    3.337343774686114,
    3.337343774686114,
    3.337343774686114,
    3.337343774686114,
    3.337343774686114,
    3.337343774686114,
    3.337343774686114,
    3.337343774686114,
    3.337343774686114,
    3.337343774686114,
    3.337343774686114,
    3.337343774686114,
    3.337343774686114,
    3.337343774686114,
    3.337343774686114,
    3.337343774686114,
    3.337343774686114,
    3.337343774686114,
    3.337343774686114,
    3.337343774686114,
    3.337343774686114,
    3.337343774686114,
    3.337343774686114,
    3.337343774686114,
    3.337343774686114,
    3.337343774686114,
    3.337343774686114,
    3.337343774686114,
    3.337343774686114,
    3.337343774686114,
    3.337343774686114,
    3.337343774686114,
    3.337343774686114,
    3.337343774686114,
    3.337343774686114,
    3.337343774686114,
    3.337343774686114,
    3.337343774686114,
    3.337343774686114,
    3.337343774686114,
    3.337343774686114,
    3.337343774686114,
    3.337343774686114,
    3.337343774686114,
    3.337343774686114,
    3.337343774686114,
    3.337343774686114,
    3.337343774686114,
    3.337343774686114,
    3.337343774686114,
    3.337343774686114,
    3.337343774686114,
    3.337343774686114,
    3.337343774686114,
    3.337343774686114,
    3.337343774686114,
    3.337343774686114,
    3.337343774686114,
    3.337343774686114,
    3.337343774686114,
    3.337343774686114,
    3.337343774686114,
    3.337343774686114,
    3.337343774686114,
    3.337343774686114,
    3.337343774686114,
    3.337343774686114,
    3.337343774686114,
    3.337343774686114,
    3.337343774686114,
    3.337343774686114,
    3.337343774686114,
    3.337343774686114,
    3.337343774686114,
    3.337343774686114,
    3.337343774686114,
    3.337343774686114,
    3.337343774686114,
    3.337343774686114,
    3.337343774686114,
    3.337343774686114,
    3.337343774686114
  ],
  "avg_eps": [
    2.779238498135668,
    2.779238498135668,
    2.779238498135668,
    2.779238498135668,
    2.779238498135668,
    2.779238498135668,
    2.779238498135668,
    2.779238498135668,
    2.779238498135668,
    2.779238498135668,
    2.779238498135668,
    2.779238498135668,
    2.779238498135668,
    2.779238498135668,
    2.779238498135668,
    2.779238498135668,
    2.779238498135668,
    2.779238498135668,
    2.779238498135668,
    2.779238498135668,
    2.779238498135668,
    2.779238498135668,
    2.779238498135668,
    2.779238498135668,
    2.779238498135668,
    2.779238498135668,
    2.779238498135668,
    2.779238498135668,
    2.779238498135668,
    2.779238498135668,
    2.779238498135668,
    2.779238498135668,
    2.779238498135668,
    2.779238498135668,
    2.779238498135668,
    2.779238498135668,
    2.779238498135668,
    2.779238498135668,
    2.779238498135668,
    2.779238498135668,
    2.779238498135668,
    2.779238498135668,
    2.779238498135668,
    2.779238498135668,
    2.779238498135668,
    2.779238498135668,
    2.779238498135668,
    2.779238498135668,
    2.779238498135668,
    2.779238498135668,
    2.779238498135668,
    2.779238498135668,
    2.779238498135668,
    2.779238498135668,
    2.779238498135668,
    2.779238498135668,
    2.779238498135668,
    2.779238498135668,
    2.779238498135668,
    2.779238498135668,
    2.779238498135668,
    2.779238498135668,
    2.779238498135668,
    2.779238498135668,
    2.779238498135668,
    2.779238498135668,
    2.779238498135668,
    2.779238498135668,
    2.779238498135668,
    2.779238498135668,
    2.779238498135668,
    2.779238498135668,
    2.779238498135668,
    2.779238498135668,
    2.779238498135668,
    2.779238498135668,
    2.779238498135668,
    2.779238498135668,
    2.779238498135668,
    2.779238498135668,
    2.779238498135668,
    2.779238498135668,
    2.779238498135668,
    2.779238498135668,
    2.779238498135668,
    2.779238498135668,
    2.779238498135668,
    2.779238498135668,
    2.779238498135668,
    2.779238498135668,
    2.779238498135668,
    2.779238498135668,
    2.779238498135668,
    2.779238498135668,
    2.779238498135668,
    2.779238498135668,
    2.779238498135668,
    2.779238498135668,
    2.779238498135668,
    2.779238498135668
  ],
  "config": {
    "n_devices": 50,
    "gamma": 5,
    "alpha": 0.5,
    "local_epochs": 5,
    "local_lr": 0.01,
    "local_momentum": 0.9,
    "distill_epochs": 1,
    "distill_lr": 0.001,
    "temperature": 3.0,
    "public_samples": 20000,
    "synthetic": false,