{
  "label": "expH_hetlam_noblue_s42",
  "phase": 4,
  "exp": "H",
  "method": "PAID-FD",
  "seed": 42,
  "desc": "Hetero-\u03bb (\u00d75) without BLUE",
  "dataset": "cifar100",
  "summary": {
    "label": "expH_hetlam_noblue_s42",
    "exp": "H",
    "method": "PAID-FD",
    "seed": 42,
    "desc": "Hetero-\u03bb (\u00d75) without BLUE",
    "final_acc": 0.6051,
    "best_acc": 0.6054,
    "avg_participation": 0.38000000000000006,
    "avg_price": 3.5468848191712437,
    "avg_eps_per_round": 1.630367613054194,
    "cumulative_payment": 14479.44789167923,
    "avg_privacy_spent": 163.03676130541928,
    "max_privacy_spent": 307.39780836793267,
    "time_to_targets": {
      "0.45": 6,
      "0.5": 8,
      "0.55": 16,
      "0.58": 29,
      "0.6": 53
    },
    "elapsed_sec": 4585.993449211121
  },
  "accuracies": [
    0.3857,
    0.4081,
    0.4201,
    0.4371,
    0.4437,
    0.4441,
    0.4669,
    0.4883,
    0.5126,
    0.5206,
    0.5154,
    0.5135,
    0.5326,
    0.5234,
    0.5212,
    0.5471,
    0.5591,
    0.5584,
    0.5642,
    0.5542,
    0.5619,
    0.5681,
    0.5682,
    0.5678,
    0.5661,
    0.5734,
    0.5681,
    0.5751,
    0.5752,
    0.5835,
    0.5826,
    0.5807,
    0.5932,
    0.5869,
    0.578,
    0.5968,
    0.5875,
    0.5943,
    0.5776,
    0.5872,
    0.5846,
    0.5895,
    0.5886,
    0.594,
    0.5843,
    0.5938,
    0.5869,
    0.5957,
    0.5936,
    0.5938,
    0.5901,
    0.5952,
    0.5945,
    0.6001,
    0.5931,
    0.5887,
    0.5959,
    0.5937,
    0.5986,
    0.5944,
    0.5905,
    0.5912,
    0.594,
    0.5942,
    0.5978,
    0.5965,
    0.6043,
    0.6023,
    0.5986,
    0.5934,
    0.6016,
    0.5942,
    0.587,
    0.5965,
    0.5985,
    0.5939,
    0.6024,
    0.6019,
    0.6016,
    0.6028,
    0.5963,
    0.6028,
    0.597,
    0.6031,
    0.5984,
    0.6054,
    0.5984,
    0.5988,
    0.6014,
    0.6042,
    0.6038,
    0.5968,
    0.604,
    0.601,
    0.601,
    0.6035,
    0.5969,
    0.598,
    0.6027,
    0.6051
  ],
  "participation_rates": [
    0.38,
    0.38,
    0.38,
    0.38,
    0.38,
    0.38,
    0.38,
    0.38,
    0.38,
    0.38,
    0.38,
    0.38,
    0.38,
    0.38,
    0.38,
    0.38,
    0.38,
    0.38,
    0.38,
    0.38,
    0.38,
    0.38,
    0.38,
    0.38,
    0.38,
    0.38,
    0.38,
    0.38,
    0.38,
    0.38,
    0.38,
    0.38,
    0.38,
    0.38,
    0.38,
    0.38,
    0.38,
    0.38,
    0.38,
    0.38,
    0.38,
    0.38,
    0.38,
    0.38,
    0.38,
    0.38,
    0.38,
    0.38,
    0.38,
    0.38,
    0.38,
    0.38,
    0.38,
    0.38,
    0.38,
    0.38,
    0.38,
    0.38,
    0.38,
    0.38,
    0.38,
    0.38,
    0.38,
    0.38,
    0.38,
    0.38,
    0.38,
    0.38,
    0.38,
    0.38,
    0.38,
    0.38,
    0.38,
    0.38,
    0.38,
    0.38,
    0.38,
    0.38,
    0.38,
    0.38,
    0.38,
    0.38,
    0.38,
    0.38,
    0.38,
    0.38,
    0.38,
    0.38,
    0.38,
    0.38,
    0.38,
    0.38,
    0.38,
    0.38,
    0.38,
    0.38,
    0.38,
    0.38,
    0.38,
    0.38
  ],
  "prices": [
    3.546884819171244,
    3.546884819171244,
    3.546884819171244,
    3.546884819171244,
    3.546884819171244,
    3.546884819171244,
    3.546884819171244,
    3.546884819171244,
    3.546884819171244,
    3.546884819171244,
    3.546884819171244,
    3.546884819171244,
    3.546884819171244,
    3.546884819171244,
    3.546884819171244,
    3.546884819171244,
    3.546884819171244,
    3.546884819171244,
    3.546884819171244,
    3.546884819171244,
    3.546884819171244,
    3.546884819171244,
    3.546884819171244,
    3.546884819171244,
    3.546884819171244,
    3.546884819171244,
    3.546884819171244,
    3.546884819171244,
    3.546884819171244,
    3.546884819171244,
    3.546884819171244,
    3.546884819171244,
    3.546884819171244,
    3.546884819171244,
    3.546884819171244,
    3.546884819171244,
    3.546884819171244,
    3.546884819171244,
    3.546884819171244,
    3.546884819171244,
    3.546884819171244,
    3.546884819171244,
    3.546884819171244,
    3.546884819171244,
    3.546884819171244,
    3.546884819171244,
    3.546884819171244,
    3.546884819171244,
    3.546884819171244,
    3.546884819171244,
    3.546884819171244,
    3.546884819171244,
    3.546884819171244,
    3.546884819171244,
    3.546884819171244,
    3.546884819171244,
    3.546884819171244,
    3.546884819171244,
    3.546884819171244,
    3.546884819171244,
    3.546884819171244,
    3.546884819171244,
    3.546884819171244,
    3.546884819171244,
    3.546884819171244,
    3.546884819171244,
    3.546884819171244,
    3.546884819171244,
    3.546884819171244,
    3.546884819171244,
    3.546884819171244,
    3.546884819171244,
    3.546884819171244,
    3.546884819171244,
    3.546884819171244,
    3.546884819171244,
    3.546884819171244,
    3.546884819171244,
    3.546884819171244,
    3.546884819171244,
    3.546884819171244,
    3.546884819171244,
    3.546884819171244,
    3.546884819171244,
    3.546884819171244,
    3.546884819171244,
    3.546884819171244,
    3.546884819171244,
    3.546884819171244,
    3.546884819171244,
    3.546884819171244,
    3.546884819171244,
    3.546884819171244,
    3.546884819171244,
    3.546884819171244,
    3.546884819171244,
    3.546884819171244,
    3.546884819171244,
    3.546884819171244,
    3.546884819171244
  ],
  "avg_eps": [
    1.6303676130541933,
    1.6303676130541933,
    1.6303676130541933,
    1.6303676130541933,
    1.6303676130541933,
    1.6303676130541933,
    1.6303676130541933,
    1.6303676130541933,
    1.6303676130541933,
    1.6303676130541933,
    1.6303676130541933,
    1.6303676130541933,
    1.6303676130541933,
    1.6303676130541933,
    1.6303676130541933,
    1.6303676130541933,
    1.6303676130541933,
    1.6303676130541933,
    1.6303676130541933,
    1.6303676130541933,
    1.6303676130541933,
    1.6303676130541933,
    1.6303676130541933,
    1.6303676130541933,
    1.6303676130541933,
    1.6303676130541933,
    1.6303676130541933,
    1.6303676130541933,
    1.6303676130541933,
    1.6303676130541933,
    1.6303676130541933,
    1.6303676130541933,
    1.6303676130541933,
    1.6303676130541933,
    1.6303676130541933,
    1.6303676130541933,
    1.6303676130541933,
    1.6303676130541933,
    1.6303676130541933,
    1.6303676130541933,
    1.6303676130541933,
    1.6303676130541933,
    1.6303676130541933,
    1.6303676130541933,
    1.6303676130541933,
    1.6303676130541933,
    1.6303676130541933,
    1.6303676130541933,
    1.6303676130541933,
    1.6303676130541933,
    1.6303676130541933,
    1.6303676130541933,
    1.6303676130541933,
    1.6303676130541933,
    1.6303676130541933,
    1.6303676130541933,
    1.6303676130541933,
    1.6303676130541933,
    1.6303676130541933,
    1.6303676130541933,
    1.6303676130541933,
    1.6303676130541933,
    1.6303676130541933,
    1.6303676130541933,
    1.6303676130541933,
    1.6303676130541933,
    1.6303676130541933,
    1.6303676130541933,
    1.6303676130541933,
    1.6303676130541933,
    1.6303676130541933,
    1.6303676130541933,
    1.6303676130541933,
    1.6303676130541933,
    1.6303676130541933,
    1.6303676130541933,
    1.6303676130541933,
    1.6303676130541933,
    1.6303676130541933,
    1.6303676130541933,
    1.6303676130541933,
    1.6303676130541933,
    1.6303676130541933,
    1.6303676130541933,
    1.6303676130541933,
    1.6303676130541933,
    1.6303676130541933,
    1.6303676130541933,
    1.6303676130541933,
    1.6303676130541933,
    1.6303676130541933,
    1.6303676130541933,
    1.6303676130541933,
    1.6303676130541933,
    1.6303676130541933,
    1.6303676130541933,
    1.6303676130541933,
    1.6303676130541933,
    1.6303676130541933,
    1.6303676130541933
  ],
  "config": {
    "n_devices": 50,
    "gamma": 5,
    "alpha": 0.5,
    "local_epochs": 5,
    "local_lr": 0.01,
    "local_momentum": 0.9,
    "distill_epochs": 1,
    "distill_lr": 0.001,