{
  "label": "expI_noEMA_s123",
  "phase": 5,
  "exp": "I",
  "method": "PAID-FD",
  "seed": 123,
  "desc": "No EMA (single-round logits)",
  "dataset": "cifar100",
  "summary": {
    "label": "expI_noEMA_s123",
    "exp": "I",
    "method": "PAID-FD",
    "seed": 123,
    "desc": "No EMA (single-round logits)",
    "final_acc": 0.6104,
    "best_acc": 0.6184,
    "avg_participation": 0.7600000000000001,
    "avg_price": 3.2672887523767504,
    "avg_eps_per_round": 2.835261154944534,
    "cumulative_payment": 27911.48782385616,
    "avg_privacy_spent": 283.5261154944535,
    "max_privacy_spent": 706.4454937661927,
    "time_to_targets": {
      "0.45": 4,
      "0.5": 8,
      "0.55": 13,
      "0.58": 19,
      "0.6": 31
    },
    "elapsed_sec": 8617.162098169327
  },
  "accuracies": [
    0.3884,
    0.3935,
    0.4269,
    0.4473,
    0.4544,
    0.472,
    0.4702,
    0.4992,
    0.5114,
    0.5147,
    0.4983,
    0.5365,
    0.5494,
    0.5526,
    0.5469,
    0.5615,
    0.5613,
    0.5642,
    0.5714,
    0.5813,
    0.572,
    0.5843,
    0.5791,
    0.573,
    0.5861,
    0.59,
    0.5783,
    0.5902,
    0.591,
    0.596,
    0.5976,
    0.6004,
    0.5958,
    0.5942,
    0.594,
    0.6006,
    0.5982,
    0.6016,
    0.5922,
    0.5998,
    0.6016,
    0.5956,
    0.5955,
    0.6026,
    0.5993,
    0.604,
    0.6036,
    0.6029,
    0.6016,
    0.6017,
    0.599,
    0.6039,
    0.6016,
    0.6041,
    0.6064,
    0.6052,
    0.6009,
    0.6034,
    0.6104,
    0.6086,
    0.6011,
    0.6053,
    0.6051,
    0.6053,
    0.6056,
    0.6089,
    0.6087,
    0.6094,
    0.6021,
    0.6099,
    0.6099,
    0.6045,
    0.6097,
    0.6077,
    0.603,
    0.6127,
    0.612,
    0.612,
    0.6108,
    0.6103,
    0.6101,
    0.61,
    0.6127,
    0.6131,
    0.6127,
    0.6075,
    0.6087,
    0.6113,
    0.6148,
    0.612,
    0.6165,
    0.6156,
    0.6129,
    0.6184,
    0.6093,
    0.612,
    0.6142,
    0.6086,
    0.6178,
    0.6104
  ],
  "participation_rates": [
    0.76,
    0.76,
    0.76,
    0.76,
    0.76,
    0.76,
    0.76,
    0.76,
    0.76,
    0.76,
    0.76,
    0.76,
    0.76,
    0.76,
    0.76,
    0.76,
    0.76,
    0.76,
    0.76,
    0.76,
    0.76,
    0.76,
    0.76,
    0.76,
    0.76,
    0.76,
    0.76,
    0.76,
    0.76,
    0.76,
    0.76,
    0.76,
    0.76,
    0.76,
    0.76,
    0.76,
    0.76,
    0.76,
    0.76,
    0.76,
    0.76,
    0.76,
    0.76,
    0.76,
    0.76,
    0.76,
    0.76,
    0.76,
    0.76,
    0.76,
    0.76,
    0.76,
    0.76,
    0.76,
    0.76,
    0.76,
    0.76,
    0.76,
    0.76,
    0.76,
    0.76,
    0.76,
    0.76,
    0.76,
    0.76,
    0.76,
    0.76,
    0.76,
    0.76,
    0.76,
    0.76,
    0.76,
    0.76,
    0.76,
    0.76,
    0.76,
    0.76,
    0.76,
    0.76,
    0.76,
    0.76,
    0.76,
    0.76,
    0.76,
    0.76,
    0.76,
    0.76,
    0.76,
    0.76,
    0.76,
    0.76,
    0.76,
    0.76,
    0.76,
    0.76,
    0.76,
    0.76,
    0.76,
    0.76,
    0.76
  ],
  "prices": [
    3.267288752376749,
    3.267288752376749,
    3.267288752376749,
    3.267288752376749,
    3.267288752376749,
    3.267288752376749,
    3.267288752376749,
    3.267288752376749,
    3.267288752376749,
    3.267288752376749,
    3.267288752376749,
    3.267288752376749,
    3.267288752376749,
    3.267288752376749,
    3.267288752376749,
    3.267288752376749,
    3.267288752376749,
    3.267288752376749,
    3.267288752376749,
    3.267288752376749,
    3.267288752376749,
    3.267288752376749,
    3.267288752376749,
    3.267288752376749,
    3.267288752376749,
    3.267288752376749,
    3.267288752376749,
    3.267288752376749,
    3.267288752376749,
    3.267288752376749,
    3.267288752376749,
    3.267288752376749,
    3.267288752376749,
    3.267288752376749,
    3.267288752376749,
    3.267288752376749,
    3.267288752376749,
    3.267288752376749,
    3.267288752376749,
    3.267288752376749,
    3.267288752376749,
    3.267288752376749,
    3.267288752376749,
    3.267288752376749,
    3.267288752376749,
    3.267288752376749,
    3.267288752376749,
    3.267288752376749,
    3.267288752376749,
    3.267288752376749,
    3.267288752376749,
    3.267288752376749,
    3.267288752376749,
    3.267288752376749,
    3.267288752376749,
    3.267288752376749,
    3.267288752376749,
    3.267288752376749,
    3.267288752376749,
    3.267288752376749,
    3.267288752376749,
    3.267288752376749,
    3.267288752376749,
    3.267288752376749,
    3.267288752376749,
    3.267288752376749,
    3.267288752376749,
    3.267288752376749,
    3.267288752376749,
    3.267288752376749,
    3.267288752376749,
    3.267288752376749,
    3.267288752376749,
    3.267288752376749,
    3.267288752376749,
    3.267288752376749,
    3.267288752376749,
    3.267288752376749,
    3.267288752376749,
    3.267288752376749,
    3.267288752376749,
    3.267288752376749,
    3.267288752376749,
    3.267288752376749,
    3.267288752376749,
    3.267288752376749,
    3.267288752376749,
    3.267288752376749,
    3.267288752376749,
    3.267288752376749,
    3.267288752376749,
    3.267288752376749,
    3.267288752376749,
    3.267288752376749,
    3.267288752376749,
    3.267288752376749,
    3.267288752376749,
    3.267288752376749,
    3.267288752376749,
    3.267288752376749
  ],
  "avg_eps": [
    2.8352611549445346,
    2.8352611549445346,
    2.8352611549445346,
    2.8352611549445346,
    2.8352611549445346,
    2.8352611549445346,
    2.8352611549445346,
    2.8352611549445346,
    2.8352611549445346,
    2.8352611549445346,
    2.8352611549445346,
    2.8352611549445346,
    2.8352611549445346,
    2.8352611549445346,
    2.8352611549445346,
    2.8352611549445346,
    2.8352611549445346,
    2.8352611549445346,
    2.8352611549445346,
    2.8352611549445346,
    2.8352611549445346,
    2.8352611549445346,
    2.8352611549445346,
    2.8352611549445346,
    2.8352611549445346,
    2.8352611549445346,
    2.8352611549445346,
    2.8352611549445346,
    2.8352611549445346,
    2.8352611549445346,
    2.8352611549445346,
    2.8352611549445346,
    2.8352611549445346,
    2.8352611549445346,
    2.8352611549445346,
    2.8352611549445346,
    2.8352611549445346,
    2.8352611549445346,
    2.8352611549445346,
    2.8352611549445346,
    2.8352611549445346,
    2.8352611549445346,
    2.8352611549445346,
    2.8352611549445346,
    2.8352611549445346,
    2.8352611549445346,
    2.8352611549445346,
    2.8352611549445346,
    2.8352611549445346,
    2.8352611549445346,
    2.8352611549445346,
    2.8352611549445346,
    2.8352611549445346,
    2.8352611549445346,
    2.8352611549445346,
    2.8352611549445346,
    2.8352611549445346,
    2.8352611549445346,
    2.8352611549445346,
    2.8352611549445346,
    2.8352611549445346,
    2.8352611549445346,
    2.8352611549445346,
    2.8352611549445346,
    2.8352611549445346,
    2.8352611549445346,
    2.8352611549445346,
    2.8352611549445346,
    2.8352611549445346,
    2.8352611549445346,
    2.8352611549445346,
    2.8352611549445346,
    2.8352611549445346,
    2.8352611549445346,
    2.8352611549445346,
    2.8352611549445346,
    2.8352611549445346,
    2.8352611549445346,
    2.8352611549445346,
    2.8352611549445346,
    2.8352611549445346,
    2.8352611549445346,
    2.8352611549445346,
    2.8352611549445346,
    2.8352611549445346,
    2.8352611549445346,
    2.8352611549445346,
    2.8352611549445346,
    2.8352611549445346,
    2.8352611549445346,
    2.8352611549445346,
    2.8352611549445346,
    2.8352611549445346,
    2.8352611549445346,
    2.8352611549445346,
    2.8352611549445346,
    2.8352611549445346,
    2.8352611549445346,
    2.8352611549445346,
    2.8352611549445346
  ],
  "config": {
    "n_devices": 50,
    "gamma": 5.0,
    "alpha": 0.5,
    "local_epochs": 5,
    "local_lr": 0.01,
    "local_momentum": 0.9,
    "distill_epochs": 1,
    "distill_lr": 0.001,
    "temperature": 3.0,
    "public_samples": 20000,