{
  "label": "expI_noEMA_s42",
  "phase": 5,
  "exp": "I",
  "method": "PAID-FD",
  "seed": 42,
  "desc": "No EMA (single-round logits)",
  "dataset": "cifar100",
  "summary": {
    "label": "expI_noEMA_s42",
    "exp": "I",
    "method": "PAID-FD",
    "seed": 42,
    "desc": "No EMA (single-round logits)",
    "final_acc": 0.6055,
    "best_acc": 0.6138,
    "avg_participation": 0.8199999999999998,
    "avg_price": 3.3373437746861145,
    "avg_eps_per_round": 2.7792384981356686,
    "cumulative_payment": 30635.97521400297,
    "avg_privacy_spent": 277.92384981356685,
    "max_privacy_spent": 739.4161011510307,
    "time_to_targets": {
      "0.45": 3,
      "0.5": 8,
      "0.55": 16,
      "0.58": 22,
      "0.6": 46
    },
    "elapsed_sec": 9061.389008522034
  },
  "accuracies": [
    0.3928,
    0.4226,
    0.4353,
    0.4565,
    0.4591,
    0.4825,
    0.4601,
    0.496,
    0.5125,
    0.511,
    0.5116,
    0.5364,
    0.5206,
    0.5401,
    0.5429,
    0.5498,
    0.5598,
    0.5638,
    0.5654,
    0.5735,
    0.5705,
    0.5687,
    0.5853,
    0.5625,
    0.5863,
    0.5862,
    0.5686,
    0.572,
    0.5846,
    0.5884,
    0.5803,
    0.59,
    0.5861,
    0.5842,
    0.5919,
    0.5949,
    0.5871,
    0.5905,
    0.594,
    0.5924,
    0.5927,
    0.5916,
    0.5953,
    0.5912,
    0.5955,
    0.5924,
    0.6006,
    0.5962,
    0.5977,
    0.6013,
    0.5944,
    0.6044,
    0.5964,
    0.5999,
    0.6009,
    0.6006,
    0.6054,
    0.6039,
    0.5997,
    0.6005,
    0.5999,
    0.6013,
    0.5995,
    0.5961,
    0.6019,
    0.6084,
    0.6052,
    0.6116,
    0.595,
    0.6054,
    0.6029,
    0.5993,
    0.5971,
    0.6077,
    0.6027,
    0.6048,
    0.6093,
    0.6071,
    0.5974,
    0.6088,
    0.6081,
    0.6051,
    0.6059,
    0.6083,
    0.6083,
    0.6,
    0.6104,
    0.6022,
    0.6082,
    0.6082,
    0.6024,
    0.607,
    0.6043,
    0.6076,
    0.6006,
    0.6059,
    0.6087,
    0.6138,
    0.6089,
    0.6055
  ],
  "participation_rates": [
    0.82,
    0.82,
    0.82,
    0.82,
    0.82,
    0.82,
    0.82,
    0.82,
    0.82,
    0.82,
    0.82,
    0.82,
    0.82,
    0.82,
    0.82,
    0.82,
    0.82,
    0.82,
    0.82,
    0.82,
    0.82,
    0.82,
    0.82,
    0.82,
    0.82,
    0.82,
    0.82,
    0.82,
    0.82,
    0.82,
    0.82,
    0.82,
    0.82,
    0.82,
    0.82,
    0.82,
    0.82,
    0.82,
    0.82,
    0.82,
    0.82,
    0.82,
    0.82,
    0.82,
    0.82,
    0.82,
    0.82,
    0.82,
    0.82,
    0.82,
    0.82,
    0.82,
    0.82,
    0.82,
    0.82,
    0.82,
    0.82,
    0.82,
    0.82,
    0.82,
    0.82,
    0.82,
    0.82,
    0.82,
    0.82,
    0.82,
    0.82,
    0.82,
    0.82,
    0.82,
    0.82,
    0.82,
    0.82,
    0.82,
    0.82,
    0.82,
    0.82,
    0.82,
    0.82,
    0.82,
    0.82,
    0.82,
    0.82,
    0.82,
    0.82,
    0.82,
    0.82,
    0.82,
    0.82,
    0.82,
    0.82,
    0.82,
    0.82,
    0.82,
    0.82,
    0.82,
    0.82,
    0.82,
    0.82,
    0.82
  ],
  "prices": [
    3.337343774686114,
    3.337343774686114,
    3.337343774686114,
    3.337343774686114,
    3.337343774686114,
    3.337343774686114,
    3.337343774686114,
    3.337343774686114,
    3.337343774686114,
    3.337343774686114,
    3.337343774686114,
    3.337343774686114,
    3.337343774686114,
    3.337343774686114,
    3.337343774686114,
    3.337343774686114,
    3.337343774686114,
    3.337343774686114,
    3.337343774686114,
    3.337343774686114,
    3.337343774686114,
    3.337343774686114,
    3.337343774686114,
    3.337343774686114,
    3.337343774686114,
    3.337343774686114,
    3.337343774686114,
    3.337343774686114,
    3.337343774686114,
    3.337343774686114,
    3.337343774686114,
    3.337343774686114,
    3.337343774686114,
    3.337343774686114,
    3.337343774686114,
    3.337343774686114,
    3.337343774686114,
    3.337343774686114,
    3.337343774686114,
    3.337343774686114,
    3.337343774686114,
    3.337343774686114,
    3.337343774686114,
    3.337343774686114,
    3.337343774686114,
    3.337343774686114,
    3.337343774686114,
    3.337343774686114,
    3.337343774686114,
    3.337343774686114,
    3.337343774686114,
    3.337343774686114,
    3.337343774686114,
    3.337343774686114,
    3.337343774686114,
    3.337343774686114,
    3.337343774686114,
    3.337343774686114,
    3.337343774686114,
    3.337343774686114,
    3.337343774686114,
    3.337343774686114,
    3.337343774686114,
    3.337343774686114,
    3.337343774686114,
    3.337343774686114,
    3.337343774686114,
    3.337343774686114,
    3.337343774686114,
    3.337343774686114,
    3.337343774686114,
    3.337343774686114,
    3.337343774686114,
    3.337343774686114,
    3.337343774686114,
    3.337343774686114,
    3.337343774686114,
    3.337343774686114,
    3.337343774686114,
    3.337343774686114,
    3.337343774686114,
    3.337343774686114,
    3.337343774686114,
    3.337343774686114,
    3.337343774686114,
    3.337343774686114,
    3.337343774686114,
    3.337343774686114,
    3.337343774686114,
    3.337343774686114,
    3.337343774686114,
    3.337343774686114,
    3.337343774686114,
    3.337343774686114,
    3.337343774686114,
    3.337343774686114,
    3.337343774686114,
    3.337343774686114,
    3.337343774686114,
    3.337343774686114
  ],
  "avg_eps": [
    2.779238498135668,
    2.779238498135668,
    2.779238498135668,
    2.779238498135668,
    2.779238498135668,
    2.779238498135668,
    2.779238498135668,
    2.779238498135668,
    2.779238498135668,
    2.779238498135668,
    2.779238498135668,
    2.779238498135668,
    2.779238498135668,
    2.779238498135668,
    2.779238498135668,
    2.779238498135668,
    2.779238498135668,
    2.779238498135668,
    2.779238498135668,
    2.779238498135668,
    2.779238498135668,
    2.779238498135668,
    2.779238498135668,
    2.779238498135668,
    2.779238498135668,
    2.779238498135668,
    2.779238498135668,
    2.779238498135668,
    2.779238498135668,
    2.779238498135668,
    2.779238498135668,
    2.779238498135668,
    2.779238498135668,
    2.779238498135668,
    2.779238498135668,
    2.779238498135668,
    2.779238498135668,
    2.779238498135668,
    2.779238498135668,
    2.779238498135668,
    2.779238498135668,
    2.779238498135668,
    2.779238498135668,
    2.779238498135668,
    2.779238498135668,
    2.779238498135668,
    2.779238498135668,
    2.779238498135668,
    2.779238498135668,
    2.779238498135668,
    2.779238498135668,
    2.779238498135668,
    2.779238498135668,
    2.779238498135668,
    2.779238498135668,
    2.779238498135668,
    2.779238498135668,
    2.779238498135668,
    2.779238498135668,
    2.779238498135668,
    2.779238498135668,
    2.779238498135668,
    2.779238498135668,
    2.779238498135668,
    2.779238498135668,
    2.779238498135668,
    2.779238498135668,
    2.779238498135668,
    2.779238498135668,
    2.779238498135668,
    2.779238498135668,
    2.779238498135668,
    2.779238498135668,
    2.779238498135668,
    2.779238498135668,
    2.779238498135668,
    2.779238498135668,
    2.779238498135668,
    2.779238498135668,
    2.779238498135668,
    2.779238498135668,
    2.779238498135668,
    2.779238498135668,
    2.779238498135668,
    2.779238498135668,
    2.779238498135668,
    2.779238498135668,
    2.779238498135668,
    2.779238498135668,
    2.779238498135668,
    2.779238498135668,
    2.779238498135668,
    2.779238498135668,
    2.779238498135668,
    2.779238498135668,
    2.779238498135668,
    2.779238498135668,
    2.779238498135668,
    2.779238498135668,
    2.779238498135668
  ],
  "config": {
    "n_devices": 50,
    "gamma": 5.0,
    "alpha": 0.5,
    "local_epochs": 5,
    "local_lr": 0.01,
    "local_momentum": 0.9,
    "distill_epochs": 1,
    "distill_lr": 0.001,
    "temperature": 3.0,
    "public_samples": 20000,
    "synthetic": false,