{
  "label": "expI_noEMA_s456",
  "phase": 5,
  "exp": "I",
  "method": "PAID-FD",
  "seed": 456,
  "desc": "No EMA (single-round logits)",
  "dataset": "cifar100",
  "summary": {
    "label": "expI_noEMA_s456",
    "exp": "I",
    "method": "PAID-FD",
    "seed": 456,
    "desc": "No EMA (single-round logits)",
    "final_acc": 0.6109,
    "best_acc": 0.6141,
    "avg_participation": 0.7999999999999998,
    "avg_price": 3.4639974243334364,
    "avg_eps_per_round": 2.9012010767985794,
    "cumulative_payment": 31987.11465073457,
    "avg_privacy_spent": 290.12010767985777,
    "max_privacy_spent": 745.1000792670026,
    "time_to_targets": {
      "0.45": 3,
      "0.5": 9,
      "0.55": 15,
      "0.58": 27,
      "0.6": 38
    },
    "elapsed_sec": 8905.214208364487
  },
  "accuracies": [
    0.3913,
    0.415,
    0.4319,
    0.4586,
    0.4363,
    0.4644,
    0.4863,
    0.4952,
    0.4822,
    0.5185,
    0.5182,
    0.5316,
    0.5263,
    0.5363,
    0.5286,
    0.5555,
    0.5593,
    0.5592,
    0.5606,
    0.5641,
    0.5605,
    0.5665,
    0.5678,
    0.5755,
    0.5739,
    0.5781,
    0.5723,
    0.5818,
    0.5902,
    0.5815,
    0.5858,
    0.5794,
    0.5894,
    0.5842,
    0.5885,
    0.5914,
    0.5918,
    0.5961,
    0.6012,
    0.5935,
    0.5952,
    0.5962,
    0.6021,
    0.5922,
    0.5986,
    0.5965,
    0.604,
    0.596,
    0.598,
    0.5989,
    0.5988,
    0.6036,
    0.5945,
    0.5937,
    0.5997,
    0.6043,
    0.5981,
    0.6039,
    0.6099,
    0.601,
    0.5992,
    0.6069,
    0.6073,
    0.6082,
    0.6026,
    0.6027,
    0.606,
    0.6102,
    0.6034,
    0.6116,
    0.6097,
    0.6047,
    0.6011,
    0.6024,
    0.6102,
    0.6138,
    0.6097,
    0.6105,
    0.6067,
    0.6059,
    0.6079,
    0.5999,
    0.604,
    0.6053,
    0.6049,
    0.6109,
    0.6098,
    0.6109,
    0.6011,
    0.6125,
    0.612,
    0.6141,
    0.6099,
    0.6106,
    0.6041,
    0.6111,
    0.6058,
    0.6088,
    0.6048,
    0.6109
  ],
  "participation_rates": [
    0.8,
    0.8,
    0.8,
    0.8,
    0.8,
    0.8,
    0.8,
    0.8,
    0.8,
    0.8,
    0.8,
    0.8,
    0.8,
    0.8,
    0.8,
    0.8,
    0.8,
    0.8,
    0.8,
    0.8,
    0.8,
    0.8,
    0.8,
    0.8,
    0.8,
    0.8,
    0.8,
    0.8,
    0.8,
    0.8,
    0.8,
    0.8,
    0.8,
    0.8,
    0.8,
    0.8,
    0.8,
    0.8,
    0.8,
    0.8,
    0.8,
    0.8,
    0.8,
    0.8,
    0.8,
    0.8,
    0.8,
    0.8,
    0.8,
    0.8,
    0.8,
    0.8,
    0.8,
    0.8,
    0.8,
    0.8,
    0.8,
    0.8,
    0.8,
    0.8,
    0.8,
    0.8,
    0.8,
    0.8,
    0.8,
    0.8,
    0.8,
    0.8,
    0.8,
    0.8,
    0.8,
    0.8,
    0.8,
    0.8,
    0.8,
    0.8,
    0.8,
    0.8,
    0.8,
    0.8,
    0.8,
    0.8,
    0.8,
    0.8,
    0.8,
    0.8,
    0.8,
    0.8,
    0.8,
    0.8,
    0.8,
    0.8,
    0.8,
    0.8,
    0.8,
    0.8,
    0.8,
    0.8,
    0.8,
    0.8
  ],
  "prices": [
    3.463997424333436,
    3.463997424333436,
    3.463997424333436,
    3.463997424333436,
    3.463997424333436,
    3.463997424333436,
    3.463997424333436,
    3.463997424333436,
    3.463997424333436,
    3.463997424333436,
    3.463997424333436,
    3.463997424333436,
    3.463997424333436,
    3.463997424333436,
    3.463997424333436,
    3.463997424333436,
    3.463997424333436,
    3.463997424333436,
    3.463997424333436,
    3.463997424333436,
    3.463997424333436,
    3.463997424333436,
    3.463997424333436,
    3.463997424333436,
    3.463997424333436,
    3.463997424333436,
    3.463997424333436,
    3.463997424333436,
    3.463997424333436,
    3.463997424333436,
    3.463997424333436,
    3.463997424333436,
    3.463997424333436,
    3.463997424333436,
    3.463997424333436,
    3.463997424333436,
    3.463997424333436,
    3.463997424333436,
    3.463997424333436,
    3.463997424333436,
    3.463997424333436,
    3.463997424333436,
    3.463997424333436,
    3.463997424333436,
    3.463997424333436,
    3.463997424333436,
    3.463997424333436,
    3.463997424333436,
    3.463997424333436,
    3.463997424333436,
    3.463997424333436,
    3.463997424333436,
    3.463997424333436,
    3.463997424333436,
    3.463997424333436,
    3.463997424333436,
    3.463997424333436,
    3.463997424333436,
    3.463997424333436,
    3.463997424333436,
    3.463997424333436,
    3.463997424333436,
    3.463997424333436,
    3.463997424333436,
    3.463997424333436,
    3.463997424333436,
    3.463997424333436,
    3.463997424333436,
    3.463997424333436,
    3.463997424333436,
    3.463997424333436,
    3.463997424333436,
    3.463997424333436,
    3.463997424333436,
    3.463997424333436,
    3.463997424333436,
    3.463997424333436,
    3.463997424333436,
    3.463997424333436,
    3.463997424333436,
    3.463997424333436,
    3.463997424333436,
    3.463997424333436,
    3.463997424333436,
    3.463997424333436,
    3.463997424333436,
    3.463997424333436,
    3.463997424333436,
    3.463997424333436,
    3.463997424333436,
    3.463997424333436,
    3.463997424333436,
    3.463997424333436,
    3.463997424333436,
    3.463997424333436,
    3.463997424333436,
    3.463997424333436,
    3.463997424333436,
    3.463997424333436,
    3.463997424333436
  ],
  "avg_eps": [
    2.9012010767985785,
    2.9012010767985785,
    2.9012010767985785,
    2.9012010767985785,
    2.9012010767985785,
    2.9012010767985785,
    2.9012010767985785,
    2.9012010767985785,
    2.9012010767985785,
    2.9012010767985785,
    2.9012010767985785,
    2.9012010767985785,
    2.9012010767985785,
    2.9012010767985785,
    2.9012010767985785,
    2.9012010767985785,
    2.9012010767985785,
    2.9012010767985785,
    2.9012010767985785,
    2.9012010767985785,
    2.9012010767985785,
    2.9012010767985785,
    2.9012010767985785,
    2.9012010767985785,
    2.9012010767985785,
    2.9012010767985785,
    2.9012010767985785,
    2.9012010767985785,
    2.9012010767985785,
    2.9012010767985785,
    2.9012010767985785,
    2.9012010767985785,
    2.9012010767985785,
    2.9012010767985785,
    2.9012010767985785,
    2.9012010767985785,
    2.9012010767985785,
    2.9012010767985785,
    2.9012010767985785,
    2.9012010767985785,
    2.9012010767985785,
    2.9012010767985785,
    2.9012010767985785,
    2.9012010767985785,
    2.9012010767985785,
    2.9012010767985785,
    2.9012010767985785,
    2.9012010767985785,
    2.9012010767985785,
    2.9012010767985785,
    2.9012010767985785,
    2.9012010767985785,
    2.9012010767985785,
    2.9012010767985785,
    2.9012010767985785,
    2.9012010767985785,
    2.9012010767985785,
    2.9012010767985785,
    2.9012010767985785,
    2.9012010767985785,
    2.9012010767985785,
    2.9012010767985785,
    2.9012010767985785,
    2.9012010767985785,
    2.9012010767985785,
    2.9012010767985785,
    2.9012010767985785,
    2.9012010767985785,
    2.9012010767985785,
    2.9012010767985785,
    2.9012010767985785,
    2.9012010767985785,
    2.9012010767985785,
    2.9012010767985785,
    2.9012010767985785,
    2.9012010767985785,
    2.9012010767985785,
    2.9012010767985785,
    2.9012010767985785,
    2.9012010767985785,
    2.9012010767985785,
    2.9012010767985785,
    2.9012010767985785,
    2.9012010767985785,
    2.9012010767985785,
    2.9012010767985785,
    2.9012010767985785,
    2.9012010767985785,
    2.9012010767985785,
    2.9012010767985785,
    2.9012010767985785,
    2.9012010767985785,
    2.9012010767985785,
    2.9012010767985785,
    2.9012010767985785,
    2.9012010767985785,
    2.9012010767985785,
    2.9012010767985785,
    2.9012010767985785,
    2.9012010767985785
  ],
  "config": {
    "n_devices": 50,
    "gamma": 5.0,
    "alpha": 0.5,
    "local_epochs": 5,
    "local_lr": 0.01,
    "local_momentum": 0.9,
    "distill_epochs": 1,
    "distill_lr": 0.001,
    "temperature": 3.0,
    "public_samples": 20000,
    "synthetic": false,