{
  "label": "expI_noPersistent_s42",
  "phase": 5,
  "exp": "I",
  "method": "PAID-FD",
  "seed": 42,
  "desc": "No persistent local models (fresh each round)",
  "dataset": "cifar100",
  "summary": {
    "label": "expI_noPersistent_s42",
    "exp": "I",
    "method": "PAID-FD",
    "seed": 42,
    "desc": "No persistent local models (fresh each round)",
    "final_acc": 0.6355,
    "best_acc": 0.6387,
    "avg_participation": 0.8199999999999998,
    "avg_price": 3.3373437746861145,
    "avg_eps_per_round": 2.7792384981356686,
    "cumulative_payment": 30635.97521400297,
    "avg_privacy_spent": 277.92384981356685,
    "max_privacy_spent": 739.4161011510307,
    "time_to_targets": {
      "0.45": 3,
      "0.5": 8,
      "0.55": 15,
      "0.58": 17,
      "0.6": 29
    },
    "elapsed_sec": 9080.032813072205
  },
  "accuracies": [
    0.3928,
    0.421,
    0.4358,
    0.4599,
    0.4598,
    0.4868,
    0.4566,
    0.4961,
    0.5081,
    0.5138,
    0.5093,
    0.5355,
    0.5334,
    0.5431,
    0.5427,
    0.5618,
    0.5674,
    0.5805,
    0.5727,
    0.5866,
    0.5776,
    0.5842,
    0.59,
    0.5861,
    0.5941,
    0.5968,
    0.5655,
    0.5905,
    0.5901,
    0.6011,
    0.5991,
    0.5997,
    0.6014,
    0.6077,
    0.5992,
    0.6041,
    0.6066,
    0.6086,
    0.6159,
    0.6147,
    0.6133,
    0.6156,
    0.6128,
    0.6132,
    0.6075,
    0.6132,
    0.6139,
    0.6126,
    0.6173,
    0.6136,
    0.6168,
    0.621,
    0.6099,
    0.6161,
    0.624,
    0.6236,
    0.6177,
    0.6216,
    0.6203,
    0.6251,
    0.6246,
    0.6226,
    0.623,
    0.6194,
    0.625,
    0.6226,
    0.6298,
    0.6293,
    0.6211,
    0.6191,
    0.632,
    0.628,
    0.6297,
    0.6279,
    0.6334,
    0.6278,
    0.6365,
    0.633,
    0.6287,
    0.6315,
    0.6375,
    0.6386,
    0.6295,
    0.6338,
    0.6292,
    0.6334,
    0.6259,
    0.6332,
    0.6271,
    0.6306,
    0.6315,
    0.6351,
    0.6307,
    0.6387,
    0.6337,
    0.633,
    0.6319,
    0.6322,
    0.6333,
    0.6355
  ],
  "participation_rates": [
    0.82,
    0.82,
    0.82,
    0.82,
    0.82,
    0.82,
    0.82,
    0.82,
    0.82,
    0.82,
    0.82,
    0.82,
    0.82,
    0.82,
    0.82,
    0.82,
    0.82,
    0.82,
    0.82,
    0.82,
    0.82,
    0.82,
    0.82,
    0.82,
    0.82,
    0.82,
    0.82,
    0.82,
    0.82,
    0.82,
    0.82,
    0.82,
    0.82,
    0.82,
    0.82,
    0.82,
    0.82,
    0.82,
    0.82,
    0.82,
    0.82,
    0.82,
    0.82,
    0.82,
    0.82,
    0.82,
    0.82,
    0.82,
    0.82,
    0.82,
    0.82,
    0.82,
    0.82,
    0.82,
    0.82,
    0.82,
    0.82,
    0.82,
    0.82,
    0.82,
    0.82,
    0.82,
    0.82,
    0.82,
    0.82,
    0.82,
    0.82,
    0.82,
    0.82,
    0.82,
    0.82,
    0.82,
    0.82,
    0.82,
    0.82,
    0.82,
    0.82,
    0.82,
    0.82,
    0.82,
    0.82,
    0.82,
    0.82,
    0.82,
    0.82,
    0.82,
    0.82,
    0.82,
    0.82,
    0.82,
    0.82,
    0.82,
    0.82,
    0.82,
    0.82,
    0.82,
    0.82,
    0.82,
    0.82,
    0.82
  ],
  "prices": [
    3.337343774686114,
    3.337343774686114,
    3.337343774686114,
    3.337343774686114,
    3.337343774686114,
    3.337343774686114,
    3.337343774686114,
    3.337343774686114,
    3.337343774686114,
    3.337343774686114,
    3.337343774686114,
    3.337343774686114,
    3.337343774686114,
    3.337343774686114,
    3.337343774686114,
    3.337343774686114,
    3.337343774686114,
    3.337343774686114,
    3.337343774686114,
    3.337343774686114,
    3.337343774686114,
    3.337343774686114,
    3.337343774686114,
    3.337343774686114,
    3.337343774686114,
    3.337343774686114,
    3.337343774686114,
    3.337343774686114,
    3.337343774686114,
    3.337343774686114,
    3.337343774686114,
    3.337343774686114,
    3.337343774686114,
    3.337343774686114,
    3.337343774686114,
    3.337343774686114,
    3.337343774686114,
    3.337343774686114,
    3.337343774686114,
    3.337343774686114,
    3.337343774686114,
    3.337343774686114,
    3.337343774686114,
    3.337343774686114,
    3.337343774686114,
    3.337343774686114,
    3.337343774686114,
    3.337343774686114,
    3.337343774686114,
    3.337343774686114,
    3.337343774686114,
    3.337343774686114,
    3.337343774686114,
    3.337343774686114,
    3.337343774686114,
    3.337343774686114,
    3.337343774686114,
    3.337343774686114,
    3.337343774686114,
    3.337343774686114,
    3.337343774686114,
    3.337343774686114,
    3.337343774686114,
    3.337343774686114,
    3.337343774686114,
    3.337343774686114,
    3.337343774686114,
    3.337343774686114,
    3.337343774686114,
    3.337343774686114,
    3.337343774686114,
    3.337343774686114,
    3.337343774686114,
    3.337343774686114,
    3.337343774686114,
    3.337343774686114,
    3.337343774686114,
    3.337343774686114,
    3.337343774686114,
    3.337343774686114,
    3.337343774686114,
    3.337343774686114,
    3.337343774686114,
    3.337343774686114,
    3.337343774686114,
    3.337343774686114,
    3.337343774686114,
    3.337343774686114,
    3.337343774686114,
    3.337343774686114,
    3.337343774686114,
    3.337343774686114,
    3.337343774686114,
    3.337343774686114,
    3.337343774686114,
    3.337343774686114,
    3.337343774686114,
    3.337343774686114,
    3.337343774686114,
    3.337343774686114
  ],
  "avg_eps": [
    2.779238498135668,
    2.779238498135668,
    2.779238498135668,
    2.779238498135668,
    2.779238498135668,
    2.779238498135668,
    2.779238498135668,
    2.779238498135668,
    2.779238498135668,
    2.779238498135668,
    2.779238498135668,
    2.779238498135668,
    2.779238498135668,
    2.779238498135668,
    2.779238498135668,
    2.779238498135668,
    2.779238498135668,
    2.779238498135668,
    2.779238498135668,
    2.779238498135668,
    2.779238498135668,
    2.779238498135668,
    2.779238498135668,
    2.779238498135668,
    2.779238498135668,
    2.779238498135668,
    2.779238498135668,
    2.779238498135668,
    2.779238498135668,
    2.779238498135668,
    2.779238498135668,
    2.779238498135668,
    2.779238498135668,
    2.779238498135668,
    2.779238498135668,
    2.779238498135668,
    2.779238498135668,
    2.779238498135668,
    2.779238498135668,
    2.779238498135668,
    2.779238498135668,
    2.779238498135668,
    2.779238498135668,
    2.779238498135668,
    2.779238498135668,
    2.779238498135668,
    2.779238498135668,
    2.779238498135668,
    2.779238498135668,
    2.779238498135668,
    2.779238498135668,
    2.779238498135668,
    2.779238498135668,
    2.779238498135668,
    2.779238498135668,
    2.779238498135668,
    2.779238498135668,
    2.779238498135668,
    2.779238498135668,
    2.779238498135668,
    2.779238498135668,
    2.779238498135668,
    2.779238498135668,
    2.779238498135668,
    2.779238498135668,
    2.779238498135668,
    2.779238498135668,
    2.779238498135668,
    2.779238498135668,
    2.779238498135668,
    2.779238498135668,
    2.779238498135668,
    2.779238498135668,
    2.779238498135668,
    2.779238498135668,
    2.779238498135668,
    2.779238498135668,
    2.779238498135668,
    2.779238498135668,
    2.779238498135668,
    2.779238498135668,
    2.779238498135668,
    2.779238498135668,
    2.779238498135668,
    2.779238498135668,
    2.779238498135668,
    2.779238498135668,
    2.779238498135668,
    2.779238498135668,
    2.779238498135668,
    2.779238498135668,
    2.779238498135668,
    2.779238498135668,
    2.779238498135668,
    2.779238498135668,
    2.779238498135668,
    2.779238498135668,
    2.779238498135668,
    2.779238498135668,
    2.779238498135668
  ],
  "config": {
    "n_devices": 50,
    "gamma": 5.0,
    "alpha": 0.5,
    "local_epochs": 5,
    "local_lr": 0.01,
    "local_momentum": 0.9,
    "distill_epochs": 1,
    "distill_lr": 0.001,
    "temperature": 3.0,
    "public_samples": 20000,
    "synthetic": false,