{
  "label": "expI_noPersistent_s456",
  "phase": 5,
  "exp": "I",
  "method": "PAID-FD",
  "seed": 456,
  "desc": "No persistent local models (fresh each round)",
  "dataset": "cifar100",
  "summary": {
    "label": "expI_noPersistent_s456",
    "exp": "I",
    "method": "PAID-FD",
    "seed": 456,
    "desc": "No persistent local models (fresh each round)",
    "final_acc": 0.633,
    "best_acc": 0.6396,
    "avg_participation": 0.7999999999999998,
    "avg_price": 3.4639974243334364,
    "avg_eps_per_round": 2.9012010767985794,
    "cumulative_payment": 31987.11465073457,
    "avg_privacy_spent": 290.12010767985777,
    "max_privacy_spent": 745.1000792670026,
    "time_to_targets": {
      "0.45": 3,
      "0.5": 9,
      "0.55": 15,
      "0.58": 21,
      "0.6": 30
    },
    "elapsed_sec": 8996.02194070816
  },
  "accuracies": [
    0.3913,
    0.4134,
    0.4358,
    0.4593,
    0.4333,
    0.4636,
    0.4878,
    0.493,
    0.4847,
    0.5232,
    0.5276,
    0.5429,
    0.5377,
    0.5433,
    0.5391,
    0.5608,
    0.5674,
    0.5681,
    0.5732,
    0.5674,
    0.5779,
    0.5811,
    0.5798,
    0.584,
    0.5804,
    0.5791,
    0.5828,
    0.5954,
    0.5979,
    0.5954,
    0.6005,
    0.6042,
    0.6065,
    0.5925,
    0.6058,
    0.6039,
    0.6052,
    0.6141,
    0.6085,
    0.6145,
    0.6205,
    0.6127,
    0.6151,
    0.6177,
    0.6166,
    0.6179,
    0.6199,
    0.6173,
    0.6186,
    0.6119,
    0.6199,
    0.621,
    0.6131,
    0.6121,
    0.6211,
    0.6146,
    0.6202,
    0.6258,
    0.6279,
    0.623,
    0.6218,
    0.6255,
    0.6239,
    0.6227,
    0.6268,
    0.6213,
    0.6271,
    0.6366,
    0.6227,
    0.6305,
    0.6258,
    0.6257,
    0.6264,
    0.6232,
    0.6303,
    0.6296,
    0.6291,
    0.6311,
    0.6283,
    0.63,
    0.6396,
    0.6295,
    0.6311,
    0.6309,
    0.6321,
    0.6316,
    0.6292,
    0.63,
    0.6305,
    0.6328,
    0.6338,
    0.635,
    0.632,
    0.6275,
    0.6343,
    0.6355,
    0.6372,
    0.6298,
    0.6326,
    0.633
  ],
  "participation_rates": [
    0.8,
    0.8,
    0.8,
    0.8,
    0.8,
    0.8,
    0.8,
    0.8,
    0.8,
    0.8,
    0.8,
    0.8,
    0.8,
    0.8,
    0.8,
    0.8,
    0.8,
    0.8,
    0.8,
    0.8,
    0.8,
    0.8,
    0.8,
    0.8,
    0.8,
    0.8,
    0.8,
    0.8,
    0.8,
    0.8,
    0.8,
    0.8,
    0.8,
    0.8,
    0.8,
    0.8,
    0.8,
    0.8,
    0.8,
    0.8,
    0.8,
    0.8,
    0.8,
    0.8,
    0.8,
    0.8,
    0.8,
    0.8,
    0.8,
    0.8,
    0.8,
    0.8,
    0.8,
    0.8,
    0.8,
    0.8,
    0.8,
    0.8,
    0.8,
    0.8,
    0.8,
    0.8,
    0.8,
    0.8,
    0.8,
    0.8,
    0.8,
    0.8,
    0.8,
    0.8,
    0.8,
    0.8,
    0.8,
    0.8,
    0.8,
    0.8,
    0.8,
    0.8,
    0.8,
    0.8,
    0.8,
    0.8,
    0.8,
    0.8,
    0.8,
    0.8,
    0.8,
    0.8,
    0.8,
    0.8,
    0.8,
    0.8,
    0.8,
    0.8,
    0.8,
    0.8,
    0.8,
    0.8,
    0.8,
    0.8
  ],
  "prices": [
    3.463997424333436,
    3.463997424333436,
    3.463997424333436,
    3.463997424333436,
    3.463997424333436,
    3.463997424333436,
    3.463997424333436,
    3.463997424333436,
    3.463997424333436,
    3.463997424333436,
    3.463997424333436,
    3.463997424333436,
    3.463997424333436,
    3.463997424333436,
    3.463997424333436,
    3.463997424333436,
    3.463997424333436,
    3.463997424333436,
    3.463997424333436,
    3.463997424333436,
    3.463997424333436,
    3.463997424333436,
    3.463997424333436,
    3.463997424333436,
    3.463997424333436,
    3.463997424333436,
    3.463997424333436,
    3.463997424333436,
    3.463997424333436,
    3.463997424333436,
    3.463997424333436,
    3.463997424333436,
    3.463997424333436,
    3.463997424333436,
    3.463997424333436,
    3.463997424333436,
    3.463997424333436,
    3.463997424333436,
    3.463997424333436,
    3.463997424333436,
    3.463997424333436,
    3.463997424333436,
    3.463997424333436,
    3.463997424333436,
    3.463997424333436,
    3.463997424333436,
    3.463997424333436,
    3.463997424333436,
    3.463997424333436,
    3.463997424333436,
    3.463997424333436,
    3.463997424333436,
    3.463997424333436,
    3.463997424333436,
    3.463997424333436,
    3.463997424333436,
    3.463997424333436,
    3.463997424333436,
    3.463997424333436,
    3.463997424333436,
    3.463997424333436,
    3.463997424333436,
    3.463997424333436,
    3.463997424333436,
    3.463997424333436,
    3.463997424333436,
    3.463997424333436,
    3.463997424333436,
    3.463997424333436,
    3.463997424333436,
    3.463997424333436,
    3.463997424333436,
    3.463997424333436,
    3.463997424333436,
    3.463997424333436,
    3.463997424333436,
    3.463997424333436,
    3.463997424333436,
    3.463997424333436,
    3.463997424333436,
    3.463997424333436,
    3.463997424333436,
    3.463997424333436,
    3.463997424333436,
    3.463997424333436,
    3.463997424333436,
    3.463997424333436,
    3.463997424333436,
    3.463997424333436,
    3.463997424333436,
    3.463997424333436,
    3.463997424333436,
    3.463997424333436,
    3.463997424333436,
    3.463997424333436,
    3.463997424333436,
    3.463997424333436,
    3.463997424333436,
    3.463997424333436,
    3.463997424333436
  ],
  "avg_eps": [
    2.9012010767985785,
    2.9012010767985785,
    2.9012010767985785,
    2.9012010767985785,
    2.9012010767985785,
    2.9012010767985785,
    2.9012010767985785,
    2.9012010767985785,
    2.9012010767985785,
    2.9012010767985785,
    2.9012010767985785,
    2.9012010767985785,
    2.9012010767985785,
    2.9012010767985785,
    2.9012010767985785,
    2.9012010767985785,
    2.9012010767985785,
    2.9012010767985785,
    2.9012010767985785,
    2.9012010767985785,
    2.9012010767985785,
    2.9012010767985785,
    2.9012010767985785,
    2.9012010767985785,
    2.9012010767985785,
    2.9012010767985785,
    2.9012010767985785,
    2.9012010767985785,
    2.9012010767985785,
    2.9012010767985785,
    2.9012010767985785,
    2.9012010767985785,
    2.9012010767985785,
    2.9012010767985785,
    2.9012010767985785,
    2.9012010767985785,
    2.9012010767985785,
    2.9012010767985785,
    2.9012010767985785,
    2.9012010767985785,
    2.9012010767985785,
    2.9012010767985785,
    2.9012010767985785,
    2.9012010767985785,
    2.9012010767985785,
    2.9012010767985785,
    2.9012010767985785,
    2.9012010767985785,
    2.9012010767985785,
    2.9012010767985785,
    2.9012010767985785,
    2.9012010767985785,
    2.9012010767985785,
    2.9012010767985785,
    2.9012010767985785,
    2.9012010767985785,
    2.9012010767985785,
    2.9012010767985785,
    2.9012010767985785,
    2.9012010767985785,
    2.9012010767985785,
    2.9012010767985785,
    2.9012010767985785,
    2.9012010767985785,
    2.9012010767985785,
    2.9012010767985785,
    2.9012010767985785,
    2.9012010767985785,
    2.9012010767985785,
    2.9012010767985785,
    2.9012010767985785,
    2.9012010767985785,
    2.9012010767985785,
    2.9012010767985785,
    2.9012010767985785,
    2.9012010767985785,
    2.9012010767985785,
    2.9012010767985785,
    2.9012010767985785,
    2.9012010767985785,
    2.9012010767985785,
    2.9012010767985785,
    2.9012010767985785,
    2.9012010767985785,
    2.9012010767985785,
    2.9012010767985785,
    2.9012010767985785,
    2.9012010767985785,
    2.9012010767985785,
    2.9012010767985785,
    2.9012010767985785,
    2.9012010767985785,
    2.9012010767985785,
    2.9012010767985785,
    2.9012010767985785,
    2.9012010767985785,
    2.9012010767985785,
    2.9012010767985785,
    2.9012010767985785,
    2.9012010767985785
  ],
  "config": {
    "n_devices": 50,
    "gamma": 5.0,
    "alpha": 0.5,
    "local_epochs": 5,
    "local_lr": 0.01,
    "local_momentum": 0.9,
    "distill_epochs": 1,
    "distill_lr": 0.001,
    "temperature": 3.0,
    "public_samples": 20000,
    "synthetic": false,