{
  "label": "expI_noPersistent_s123",
  "phase": 5,
  "exp": "I",
  "method": "PAID-FD",
  "seed": 123,
  "desc": "No persistent local models (fresh each round)",
  "dataset": "cifar100",
  "summary": {
    "label": "expI_noPersistent_s123",
    "exp": "I",
    "method": "PAID-FD",
    "seed": 123,
    "desc": "No persistent local models (fresh each round)",
    "final_acc": 0.6343,
    "best_acc": 0.6422,
    "avg_participation": 0.7600000000000001,
    "avg_price": 3.2672887523767504,
    "avg_eps_per_round": 2.835261154944534,
    "cumulative_payment": 27911.48782385616,
    "avg_privacy_spent": 283.5261154944535,
    "max_privacy_spent": 706.4454937661927,
    "time_to_targets": {
      "0.45": 4,
      "0.5": 8,
      "0.55": 12,
      "0.58": 19,
      "0.6": 28
    },
    "elapsed_sec": 8705.675393104553
  },
  "accuracies": [
    0.3884,
    0.3926,
    0.4291,
    0.4465,
    0.4603,
    0.4752,
    0.4709,
    0.4946,
    0.5116,
    0.513,
    0.5092,
    0.5318,
    0.5502,
    0.5495,
    0.5543,
    0.5654,
    0.5711,
    0.5748,
    0.5761,
    0.5907,
    0.5885,
    0.5915,
    0.5862,
    0.5898,
    0.5968,
    0.595,
    0.595,
    0.596,
    0.6026,
    0.6044,
    0.6049,
    0.6068,
    0.6079,
    0.6103,
    0.6056,
    0.6165,
    0.6137,
    0.6207,
    0.6131,
    0.6125,
    0.6165,
    0.6115,
    0.6202,
    0.6169,
    0.6136,
    0.6174,
    0.6168,
    0.623,
    0.613,
    0.6234,
    0.6217,
    0.6239,
    0.6207,
    0.623,
    0.6246,
    0.6257,
    0.6253,
    0.6223,
    0.6256,
    0.627,
    0.6229,
    0.6277,
    0.6295,
    0.6344,
    0.631,
    0.6309,
    0.6308,
    0.6322,
    0.6323,
    0.6313,
    0.6306,
    0.6327,
    0.6351,
    0.6294,
    0.6279,
    0.6294,
    0.6328,
    0.6362,
    0.635,
    0.634,
    0.628,
    0.6331,
    0.6293,
    0.6382,
    0.6351,
    0.6279,
    0.6328,
    0.6355,
    0.6352,
    0.6326,
    0.6315,
    0.636,
    0.6347,
    0.6343,
    0.6365,
    0.6356,
    0.6422,
    0.6387,
    0.6372,
    0.6343
  ],
  "participation_rates": [
    0.76,
    0.76,
    0.76,
    0.76,
    0.76,
    0.76,
    0.76,
    0.76,
    0.76,
    0.76,
    0.76,
    0.76,
    0.76,
    0.76,
    0.76,
    0.76,
    0.76,
    0.76,
    0.76,
    0.76,
    0.76,
    0.76,
    0.76,
    0.76,
    0.76,
    0.76,
    0.76,
    0.76,
    0.76,
    0.76,
    0.76,
    0.76,
    0.76,
    0.76,
    0.76,
    0.76,
    0.76,
    0.76,
    0.76,
    0.76,
    0.76,
    0.76,
    0.76,
    0.76,
    0.76,
    0.76,
    0.76,
    0.76,
    0.76,
    0.76,
    0.76,
    0.76,
    0.76,
    0.76,
    0.76,
    0.76,
    0.76,
    0.76,
    0.76,
    0.76,
    0.76,
    0.76,
    0.76,
    0.76,
    0.76,
    0.76,
    0.76,
    0.76,
    0.76,
    0.76,
    0.76,
    0.76,
    0.76,
    0.76,
    0.76,
    0.76,
    0.76,
    0.76,
    0.76,
    0.76,
    0.76,
    0.76,
    0.76,
    0.76,
    0.76,
    0.76,
    0.76,
    0.76,
    0.76,
    0.76,
    0.76,
    0.76,
    0.76,
    0.76,
    0.76,
    0.76,
    0.76,
    0.76,
    0.76,
    0.76
  ],
  "prices": [
    3.267288752376749,
    3.267288752376749,
    3.267288752376749,
    3.267288752376749,
    3.267288752376749,
    3.267288752376749,
    3.267288752376749,
    3.267288752376749,
    3.267288752376749,
    3.267288752376749,
    3.267288752376749,
    3.267288752376749,
    3.267288752376749,
    3.267288752376749,
    3.267288752376749,
    3.267288752376749,
    3.267288752376749,
    3.267288752376749,
    3.267288752376749,
    3.267288752376749,
    3.267288752376749,
    3.267288752376749,
    3.267288752376749,
    3.267288752376749,
    3.267288752376749,
    3.267288752376749,
    3.267288752376749,
    3.267288752376749,
    3.267288752376749,
    3.267288752376749,
    3.267288752376749,
    3.267288752376749,
    3.267288752376749,
    3.267288752376749,
    3.267288752376749,
    3.267288752376749,
    3.267288752376749,
    3.267288752376749,
    3.267288752376749,
    3.267288752376749,
    3.267288752376749,
    3.267288752376749,
    3.267288752376749,
    3.267288752376749,
    3.267288752376749,
    3.267288752376749,
    3.267288752376749,
    3.267288752376749,
    3.267288752376749,
    3.267288752376749,
    3.267288752376749,
    3.267288752376749,
    3.267288752376749,
    3.267288752376749,
    3.267288752376749,
    3.267288752376749,
    3.267288752376749,
    3.267288752376749,
    3.267288752376749,
    3.267288752376749,
    3.267288752376749,
    3.267288752376749,
    3.267288752376749,
    3.267288752376749,
    3.267288752376749,
    3.267288752376749,
    3.267288752376749,
    3.267288752376749,
    3.267288752376749,
    3.267288752376749,
    3.267288752376749,
    3.267288752376749,
    3.267288752376749,
    3.267288752376749,
    3.267288752376749,
    3.267288752376749,
    3.267288752376749,
    3.267288752376749,
    3.267288752376749,
    3.267288752376749,
    3.267288752376749,
    3.267288752376749,
    3.267288752376749,
    3.267288752376749,
    3.267288752376749,
    3.267288752376749,
    3.267288752376749,
    3.267288752376749,
    3.267288752376749,
    3.267288752376749,
    3.267288752376749,
    3.267288752376749,
    3.267288752376749,
    3.267288752376749,
    3.267288752376749,
    3.267288752376749,
    3.267288752376749,
    3.267288752376749,
    3.267288752376749,
    3.267288752376749
  ],
  "avg_eps": [
    2.8352611549445346,
    2.8352611549445346,
    2.8352611549445346,
    2.8352611549445346,
    2.8352611549445346,
    2.8352611549445346,
    2.8352611549445346,
    2.8352611549445346,
    2.8352611549445346,
    2.8352611549445346,
    2.8352611549445346,
    2.8352611549445346,
    2.8352611549445346,
    2.8352611549445346,
    2.8352611549445346,
    2.8352611549445346,
    2.8352611549445346,
    2.8352611549445346,
    2.8352611549445346,
    2.8352611549445346,
    2.8352611549445346,
    2.8352611549445346,
    2.8352611549445346,
    2.8352611549445346,
    2.8352611549445346,
    2.8352611549445346,
    2.8352611549445346,
    2.8352611549445346,
    2.8352611549445346,
    2.8352611549445346,
    2.8352611549445346,
    2.8352611549445346,
    2.8352611549445346,
    2.8352611549445346,
    2.8352611549445346,
    2.8352611549445346,
    2.8352611549445346,
    2.8352611549445346,
    2.8352611549445346,
    2.8352611549445346,
    2.8352611549445346,
    2.8352611549445346,
    2.8352611549445346,
    2.8352611549445346,
    2.8352611549445346,
    2.8352611549445346,
    2.8352611549445346,
    2.8352611549445346,
    2.8352611549445346,
    2.8352611549445346,
    2.8352611549445346,
    2.8352611549445346,
    2.8352611549445346,
    2.8352611549445346,
    2.8352611549445346,
    2.8352611549445346,
    2.8352611549445346,
    2.8352611549445346,
    2.8352611549445346,
    2.8352611549445346,
    2.8352611549445346,
    2.8352611549445346,
    2.8352611549445346,
    2.8352611549445346,
    2.8352611549445346,
    2.8352611549445346,
    2.8352611549445346,
    2.8352611549445346,
    2.8352611549445346,
    2.8352611549445346,
    2.8352611549445346,
    2.8352611549445346,
    2.8352611549445346,
    2.8352611549445346,
    2.8352611549445346,
    2.8352611549445346,
    2.8352611549445346,
    2.8352611549445346,
    2.8352611549445346,
    2.8352611549445346,
    2.8352611549445346,
    2.8352611549445346,
    2.8352611549445346,
    2.8352611549445346,
    2.8352611549445346,
    2.8352611549445346,
    2.8352611549445346,
    2.8352611549445346,
    2.8352611549445346,
    2.8352611549445346,
    2.8352611549445346,
    2.8352611549445346,
    2.8352611549445346,
    2.8352611549445346,
    2.8352611549445346,
    2.8352611549445346,
    2.8352611549445346,
    2.8352611549445346,
    2.8352611549445346,
    2.8352611549445346
  ],
  "config": {
    "n_devices": 50,
    "gamma": 5.0,
    "alpha": 0.5,
    "local_epochs": 5,
    "local_lr": 0.01,
    "local_momentum": 0.9,
    "distill_epochs": 1,
    "distill_lr": 0.001,