{
  "experiment": "v10_1_combined",
  "timestamp": "20260409_2304",
  "summaries": {
    "g3_s42": {
      "gamma": 3,
      "final_acc": 0.6096,
      "best_acc": 0.6096,
      "avg_participation": 0.38000000000000006,
      "avg_price": 2.3328813386273954,
      "avg_eps_per_round": 2.8311727206063906,
      "cumulative_payment": 8550.323849519278,
      "avg_privacy_spent": 283.11727206063915,
      "max_privacy_spent": 519.1095278799306,
      "energy_total": 1401494.3422055636,
      "time_to_targets": {
        "0.45": 4,
        "0.5": 7,
        "0.55": 15,
        "0.58": 27,
        "0.6": 47
      },
      "avg_distill_delta": 0.001556,
      "ce_first": 2.711964233012139,
      "ce_last": 0.47047114409977875,
      "seed": 42,
      "elapsed_sec": 4840.776353359222
    },
    "g3_s123": {
      "gamma": 3,
      "final_acc": 0.6121,
      "best_acc": 0.6181,
      "avg_participation": 0.38000000000000006,
      "avg_price": 2.3303293505212617,
      "avg_eps_per_round": 2.7175805756089524,
      "cumulative_payment": 8863.078840396336,
      "avg_privacy_spent": 271.7580575608953,
      "max_privacy_spent": 502.9457621851534,
      "energy_total": 2386626.0445835995,
      "time_to_targets": {
        "0.45": 4,
        "0.5": 8,
        "0.55": 14,
        "0.58": 25,
        "0.6": 34
      },
      "avg_distill_delta": 0.0015719999999999996,
      "ce_first": 2.7132199172732197,
      "ce_last": 0.47038652625265,
      "seed": 123,
      "elapsed_sec": 4894.1470720767975
    },
    "lm0.5_g3": {
      "gamma": 3,
      "lambda_mult": 0.5,
      "final_acc": 0.6075,
      "best_acc": 0.6092,
      "avg_participation": 0.38000000000000006,
      "avg_price": 2.018311421908302,
      "avg_eps_per_round": 3.571572996833627,
      "cumulative_payment": 7083.247735043395,
      "avg_privacy_spent": 357.15729968336257,
      "max_privacy_spent": 649.8508567472081,
      "energy_total": 1401494.3422055636,
      "time_to_targets": {
        "0.45": 4,
        "0.5": 8,
        "0.55": 15,
        "0.58": 27,
        "0.6": 52
      },
      "elapsed_sec": 4776.418982505798
    },
    "g3_s456": {
      "gamma": 3,
      "seed": 456,
      "lambda_mult": 1.0,
      "final_acc": 0.609,
      "best_acc": 0.609,
      "avg_participation": 0.38000000000000006,
      "avg_price": 2.345800778414691,
      "avg_eps_per_round": 2.768385082174799,
      "cumulative_payment": 8798.812237409697,
      "avg_privacy_spent": 276.8385082174798,
      "max_privacy_spent": 509.64716946391627,
      "energy_total": 2451716.9690390746,
      "time_to_targets": {
        "0.45": 3,
        "0.5": 8,
        "0.55": 15,
        "0.58": 26,
        "0.6": 71
      },
      "avg_distill_delta": 0.0015449999999999997,
      "elapsed_sec": 4687.134464979172
    },
    "g5_s42": {
      "gamma": 5,
      "seed": 42,
      "lambda_mult": 1.0,
      "final_acc": 0.6052,
      "best_acc": 0.6124,
      "avg_participation": 0.8199999999999998,
      "avg_price": 3.3373437746861145,
      "avg_eps_per_round": 2.7792384981356686,
      "cumulative_payment": 30635.97521400297,
      "avg_privacy_spent": 277.92384981356685,
      "max_privacy_spent": 739.4161011510307,
      "energy_total": 3730067.936103778,
      "time_to_targets": {
        "0.45": 4,
        "0.5": 10,
        "0.55": 16,
        "0.58": 25,
        "0.6": 51
      },
      "avg_distill_delta": 0.0016079999999999994,
      "elapsed_sec": 9112.398907899857
    },
    "lm1.0_g5": {
      "gamma": 5,
      "seed": 42,
      "lambda_mult": 1.0,
      "final_acc": 0.6052,
      "best_acc": 0.6124,
      "avg_participation": 0.8199999999999998,
      "avg_price": 3.3373437746861145,
      "avg_eps_per_round": 2.7792384981356686,
      "cumulative_payment": 30635.97521400297,
      "avg_privacy_spent": 277.92384981356685,
      "max_privacy_spent": 739.4161011510307,
      "energy_total": 3730067.936103778,
      "time_to_targets": {
        "0.45": 4,
        "0.5": 10,
        "0.55": 16,
        "0.58": 25,
        "0.6": 51
      },
      "avg_distill_delta": 0.0016079999999999994,
      "elapsed_sec": 9112.398907899857
    },
    "g5_s123": {
      "gamma": 5,
      "seed": 123,
      "lambda_mult": 1.0,
      "final_acc": 0.6088,
      "best_acc": 0.6188,
      "avg_participation": 0.7600000000000001,
      "avg_price": 3.2672887523767504,
      "avg_eps_per_round": 2.835261154944534,
      "cumulative_payment": 27911.48782385616,
      "avg_privacy_spent": 283.5261154944535,
      "max_privacy_spent": 706.4454937661927,
      "energy_total": 4723415.56766204,
      "time_to_targets": {
        "0.45": 4,
        "0.5": 8,
        "0.55": 15,
        "0.58": 21,
        "0.6": 36
      },
      "avg_distill_delta": 0.001542,
      "elapsed_sec": 8603.23111653328
    },
    "g5_s456": {
      "gamma": 5,
      "seed": 456,
      "lambda_mult": 1.0,
      "final_acc": 0.6101,
      "best_acc": 0.6117,
      "avg_participation": 0.7999999999999998,
      "avg_price": 3.4639974243334364,
      "avg_eps_per_round": 2.9012010767985794,
      "cumulative_payment": 31987.11465073457,
      "avg_privacy_spent": 290.12010767985777,
      "max_privacy_spent": 745.1000792670026,
      "energy_total": 3771927.765503793,
      "time_to_targets": {
        "0.45": 3,
        "0.5": 9,
        "0.55": 15,
        "0.58": 26,
        "0.6": 48
      },
      "avg_distill_delta": 0.0015559999999999997,
      "elapsed_sec": 8925.640558958054
    },
    "g7_s42": {
      "gamma": 7,
      "seed": 42,
      "lambda_mult": 1.0,
      "final_acc": 0.5991,
      "best_acc": 0.6102,
      "avg_participation": 0.86,
      "avg_price": 3.544635162726254,
      "avg_eps_per_round": 2.874859029179341,
      "cumulative_payment": 35251.886757034335,
      "avg_privacy_spent": 287.48590291793437,
      "max_privacy_spent": 776.7007665978206,
      "energy_total": 3951558.86203018,
      "time_to_targets": {
        "0.45": 4,
        "0.5": 8,
        "0.55": 16,
        "0.58": 31,
        "0.6": 58
      },
      "avg_distill_delta": 0.0015469999999999995,
      "elapsed_sec": 9525.963499546051
    },
    "lm1.0_g7": {
      "gamma": 7,
      "seed": 42,
      "lambda_mult": 1.0,
      "final_acc": 0.5991,
      "best_acc": 0.6102,
      "avg_participation": 0.86,
      "avg_price": 3.544635162726254,
      "avg_eps_per_round": 2.874859029179341,
      "cumulative_payment": 35251.886757034335,
      "avg_privacy_spent": 287.48590291793437,
      "max_privacy_spent": 776.7007665978206,
      "energy_total": 3951558.86203018,
      "time_to_targets": {
        "0.45": 4,
        "0.5": 8,
        "0.55": 16,
        "0.58": 31,
        "0.6": 58
      },
      "avg_distill_delta": 0.0015469999999999995,
      "elapsed_sec": 9525.963499546051
    },
    "g7_s123": {
      "gamma": 7,
      "seed": 123,
      "lambda_mult": 1.0,
      "final_acc": 0.6183,
      "best_acc": 0.6192,
      "avg_participation": 0.9800000000000004,
      "avg_price": 4.108531754989345,
      "avg_eps_per_round": 2.9733463689889357,
      "cumulative_payment": 49780.269645751294,
      "avg_privacy_spent": 297.3346368988937,
      "max_privacy_spent": 846.6324189515979,
      "energy_total": 6107442.590562727,
      "time_to_targets": {
        "0.45": 3,
        "0.5": 7,
        "0.55": 13,
        "0.58": 22,
        "0.6": 33
      },
      "avg_distill_delta": 0.0016369999999999996,
      "elapsed_sec": 10768.60936665535
    },
    "g7_s456": {
      "gamma": 7,
      "seed": 456,
      "lambda_mult": 1.0,
      "final_acc": 0.6091,
      "best_acc": 0.6135,
      "avg_participation": 0.86,
      "avg_price": 3.588911678003689,
      "avg_eps_per_round": 2.8590314062908093,
      "cumulative_payment": 36614.02644186018,
      "avg_privacy_spent": 285.90314062908107,
      "max_privacy_spent": 766.6801040916652,
      "energy_total": 3955915.803409972,
      "time_to_targets": {
        "0.45": 4,
        "0.5": 7,
        "0.55": 15,
        "0.58": 26,